{
 "position": 17,
 "sequence_aa": "E",
 "substrate_file": "/home/dbrayjr5/esm2-osc/esm2_substrate_facebook_esm2_t33_650M_UR50D/substrate.npz",
 "n_sublayers": 62,
 "n_units": 1280,
 "validity_floor": {
  "quantile": 0.1,
  "absolute_value": 2.7328476905822754,
  "n_valid_cells": 71424,
  "n_total_cells": 79360,
  "fraction_valid": 0.9
 },
 "depth_profiles": {
  "amp_modulation_mean": [
   1.1439998149871826,
   1.1078460216522217,
   1.1209371089935303,
   1.0870822668075562,
   1.098397970199585,
   1.0766130685806274,
   1.0991508960723877,
   1.094753623008728,
   1.1090104579925537,
   1.0860645771026611,
   1.0871957540512085,
   1.0700536966323853,
   1.0819807052612305,
   1.0686155557632446,
   1.121989369392395,
   1.1077191829681396,
   1.1375844478607178,
   1.1631935834884644,
   1.148441195487976,
   1.1476080417633057,
   1.1328706741333008,
   1.0984662771224976,
   1.1170734167099,
   1.1167579889297485,
   1.0740289688110352,
   1.0626435279846191,
   1.0859578847885132,
   1.0706658363342285,
   1.0472142696380615,
   1.0440189838409424,
   1.0014374256134033,
   0.9873321652412415,
   0.9902922511100769,
   0.9626176953315735,
   1.010886788368225,
   1.0586397647857666,
   1.0441213846206665,
   1.0568805932998657,
   1.11403489112854,
   1.2230069637298584,
   1.1541842222213745,
   1.0644094944000244,
   1.1093218326568604,
   1.1203256845474243,
   1.1068388223648071,
   1.0642448663711548,
   1.0700271129608154,
   1.0670082569122314,
   1.0504196882247925,
   1.057262659072876,
   1.0795104503631592,
   1.174133539199829,
   1.1374530792236328,
   1.117382287979126,
   1.0941441059112549,
   1.124492883682251,
   1.166176676750183,
   1.1652259826660156,
   1.1717722415924072,
   1.151031732559204,
   1.130875587463379,
   1.1415446996688843
  ],
  "amp_modulation_mean_valid_only": [
   1.1439998149871826,
   1.1078460216522217,
   1.1209371089935303,
   1.0870822668075562,
   1.098397970199585,
   1.0770690441131592,
   1.0991508960723877,
   1.0849735736846924,
   1.0959317684173584,
   1.0142983198165894,
   1.0424669981002808,
   1.018452525138855,
   1.0223588943481445,
   0.9818968176841736,
   1.0589438676834106,
   1.0490524768829346,
   1.10055673122406,
   1.1079649925231934,
   1.1226234436035156,
   1.135890007019043,
   1.130409836769104,
   1.0937376022338867,
   1.1170734167099,
   1.1167579889297485,
   1.0740289688110352,
   1.0626435279846191,
   1.0859578847885132,
   1.0706658363342285,
   1.0472142696380615,
   1.0440189838409424,
   1.0014374256134033,
   0.9873321652412415,
   0.9902922511100769,
   0.9626176953315735,
   1.010886788368225,
   1.0586397647857666,
   1.0441213846206665,
   1.0568805932998657,
   1.11403489112854,
   1.2230069637298584,
   1.1541842222213745,
   1.0644094944000244,
   1.1093218326568604,
   1.1203256845474243,
   1.1068388223648071,
   1.0642448663711548,
   1.0700271129608154,
   1.0670082569122314,
   1.0504196882247925,
   1.057262659072876,
   1.0795104503631592,
   1.174133539199829,
   1.1374530792236328,
   1.117382287979126,
   1.0941441059112549,
   1.124492883682251,
   1.166176676750183,
   1.1652259826660156,
   1.1717722415924072,
   1.151031732559204,
   1.130875587463379,
   1.1415446996688843
  ],
  "phase_consistency_across_units": [
   0.009866434149444103,
   0.008132322691380978,
   0.014511741697788239,
   0.01578781008720398,
   0.00432708440348506,
   0.025994272902607918,
   0.008386748842895031,
   0.02846071869134903,
   0.012587170116603374,
   0.016651326790452003,
   0.016257809475064278,
   0.019419416785240173,
   0.027095722034573555,
   0.030955897644162178,
   0.024854743853211403,
   0.014601113274693489,
   0.02359212189912796,
   0.0096750408411026,
   0.014720776118338108,
   0.010280003771185875,
   0.018571024760603905,
   0.03056301176548004,
   0.030136924237012863,
   0.02130924165248871,
   0.02124861255288124,
   0.01074208877980709,
   0.013384461402893066,
   0.012141385115683079,
   0.021155593916773796,
   0.014556584879755974,
   0.014427597634494305,
   0.01143704168498516,
   0.01280980184674263,
   0.010336114093661308,
   0.004243595525622368,
   0.007263106759637594,
   0.01511482335627079,
   0.011634860187768936,
   0.01080571860074997,
   0.03051103465259075,
   0.02379590831696987,
   0.028023330494761467,
   0.022064531221985817,
   0.010155517607927322,
   0.008261410519480705,
   0.010440664365887642,
   0.011250056326389313,
   0.014523622579872608,
   0.012050321325659752,
   0.005118765868246555,
   0.01189184095710516,
   0.011569779366254807,
   0.0021159148309379816,
   0.005059137009084225,
   0.02367389388382435,
   0.012513384222984314,
   0.025280646979808807,
   0.01818268746137619,
   0.012917217798531055,
   0.010455780662596226,
   0.007902299985289574,
   0.013354631140828133
  ],
  "freq_mean": [
   0.1847505271434784,
   0.03175124526023865,
   0.16921821236610413,
   0.03557319566607475,
   0.13898977637290955,
   0.048897068947553635,
   0.16512486338615417,
   0.08764006942510605,
   0.1560513973236084,
   0.07072999328374863,
   0.14679212868213654,
   0.0857655256986618,
   0.12491490691900253,
   0.0866766944527626,
   0.1945900171995163,
   0.11402513831853867,
   0.23590242862701416,
   0.15201281011104584,
   0.25951090455055237,
   0.15841074287891388,
   0.24696698784828186,
   0.12041725963354111,
   0.28372547030448914,
   0.17931349575519562,
   0.22163839638233185,
   0.15216533839702606,
   0.2378428876399994,
   0.17908510565757751,
   0.20917372405529022,
   0.19004635512828827,
   0.2171187698841095,
   0.19211865961551666,
   0.1711026281118393,
   0.12879851460456848,
   0.22109954059123993,
   0.1724604070186615,
   0.21596381068229675,
   0.2015421837568283,
   0.3122203052043915,
   0.34954196214675903,
   0.18563728034496307,
   0.20453575253486633,
   0.2614003121852875,
   0.2603265047073364,
   0.2118726670742035,
   0.17829301953315735,
   0.20515306293964386,
   0.1845756322145462,
   0.21063999831676483,
   0.14754709601402283,
   0.29332369565963745,
   0.28192010521888733,
   0.2290383279323578,
   0.22899691760540009,
   0.2537812292575836,
   0.2572840750217438,
   0.34411051869392395,
   0.26945656538009644,
   0.38632145524024963,
   0.18886466324329376,
   0.5473188161849976
  ],
  "freq_deviation_abs_mean": [
   0.3912898004055023,
   0.26172447204589844,
   0.282897412776947,
   0.27741074562072754,
   0.27566781640052795,
   0.2823929786682129,
   0.2604457139968872,
   0.2688888907432556,
   0.2617155909538269,
   0.2900976538658142,
   0.24529078602790833,
   0.26263803243637085,
   0.2530173361301422,
   0.31730595231056213,
   0.3448810577392578,
   0.37005001306533813,
   0.3514746129512787,
   0.43421536684036255,
   0.3700002133846283,
   0.4245329797267914,
   0.3588739037513733,
   0.4280491769313812,
   0.3978872001171112,
   0.40429386496543884,
   0.35399341583251953,
   0.3976214528083801,
   0.38127049803733826,
   0.3680916428565979,
   0.34550002217292786,
   0.3624742031097412,
   0.3669061064720154,
   0.3664095103740692,
   0.3177928030490875,
   0.35790300369262695,
   0.3557794690132141,
   0.3845638334751129,
   0.3496280908584595,
   0.3996925950050354,
   0.4567461907863617,
   0.4476892948150635,
   0.386057049036026,
   0.3645870089530945,
   0.3864482045173645,
   0.3684777319431305,
   0.3571012020111084,
   0.37684810161590576,
   0.38931816816329956,
   0.38074278831481934,
   0.34662407636642456,
   0.3939804136753082,
   0.3936510384082794,
   0.4097881317138672,
   0.39606165885925293,
   0.4390658438205719,
   0.4497257173061371,
   0.44870051741600037,
   0.41590309143066406,
   0.4745659828186035,
   0.4486047625541687,
   0.5081623792648315,
   0.49966758489608765
  ],