{
 "position": 72,
 "sequence_aa": "L",
 "substrate_file": "/home/dbrayjr5/esm2-osc/esm2_substrate_facebook_esm2_t33_650M_UR50D/substrate.npz",
 "n_sublayers": 62,
 "n_units": 1280,
 "validity_floor": {
  "quantile": 0.1,
  "absolute_value": 2.7328476905822754,
  "n_valid_cells": 71424,
  "n_total_cells": 79360,
  "fraction_valid": 0.9
 },
 "depth_profiles": {
  "amp_modulation_mean": [
   1.1138579845428467,
   1.1119965314865112,
   1.0998789072036743,
   1.099125623703003,
   1.0929356813430786,
   1.095198631286621,
   1.096425175666809,
   1.1003860235214233,
   1.0942615270614624,
   1.084960699081421,
   1.0885158777236938,
   1.0882574319839478,
   1.0877912044525146,
   1.0849312543869019,
   1.1081092357635498,
   1.0977399349212646,
   1.1011829376220703,
   1.0963329076766968,
   1.1090511083602905,
   1.1084449291229248,
   1.1373802423477173,
   1.1170568466186523,
   1.178222417831421,
   1.2096226215362549,
   1.1558517217636108,
   1.1055933237075806,
   1.1023266315460205,
   1.0946245193481445,
   1.0986158847808838,
   1.1000075340270996,
   1.0706465244293213,
   1.069739580154419,
   1.019416093826294,
   0.9834960103034973,
   0.9966188669204712,
   1.004701852798462,
   1.0477573871612549,
   1.0554193258285522,
   1.0691964626312256,
   1.1109914779663086,
   1.085081934928894,
   1.080010175704956,
   1.0828397274017334,
   1.0947091579437256,
   1.1104596853256226,
   1.1055867671966553,
   1.0965337753295898,
   1.1168265342712402,
   1.1012895107269287,
   1.0887101888656616,
   1.1073654890060425,
   1.16062331199646,
   1.147126317024231,
   1.1383535861968994,
   1.1601957082748413,
   1.1643041372299194,
   1.139431357383728,
   1.1215622425079346,
   1.1295292377471924,
   1.1178481578826904,
   1.1577457189559937,
   1.1370776891708374
  ],
  "amp_modulation_mean_valid_only": [
   1.1138579845428467,
   1.1119965314865112,
   1.0998789072036743,
   1.099125623703003,
   1.0929356813430786,
   1.0958187580108643,
   1.096425175666809,
   1.0740529298782349,
   1.0816614627838135,
   1.0268601179122925,
   1.0275520086288452,
   1.0408945083618164,
   1.0342720746994019,
   1.02599036693573,
   1.086671233177185,
   1.087536096572876,
   1.06362783908844,
   1.074867606163025,
   1.0890971422195435,
   1.084865689277649,
   1.1342250108718872,
   1.108522653579712,
   1.178222417831421,
   1.2096226215362549,
   1.1558517217636108,
   1.1055933237075806,
   1.1023266315460205,
   1.0946245193481445,
   1.0986158847808838,
   1.1000075340270996,
   1.0706465244293213,
   1.069739580154419,
   1.019416093826294,
   0.9834960103034973,
   0.9966188669204712,
   1.004701852798462,
   1.0477573871612549,
   1.0554193258285522,
   1.0691964626312256,
   1.1109914779663086,
   1.085081934928894,
   1.080010175704956,
   1.0828397274017334,
   1.0947091579437256,
   1.1104596853256226,
   1.1055867671966553,
   1.0965337753295898,
   1.1168265342712402,
   1.1012895107269287,
   1.0887101888656616,
   1.1073654890060425,
   1.16062331199646,
   1.147126317024231,
   1.1383535861968994,
   1.1601957082748413,
   1.1643041372299194,
   1.139431357383728,
   1.1215622425079346,
   1.1295292377471924,
   1.1178481578826904,
   1.1577457189559937,
   1.1370776891708374
  ],
  "phase_consistency_across_units": [
   0.02167757973074913,
   0.012426385655999184,
   0.015662329271435738,
   0.018116772174835205,
   0.025732161477208138,
   0.03739119693636894,
   0.027630986645817757,
   0.03088563308119774,
   0.03147761523723602,
   0.024059828370809555,
   0.032829202711582184,
   0.030765051022171974,
   0.03973677009344101,
   0.026781028136610985,
   0.04239143058657646,
   0.01726638525724411,
   0.027035852894186974,
   0.0232843104749918,
   0.026399340480566025,
   0.02958882786333561,
   0.03145122155547142,
   0.04085196554660797,
   0.024563921615481377,
   0.021048517897725105,
   0.02965099923312664,
   0.03157348185777664,
   0.02361961267888546,
   0.016892973333597183,
   0.030307412147521973,
   0.01819656789302826,
   0.012868775054812431,
   0.01197837758809328,
   0.01857002079486847,
   0.015471196733415127,
   0.006878179498016834,
   0.01977471075952053,
   0.028525294736027718,
   0.020049192011356354,
   0.029455410316586494,
   0.02222123183310032,
   0.019263897091150284,
   0.018619824200868607,
   0.017675096169114113,
   0.020944897085428238,
   0.019197294488549232,
   0.008859590627253056,
   0.01005230937153101,
   0.009984821081161499,
   0.023391608148813248,
   0.006784060969948769,
   0.014884951524436474,
   0.013009066693484783,
   0.003996285609900951,
   0.01084187626838684,
   0.016296835616230965,
   0.027971401810646057,
   0.02345282956957817,
   0.012034996412694454,
   0.011968272738158703,
   0.0183592289686203,
   0.011964784003794193,
   0.02518659271299839
  ],
  "freq_mean": [
   0.14484438300132751,
   0.030915211886167526,
   0.1320093870162964,
   0.0831437036395073,
   0.1137479692697525,
   0.08889597654342651,
   0.14127574861049652,
   0.0782594308257103,
   0.09367762506008148,
   0.08896423876285553,
   0.13277430832386017,
   0.08822353184223175,
   0.09425193816423416,
   0.11304352432489395,
   0.17242801189422607,
   0.1188112124800682,
   0.15461865067481995,
   0.1331326961517334,
   0.20099183917045593,
   0.10956847667694092,
   0.1984984427690506,
   0.11005544662475586,
   0.30602604150772095,
   0.19780805706977844,
   0.24484074115753174,
   0.1617325097322464,
   0.21318881213665009,
   0.1868767887353897,
   0.2248893529176712,
   0.18293599784374237,
   0.2557773292064667,
   0.20444205403327942,
   0.1614265888929367,
   0.17469000816345215,
   0.17768822610378265,
   0.18460731208324432,
   0.23226308822631836,
   0.21902525424957275,
   0.27575480937957764,
   0.27524012327194214,
   0.21753951907157898,
   0.21707391738891602,
   0.21321077644824982,
   0.2563108205795288,
   0.24164195358753204,
   0.2203737050294876,
   0.2204626351594925,
   0.223847433924675,
   0.22344942390918732,
   0.18393829464912415,
   0.26742473244667053,
   0.26267150044441223,
   0.2331523895263672,
   0.24363207817077637,
   0.2844393849372864,
   0.23568043112754822,
   0.24444465339183807,
   0.23202316462993622,
   0.3315970003604889,
   0.20722787082195282,
   0.6027052998542786
  ],
  "freq_deviation_abs_mean": [
   0.37396687269210815,
   0.2534871995449066,
   0.2645062804222107,
   0.24147124588489532,
   0.22461390495300293,
   0.23784589767456055,
   0.2393922507762909,
   0.2537928521633148,
   0.2565089762210846,
   0.2579692304134369,
   0.24022510647773743,
   0.259041965007782,
   0.2558165192604065,
   0.2821168899536133,
   0.31550875306129456,
   0.3259330689907074,
   0.2789967358112335,
   0.3191944658756256,
   0.3378984332084656,
   0.36439359188079834,
   0.3382221758365631,
   0.3712911605834961,
   0.3812139928340912,
   0.44161051511764526,
   0.3573402762413025,
   0.3545915484428406,
   0.3614066243171692,
   0.3814685344696045,
   0.36472195386886597,
   0.37205970287323,
   0.3441503345966339,
   0.36260080337524414,
   0.3540630638599396,
   0.33152055740356445,
   0.3573530614376068,
   0.40258175134658813,
   0.41221922636032104,
   0.40585270524024963,
   0.4048317074775696,
   0.39268434047698975,
   0.39391714334487915,
   0.3973187804222107,
   0.41200941801071167,
   0.3902129828929901,
   0.3770985007286072,
   0.3729894161224365,
   0.3630139231681824,
   0.36147937178611755,
   0.3721374571323395,
   0.4063207507133484,
   0.4134894907474518,
   0.4100888669490814,
   0.39363425970077515,
   0.40803074836730957,
   0.40145358443260193,
   0.406533807516098,
   0.3935249447822571,
   0.4199201464653015,
   0.427097886800766,
   0.5013836026191711,
   0.4388953149318695
  ],