{
 "position": 61,
 "sequence_aa": "Q",
 "substrate_file": "/home/dbrayjr5/esm2-osc/esm2_substrate_facebook_esm2_t33_650M_UR50D/substrate.npz",
 "n_sublayers": 62,
 "n_units": 1280,
 "validity_floor": {
  "quantile": 0.1,
  "absolute_value": 2.7328476905822754,
  "n_valid_cells": 71424,
  "n_total_cells": 79360,
  "fraction_valid": 0.9
 },
 "depth_profiles": {
  "amp_modulation_mean": [
   1.121565580368042,
   1.1013212203979492,
   1.1223770380020142,
   1.100954294204712,
   1.113893747329712,
   1.1031100749969482,
   1.1156200170516968,
   1.1077687740325928,
   1.1143276691436768,
   1.116250991821289,
   1.1154539585113525,
   1.113124132156372,
   1.1209272146224976,
   1.1227288246154785,
   1.1649307012557983,
   1.156312346458435,
   1.1604970693588257,
   1.1552989482879639,
   1.1381556987762451,
   1.1578783988952637,
   1.1834934949874878,
   1.1490497589111328,
   1.216910719871521,
   1.2313787937164307,
   1.1848453283309937,
   1.1480146646499634,
   1.1711552143096924,
   1.1407947540283203,
   1.1574078798294067,
   1.1445213556289673,
   1.1265935897827148,
   1.125523328781128,
   1.0716702938079834,
   1.014988899230957,
   1.058092713356018,
   1.0668503046035767,
   1.054297685623169,
   1.0209190845489502,
   1.0968973636627197,
   1.1591030359268188,
   1.117070198059082,
   1.1301538944244385,
   1.1508053541183472,
   1.1561698913574219,
   1.1056764125823975,
   1.0915038585662842,
   1.1030805110931396,
   1.1137603521347046,
   1.1072428226470947,
   1.096091866493225,
   1.1170400381088257,
   1.1421728134155273,
   1.1101869344711304,
   1.1388391256332397,
   1.0915734767913818,
   1.1138207912445068,
   1.1182533502578735,
   1.1137347221374512,
   1.1054613590240479,
   1.1339385509490967,
   1.1069481372833252,
   1.1004453897476196
  ],
  "amp_modulation_mean_valid_only": [
   1.121565580368042,
   1.1013212203979492,
   1.1223770380020142,
   1.100954294204712,
   1.113893747329712,
   1.103672981262207,
   1.1156200170516968,
   1.0929139852523804,
   1.0989396572113037,
   1.069549560546875,
   1.0558176040649414,
   1.0700063705444336,
   1.0585932731628418,
   1.1050832271575928,
   1.0992848873138428,
   1.1054421663284302,
   1.1157788038253784,
   1.1103090047836304,
   1.1230422258377075,
   1.1276907920837402,
   1.1786608695983887,
   1.1456034183502197,
   1.216910719871521,
   1.2313787937164307,
   1.1848453283309937,
   1.1480146646499634,
   1.1711552143096924,
   1.1407947540283203,
   1.1574078798294067,
   1.1445213556289673,
   1.1265935897827148,
   1.125523328781128,
   1.0716702938079834,
   1.014988899230957,
   1.058092713356018,
   1.0668503046035767,
   1.054297685623169,
   1.0209190845489502,
   1.0968973636627197,
   1.1591030359268188,
   1.117070198059082,
   1.1301538944244385,
   1.1508053541183472,
   1.1561698913574219,
   1.1056764125823975,
   1.0915038585662842,
   1.1030805110931396,
   1.1137603521347046,
   1.1072428226470947,
   1.096091866493225,
   1.1170400381088257,
   1.1421728134155273,
   1.1101869344711304,
   1.1388391256332397,
   1.0915734767913818,
   1.1138207912445068,
   1.1182533502578735,
   1.1137347221374512,
   1.1054613590240479,
   1.1339385509490967,
   1.1069481372833252,
   1.1004453897476196
  ],
  "phase_consistency_across_units": [
   0.01992124877870083,
   0.01020915899425745,
   0.03285512328147888,
   0.030168399214744568,
   0.020167328417301178,
   0.0353265181183815,
   0.025883564725518227,
   0.04273083806037903,
   0.023365158587694168,
   0.028757721185684204,
   0.016039686277508736,
   0.026767484843730927,
   0.024107225239276886,
   0.021181371062994003,
   0.018199441954493523,
   0.012852629646658897,
   0.016414586454629898,
   0.008940565399825573,
   0.00661912327632308,
   0.00635360786691308,
   0.012431004084646702,
   0.023120548576116562,
   0.005427737254649401,
   0.0173668023198843,
   0.01299937441945076,
   0.006535541731864214,
   0.0030950717628002167,
   0.017589421942830086,
   0.016542134806513786,
   0.009683787822723389,
   0.00817945133894682,
   0.007543730083853006,
   0.0217299647629261,
   0.021562620997428894,
   0.016840221360325813,
   0.007926959544420242,
   0.0093303257599473,
   0.00881417840719223,
   0.01185330469161272,
   0.010942080058157444,
   0.0066039543598890305,
   0.012454654090106487,
   0.009408845566213131,
   0.0031728458125144243,
   0.013416929170489311,
   0.018091358244419098,
   0.02987254038453102,
   0.023139486089348793,
   0.014029566198587418,
   0.018493421375751495,
   0.008590145967900753,
   0.013033496215939522,
   0.014997979626059532,
   0.0052775428630411625,
   0.014822151511907578,
   0.011245871894061565,
   0.019724497571587563,
   0.00389496679417789,
   0.0070579987950623035,
   0.01836749166250229,
   0.01910826377570629,
   0.0028666905127465725
  ],
  "freq_mean": [
   0.17324510216712952,
   0.03944896161556244,
   0.18260720372200012,
   0.053197503089904785,
   0.15957196056842804,
   0.08655134588479996,
   0.13771958649158478,
   0.06342513114213943,
   0.1364852637052536,
   0.07923482358455658,
   0.13488957285881042,
   0.08696199953556061,
   0.11330356448888779,
   0.11419347673654556,
   0.209285169839859,
   0.11115875095129013,
   0.1975477635860443,
   0.1324855387210846,
   0.15349999070167542,
   0.15781162679195404,
   0.1726871132850647,
   0.1099221333861351,
   0.2885676622390747,
   0.21164564788341522,
   0.19767725467681885,
   0.17336858808994293,
   0.228471040725708,
   0.19681312143802643,
   0.24070695042610168,
   0.1733640730381012,
   0.228147953748703,
   0.21499943733215332,
   0.15331019461154938,
   0.16873392462730408,
   0.23024985194206238,
   0.19852206110954285,
   0.17608368396759033,
   0.1805533468723297,
   0.2856927514076233,
   0.22612974047660828,
   0.20443396270275116,
   0.2107885330915451,
   0.25733262300491333,
   0.24486839771270752,
   0.18168631196022034,
   0.1919957846403122,
   0.22553987801074982,
   0.22707505524158478,
   0.20075443387031555,
   0.21019187569618225,
   0.2647111713886261,
   0.23253314197063446,
   0.2722344696521759,
   0.20141157507896423,
   0.2524624466896057,
   0.2653771638870239,
   0.305248886346817,
   0.24015574157238007,
   0.38615846633911133,
   0.20858259499073029,
   0.5373554229736328
  ],
  "freq_deviation_abs_mean": [
   0.4191378653049469,
   0.27639761567115784,
   0.3023197650909424,
   0.28423333168029785,
   0.27299633622169495,
   0.27310511469841003,
   0.26986080408096313,
   0.27243930101394653,
   0.2382175177335739,
   0.2568964958190918,
   0.22800187766551971,
   0.2663039565086365,
   0.2576621174812317,
   0.3034234642982483,
   0.3386583924293518,
   0.34968701004981995,
   0.2850950360298157,
   0.333099901676178,
   0.3392828404903412,
   0.3550165593624115,
   0.3416621685028076,
   0.36572542786598206,
   0.36522895097732544,
   0.39765962958335876,
   0.3705042898654938,
   0.38457241654396057,
   0.378584623336792,
   0.3690769672393799,
   0.3736308217048645,
   0.3864542841911316,
   0.3823036253452301,
   0.373218834400177,
   0.3414907455444336,
   0.3460928797721863,
   0.37338554859161377,
   0.38304662704467773,
   0.34993404150009155,
   0.3676111698150635,
   0.38215768337249756,
   0.3657827377319336,
   0.3597284257411957,
   0.37772250175476074,
   0.3934047520160675,
   0.36869016289711,
   0.3580924868583679,
   0.35126909613609314,
   0.35869675874710083,
   0.36190956830978394,
   0.3685484230518341,
   0.3820267915725708,
   0.4185851514339447,
   0.39820390939712524,
   0.3871189057826996,
   0.4494141638278961,
   0.4344536364078522,
   0.4526139199733734,
   0.45958107709884644,
   0.513156533241272,
   0.46268147230148315,
   0.5182769894599915,
   0.5118010640144348
  ],