{
 "position": 1,
 "sequence_aa": "Q",
 "substrate_file": "/home/dbrayjr5/esm2-osc/esm2_substrate_facebook_esm2_t33_650M_UR50D/substrate.npz",
 "n_sublayers": 62,
 "n_units": 1280,
 "validity_floor": {
  "quantile": 0.1,
  "absolute_value": 2.7328476905822754,
  "n_valid_cells": 71424,
  "n_total_cells": 79360,
  "fraction_valid": 0.9
 },
 "depth_profiles": {
  "amp_modulation_mean": [
   1.1992162466049194,
   1.1668806076049805,
   1.1768511533737183,
   1.1442883014678955,
   1.1591784954071045,
   1.1371358633041382,
   1.1476829051971436,
   1.1319949626922607,
   1.1481201648712158,
   1.1310293674468994,
   1.1293920278549194,
   1.117863416671753,
   1.1297177076339722,
   1.119897484779358,
   1.1413838863372803,
   1.143052339553833,
   1.1220048666000366,
   1.1281535625457764,
   1.132876992225647,
   1.1521294116973877,
   1.1858497858047485,
   1.1884429454803467,
   1.2532951831817627,
   1.2984340190887451,
   1.1840946674346924,
   1.1809561252593994,
   1.1370103359222412,
   1.06073796749115,
   1.0696964263916016,
   1.0395642518997192,
   1.0858961343765259,
   1.0742199420928955,
   1.0505136251449585,
   1.0240733623504639,
   1.0850740671157837,
   1.1168463230133057,
   1.0852506160736084,
   1.0536630153656006,
   1.0475804805755615,
   1.0323002338409424,
   1.024163007736206,
   1.019472599029541,
   1.0056097507476807,
   1.020999789237976,
   1.0493409633636475,
   1.0663409233093262,
   1.0411533117294312,
   1.0602041482925415,
   1.0742987394332886,
   1.0920997858047485,
   1.116811752319336,
   1.09878408908844,
   1.0722289085388184,
   1.078329086303711,
   1.1044403314590454,
   1.1346715688705444,
   1.157009482383728,
   1.2368395328521729,
   1.215675711631775,
   1.1864744424819946,
   1.1810559034347534,
   1.1836801767349243
  ],
  "amp_modulation_mean_valid_only": [
   1.1992162466049194,
   1.1668806076049805,
   1.1768511533737183,
   1.1442883014678955,
   1.1591784954071045,
   1.1379880905151367,
   1.1476829051971436,
   1.1286542415618896,
   1.1494379043579102,
   1.106540560722351,
   1.1308709383010864,
   1.097682237625122,
   1.109133005142212,
   1.084618330001831,
   1.1374632120132446,
   1.1197686195373535,
   1.0986783504486084,
   1.1110503673553467,
   1.13267982006073,
   1.1418613195419312,
   1.1873157024383545,
   1.1820615530014038,
   1.2532951831817627,
   1.2984340190887451,
   1.1840946674346924,
   1.1809561252593994,
   1.1370103359222412,
   1.06073796749115,
   1.0696964263916016,
   1.0395642518997192,
   1.0858961343765259,
   1.0742199420928955,
   1.0505136251449585,
   1.0240733623504639,
   1.0850740671157837,
   1.1168463230133057,
   1.0852506160736084,
   1.0536630153656006,
   1.0475804805755615,
   1.0323002338409424,
   1.024163007736206,
   1.019472599029541,
   1.0056097507476807,
   1.020999789237976,
   1.0493409633636475,
   1.0663409233093262,
   1.0411533117294312,
   1.0602041482925415,
   1.0742987394332886,
   1.0920997858047485,
   1.116811752319336,
   1.09878408908844,
   1.0722289085388184,
   1.078329086303711,
   1.1044403314590454,
   1.1346715688705444,
   1.157009482383728,
   1.2368395328521729,
   1.215675711631775,
   1.1864744424819946,
   1.1810559034347534,
   1.1836801767349243
  ],
  "phase_consistency_across_units": [
   0.009268070571124554,
   0.0036429755855351686,
   0.008083246648311615,
   0.012941250577569008,
   0.013976934365928173,
   0.03512326255440712,
   0.022322211414575577,
   0.036496762186288834,
   0.02896209992468357,
   0.025119133293628693,
   0.02124076522886753,
   0.018847351893782616,
   0.026128379628062248,
   0.03209364414215088,
   0.030425097793340683,
   0.022591201588511467,
   0.0335700586438179,
   0.01969422772526741,
   0.03532185032963753,
   0.02765243873000145,
   0.03446875885128975,
   0.03078547865152359,
   0.026904283091425896,
   0.02613595500588417,
   0.028429925441741943,
   0.03151870518922806,
   0.03336099535226822,
   0.02519175037741661,
   0.026977166533470154,
   0.031840600073337555,
   0.01998879946768284,
   0.01856100745499134,
   0.017906934022903442,
   0.022242477163672447,
   0.014373467303812504,
   0.012002967298030853,
   0.01951303705573082,
   0.01236932072788477,
   0.01960556022822857,
   0.019306113943457603,
   0.01091019343584776,
   0.012875505723059177,
   0.002779475413262844,
   0.012146440334618092,
   0.02156057395040989,
   0.011540389619767666,
   0.011071697808802128,
   0.009157569147646427,
   0.008601583540439606,
   0.0031304846052080393,
   0.007326148450374603,
   0.01602582074701786,
   0.015226495452225208,
   0.0012807984603568912,
   0.008745246566832066,
   0.013586965389549732,
   0.008707377128303051,
   0.011209266260266304,
   0.009913562797009945,
   0.00965019129216671,
   0.014684340916574001,
   0.007385249249637127
  ],
  "freq_mean": [
   0.1680959314107895,
   0.03148152679204941,
   0.1437123864889145,
   0.05249998718500137,
   0.12400989234447479,
   0.04863397404551506,
   0.11696617305278778,
   0.05838671326637268,
   0.1351817399263382,
   0.06395374238491058,
   0.12389373779296875,
   0.055566370487213135,
   0.12317633628845215,
   0.07793878763914108,
   0.1812879741191864,
   0.10558980703353882,
   0.13789799809455872,
   0.10318346321582794,
   0.1879809945821762,
   0.11044444888830185,
   0.19184112548828125,
   0.11152434349060059,
   0.3218163549900055,
   0.21870140731334686,
   0.1851639747619629,
   0.22412247955799103,
   0.15855039656162262,
   0.15462008118629456,
   0.15535755455493927,
   0.1829422414302826,
   0.24523624777793884,
   0.18493106961250305,
   0.1697641909122467,
   0.16289804875850677,
   0.2509489059448242,
   0.22991232573986053,
   0.23969581723213196,
   0.1873258501291275,
   0.20824599266052246,
   0.19708773493766785,
   0.2128632813692093,
   0.19195762276649475,
   0.20471623539924622,
   0.21187452971935272,
   0.23751206696033478,
   0.17822329699993134,
   0.17580536007881165,
   0.23041626811027527,
   0.21188083291053772,
   0.232518270611763,
   0.271090030670166,
   0.1976192742586136,
   0.22467127442359924,
   0.17940115928649902,
   0.28599804639816284,
   0.2253057062625885,
   0.3509109616279602,
   0.2949208617210388,
   0.3365649878978729,
   0.19935056567192078,
   0.5310023427009583
  ],
  "freq_deviation_abs_mean": [
   0.3389074206352234,
   0.21753349900245667,
   0.2618187963962555,
   0.24994902312755585,
   0.23559562861919403,
   0.21991045773029327,
   0.22057600319385529,
   0.22991056740283966,
   0.22603778541088104,
   0.2531319558620453,
   0.23589548468589783,
   0.25291332602500916,
   0.22625045478343964,
   0.2647435665130615,
   0.3019108772277832,
   0.3158852159976959,
   0.2808939814567566,
   0.3084455132484436,
   0.3271201550960541,
   0.35373416543006897,
   0.33488407731056213,
   0.389543354511261,
   0.36170873045921326,
   0.3960631489753723,
   0.38614919781684875,
   0.36700308322906494,
   0.3372884690761566,
   0.33393293619155884,
   0.3226240575313568,
   0.34845608472824097,
   0.37155434489250183,
   0.3458167612552643,
   0.33482664823532104,
   0.34112635254859924,
   0.3524099886417389,
   0.37007492780685425,
   0.34773531556129456,
   0.3768775463104248,
   0.3572647273540497,
   0.3578847050666809,
   0.36276280879974365,
   0.3659123182296753,
   0.3690546452999115,
   0.37122783064842224,
   0.3381745517253876,
   0.3314076066017151,
   0.34219080209732056,
   0.3747464716434479,
   0.4001542031764984,
   0.39607515931129456,
   0.3774634897708893,
   0.40532225370407104,
   0.3968832790851593,
   0.4391213357448578,
   0.4240488111972809,
   0.46844482421875,
   0.4488183557987213,
   0.46239417791366577,
   0.39232730865478516,
   0.44198665022850037,
   0.4260815680027008
  ],