{
 "position": 47,
 "sequence_aa": "K",
 "substrate_file": "/home/dbrayjr5/esm2-osc/esm2_substrate_facebook_esm2_t33_650M_UR50D/substrate.npz",
 "n_sublayers": 62,
 "n_units": 1280,
 "validity_floor": {
  "quantile": 0.1,
  "absolute_value": 2.7328476905822754,
  "n_valid_cells": 71424,
  "n_total_cells": 79360,
  "fraction_valid": 0.9
 },
 "depth_profiles": {
  "amp_modulation_mean": [
   1.2034690380096436,
   1.1985797882080078,
   1.197307825088501,
   1.179120421409607,
   1.181091070175171,
   1.1678131818771362,
   1.1676238775253296,
   1.1646991968154907,
   1.1747804880142212,
   1.1741645336151123,
   1.1742379665374756,
   1.1705683469772339,
   1.1793031692504883,
   1.171637773513794,
   1.1892635822296143,
   1.1808695793151855,
   1.1806576251983643,
   1.1840225458145142,
   1.1869254112243652,
   1.1954456567764282,
   1.2144675254821777,
   1.1890783309936523,
   1.283233642578125,
   1.3116216659545898,
   1.2266401052474976,
   1.217972993850708,
   1.197058916091919,
   1.1267591714859009,
   1.1155996322631836,
   1.0814402103424072,
   1.141775131225586,
   1.1357649564743042,
   1.1055775880813599,
   1.0670629739761353,
   1.0352058410644531,
   1.0228418111801147,
   1.0571179389953613,
   1.052560567855835,
   1.1031053066253662,
   1.1560180187225342,
   1.1092665195465088,
   1.1163853406906128,
   1.126927375793457,
   1.1323579549789429,
   1.1354132890701294,
   1.1650691032409668,
   1.139086365699768,
   1.1172685623168945,
   1.139831304550171,
   1.1401288509368896,
   1.1786397695541382,
   1.2874609231948853,
   1.2387157678604126,
   1.2285891771316528,
   1.193840742111206,
   1.1722650527954102,
   1.2158557176589966,
   1.275801420211792,
   1.2322509288787842,
   1.227060317993164,
   1.2509998083114624,
   1.1947373151779175
  ],
  "amp_modulation_mean_valid_only": [
   1.2034690380096436,
   1.1985797882080078,
   1.197307825088501,
   1.179120421409607,
   1.181091070175171,
   1.1653529405593872,
   1.1676238775253296,
   1.1570663452148438,
   1.1706265211105347,
   1.137722134590149,
   1.1581841707229614,
   1.1322438716888428,
   1.1390870809555054,
   1.1483100652694702,
   1.1813278198242188,
   1.1986401081085205,
   1.1539627313613892,
   1.1578928232192993,
   1.1650049686431885,
   1.1662874221801758,
   1.201167106628418,
   1.1849435567855835,
   1.283233642578125,
   1.3116216659545898,
   1.2266401052474976,
   1.217972993850708,
   1.197058916091919,
   1.1267591714859009,
   1.1155996322631836,
   1.0814402103424072,
   1.141775131225586,
   1.1357649564743042,
   1.1055775880813599,
   1.0670629739761353,
   1.0352058410644531,
   1.0228418111801147,
   1.0571179389953613,
   1.052560567855835,
   1.1031053066253662,
   1.1560180187225342,
   1.1092665195465088,
   1.1163853406906128,
   1.126927375793457,
   1.1323579549789429,
   1.1354132890701294,
   1.1650691032409668,
   1.139086365699768,
   1.1172685623168945,
   1.139831304550171,
   1.1401288509368896,
   1.1786397695541382,
   1.2874609231948853,
   1.2387157678604126,
   1.2285891771316528,
   1.193840742111206,
   1.1722650527954102,
   1.2158557176589966,
   1.275801420211792,
   1.2322509288787842,
   1.227060317993164,
   1.2509998083114624,
   1.1947373151779175
  ],
  "phase_consistency_across_units": [
   0.013511274009943008,
   0.023428544402122498,
   0.023458290845155716,
   0.030200347304344177,
   0.018979301676154137,
   0.03355260193347931,
   0.023789003491401672,
   0.03379302844405174,
   0.021537505090236664,
   0.03156570345163345,
   0.026643482968211174,
   0.031305667012929916,
   0.03307795524597168,
   0.02817475236952305,
   0.027525851503014565,
   0.03249184787273407,
   0.02854347787797451,
   0.018397575244307518,
   0.021851763129234314,
   0.02474217489361763,
   0.027015479281544685,
   0.03661028668284416,
   0.028926009312272072,
   0.023050330579280853,
   0.010705731809139252,
   0.004041365813463926,
   0.01782148703932762,
   0.037760794162750244,
   0.029387636110186577,
   0.012229543179273605,
   0.003897612914443016,
   0.006895861588418484,
   0.01651790551841259,
   0.026621701195836067,
   0.022699644789099693,
   0.02227036841213703,
   0.01376764290034771,
   0.01877470873296261,
   0.014496998861432076,
   0.011620503850281239,
   0.016917679458856583,
   0.02013302594423294,
   0.020810682326555252,
   0.01611478626728058,
   0.004493339918553829,
   0.013754289597272873,
   0.026136958971619606,
   0.010828519240021706,
   0.007102032192051411,
   0.014264457859098911,
   0.01250727940350771,
   0.017282206565141678,
   0.0063466280698776245,
   0.00786313321441412,
   0.00862967874854803,
   0.012262368574738503,
   0.006854685954749584,
   0.0028897561132907867,
   0.003448992036283016,
   0.005257024895399809,
   0.005867016036063433,
   0.007095729000866413
  ],
  "freq_mean": [
   0.15565869212150574,
   0.04363489896059036,
   0.14865976572036743,
   0.05879414826631546,
   0.12668177485466003,
   0.06060190871357918,
   0.13583943247795105,
   0.05502401664853096,
   0.13140814006328583,
   0.08756227046251297,
   0.10877642780542374,
   0.08835794776678085,
   0.13985575735569,
   0.09966170787811279,
   0.19238346815109253,
   0.09185264259576797,
   0.13332633674144745,
   0.11615534126758575,
   0.18196968734264374,
   0.12758898735046387,
   0.16725002229213715,
   0.08765552937984467,
   0.3552592098712921,
   0.16336295008659363,
   0.20296034216880798,
   0.21651124954223633,
   0.19821232557296753,
   0.17016570270061493,
   0.14576177299022675,
   0.1394093632698059,
   0.2915372848510742,
   0.1948266327381134,
   0.2120920717716217,
   0.18167492747306824,
   0.1423109471797943,
   0.17362652719020844,
   0.20848408341407776,
   0.15534451603889465,
   0.3016664981842041,
   0.21933230757713318,
   0.19084995985031128,
   0.21439233422279358,
   0.2498791664838791,
   0.2158011496067047,
   0.2358887940645218,
   0.22897525131702423,
   0.21871337294578552,
   0.18941271305084229,
   0.23443827033042908,
   0.1639348715543747,
   0.2909244894981384,
   0.2859037518501282,
   0.24335913360118866,
   0.2511824369430542,
   0.22893325984477997,
   0.21030883491039276,
   0.32734593749046326,
   0.2759344279766083,
   0.3134757876396179,
   0.23809313774108887,
   0.5026847720146179
  ],
  "freq_deviation_abs_mean": [
   0.3450106084346771,
   0.2156616747379303,
   0.24623426795005798,
   0.234573096036911,
   0.2295074462890625,
   0.24028010666370392,
   0.22744464874267578,
   0.2517007291316986,
   0.22400912642478943,
   0.24519911408424377,
   0.24109606444835663,
   0.2700291872024536,
   0.2618075907230377,
   0.3137616515159607,
   0.3195478022098541,
   0.3338656425476074,
   0.28699469566345215,
   0.3061768710613251,
   0.32700973749160767,
   0.35896366834640503,
   0.33522722125053406,
   0.3820922374725342,
   0.3588337302207947,
   0.4130783677101135,
   0.35435742139816284,
   0.3494735658168793,
   0.36115387082099915,
   0.34121161699295044,
   0.31294649839401245,
   0.36532488465309143,
   0.39252716302871704,
   0.4156484007835388,
   0.3549273610115051,
   0.3175453543663025,
   0.31430584192276,
   0.3748757243156433,
   0.34900495409965515,
   0.3640081584453583,
   0.37211206555366516,
   0.41125601530075073,
   0.38394084572792053,
   0.38113507628440857,
   0.37185588479042053,
   0.3794630169868469,
   0.38479185104370117,
   0.37469014525413513,
   0.3711305260658264,
   0.3837038576602936,
   0.35420018434524536,
   0.4318547248840332,
   0.4410601556301117,
   0.4227180480957031,
   0.3891719877719879,
   0.404718816280365,
   0.40955328941345215,
   0.44357624650001526,
   0.435659259557724,
   0.4398082196712494,
   0.42904186248779297,
   0.4919613301753998,
   0.4600936770439148
  ],