{
 "position": 8,
 "sequence_aa": "T",
 "substrate_file": "/Users/djbray/Desktop/esm2/esm2_substrate_facebook_esm2_t33_650M_UR50D/substrate.npz",
 "n_sublayers": 62,
 "n_units": 1280,
 "depth_profiles": {
  "amp_mean": [
   9.71202564239502,
   5.249985694885254,
   5.367489814758301,
   4.200137138366699,
   4.244293689727783,
   3.6494438648223877,
   3.694504499435425,
   3.3247230052948,
   3.3593497276306152,
   3.108201503753662,
   3.216299057006836,
   3.053591012954712,
   3.1284022331237793,
   3.00903058052063,
   3.1695313453674316,
   3.0545687675476074,
   3.169288396835327,
   3.139298915863037,
   3.3631653785705566,
   3.2991909980773926,
   3.5243277549743652,
   3.4961395263671875,
   3.965365171432495,
   4.026297569274902,
   3.8306021690368652,
   3.900092363357544,
   3.9323043823242188,
   3.934685468673706,
   3.9087843894958496,
   4.0341596603393555,
   4.126740455627441,
   4.107670307159424,
   3.9991202354431152,
   4.014002323150635,
   4.135677337646484,
   4.314340591430664,
   4.505479335784912,
   4.734399795532227,
   4.824885845184326,
   5.047756195068359,
   4.9409918785095215,
   4.913455963134766,
   4.97910737991333,
   5.017488479614258,
   5.057122230529785,
   5.15468692779541,
   5.17616605758667,
   5.268074035644531,
   5.3019561767578125,
   5.330224514007568,
   5.519488334655762,
   5.547975063323975,
   5.706977844238281,
   5.8427557945251465,
   5.922723293304443,
   6.256711006164551,
   6.491887092590332,
   6.757041931152344,
   7.087098598480225,
   7.626317024230957,
   8.16291618347168,
   11.482226371765137
  ],
  "amp_modulation_mean": [
   1.1274083852767944,
   1.104235291481018,
   1.1099106073379517,
   1.0958316326141357,
   1.09941828250885,
   1.0919066667556763,
   1.0913273096084595,
   1.0864651203155518,
   1.089339256286621,
   1.0789597034454346,
   1.0941658020019531,
   1.0930020809173584,
   1.0992742776870728,
   1.0916154384613037,
   1.1125985383987427,
   1.1043437719345093,
   1.0999029874801636,
   1.1126437187194824,
   1.1171611547470093,
   1.113058090209961,
   1.1465085744857788,
   1.1285381317138672,
   1.2072222232818604,
   1.2123088836669922,
   1.1245359182357788,
   1.1104485988616943,
   1.1035053730010986,
   1.0578179359436035,
   1.055870532989502,
   1.0660475492477417,
   1.0642846822738647,
   1.01824951171875,
   0.9988828897476196,
   0.969436526298523,
   0.9994350671768188,
   1.028222680091858,
   1.0546032190322876,
   1.075033187866211,
   1.0817599296569824,
   1.1230285167694092,
   1.092933177947998,
   1.0720453262329102,
   1.0691362619400024,
   1.0565842390060425,
   1.0533757209777832,
   1.0715134143829346,
   1.0608079433441162,
   1.07851243019104,
   1.067352056503296,
   1.0715633630752563,
   1.0754189491271973,
   1.0771973133087158,
   1.0812416076660156,
   1.098212480545044,
   1.0775302648544312,
   1.1151132583618164,
   1.1154530048370361,
   1.1067688465118408,
   1.1037794351577759,
   1.1083310842514038,
   1.1081262826919556,
   1.1200964450836182
  ],
  "phase_consistency_across_units": [
   0.01323380134999752,
   0.012657320126891136,
   0.020195001736283302,
   0.02533923089504242,
   0.023910757154226303,
   0.0244939886033535,
   0.021580806002020836,
   0.031571291387081146,
   0.03024085983633995,
   0.03630274161696434,
   0.03193223848938942,
   0.02144738845527172,
   0.03151513636112213,
   0.0301520936191082,
   0.0328105203807354,
   0.023054299876093864,
   0.02849261276423931,
   0.01858406886458397,
   0.028059471398591995,
   0.031249389052391052,
   0.032799284905195236,
   0.029497548937797546,
   0.02796652540564537,
   0.034694600850343704,
   0.02897878922522068,
   0.03232356905937195,
   0.02968013286590576,
   0.028095269575715065,
   0.03604021668434143,
   0.02881809137761593,
   0.02182145230472088,
   0.02053503505885601,
   0.02135251648724079,
   0.02941233478486538,
   0.007591065019369125,
   0.012382394634187222,
   0.01741076074540615,
   0.022438248619437218,
   0.016512563452124596,
   0.02312932163476944,
   0.0245276540517807,
   0.02495691366493702,
   0.022437453269958496,
   0.010625333525240421,
   0.018121415749192238,
   0.01594756357371807,
   0.02178754098713398,
   0.01937086693942547,
   0.0061886729672551155,
   0.014816307462751865,
   0.007240582257509232,
   0.029393382370471954,
   0.011254126206040382,
   0.010201027616858482,
   0.003147358540445566,
   0.013375231996178627,
   0.00874271523207426,
   0.007331674452871084,
   0.012721915729343891,
   0.02407386340200901,
   0.008175809867680073,
   0.003223690902814269
  ],
  "freq_mean": [
   0.17268414795398712,
   0.014566848985850811,
   0.15826460719108582,
   0.041824325919151306,
   0.1408756971359253,
   0.07541964948177338,
   0.1255166083574295,
   0.06641323864459991,
   0.09776504337787628,
   0.07383672893047333,
   0.14891819655895233,
   0.08304651826620102,
   0.1087232455611229,
   0.09107892960309982,
   0.15358537435531616,
   0.08136491477489471,
   0.1481970101594925,
   0.1298317015171051,
   0.19270072877407074,
   0.133265882730484,
   0.18007683753967285,
   0.09829910099506378,
   0.326172411441803,
   0.1627698391675949,
   0.20719599723815918,
   0.18462955951690674,
   0.2052774727344513,
   0.14455345273017883,
   0.1921529918909073,
   0.21034102141857147,
   0.22477765381336212,
   0.18242427706718445,
   0.15975923836231232,
   0.17703595757484436,
   0.1987052857875824,
   0.20314398407936096,
   0.22969643771648407,
   0.21800589561462402,
   0.27769166231155396,
   0.2571643590927124,
   0.19832107424736023,
   0.23894813656806946,
   0.22210673987865448,
   0.21755604445934296,
   0.21278992295265198,
   0.18444380164146423,
   0.22075414657592773,
   0.22730688750743866,
   0.2236584722995758,
   0.20292536914348602,
   0.24780979752540588,
   0.19415900111198425,
   0.2489701211452484,
   0.21584773063659668,
   0.2811864912509918,
   0.2434169054031372,
   0.2730024755001068,
   0.21785414218902588,
   0.3420209288597107,
   0.19280317425727844,
   0.5763535499572754
  ],
  "freq_deviation_abs_mean": [
   0.42408958077430725,
   0.2665942311286926,
   0.2926415503025055,
   0.2757141888141632,
   0.26943081617355347,
   0.27272969484329224,
   0.24654987454414368,
   0.25710052251815796,
   0.24279575049877167,
   0.262633740901947,
   0.25698891282081604,
   0.2661851644515991,
   0.23476795852184296,
   0.2698768675327301,
   0.2911013960838318,
   0.31007593870162964,
   0.2814182639122009,
   0.3208959102630615,
   0.34100231528282166,
   0.37582167983055115,
   0.34873083233833313,
   0.4031504690647125,
   0.3614707589149475,
   0.391326367855072,
   0.3314320147037506,
   0.3669925332069397,
   0.35258373618125916,
   0.34650883078575134,
   0.35718846321105957,
   0.398264080286026,
   0.3671489655971527,
   0.3413262963294983,
   0.3238182067871094,
   0.34101709723472595,
   0.3626024127006531,
   0.3911021053791046,
   0.394727885723114,
   0.3865829408168793,
   0.3971385955810547,
   0.4366328716278076,
   0.41171520948410034,
   0.354884535074234,
   0.3687736988067627,
   0.35431426763534546,
   0.34682589769363403,
   0.37113428115844727,
   0.3858325481414795,
   0.38978761434555054,
   0.3843262791633606,
   0.3918783962726593,
   0.3696281313896179,
   0.38123852014541626,
   0.36515116691589355,
   0.39753931760787964,
   0.38889822363853455,
   0.44268378615379333,
   0.4274105131626129,
   0.43825563788414,
   0.4191299378871918,
   0.49065524339675903,
   0.4777827262878418
  ]
 },
 "top_units_by_amp_modulation_max": [
  {
   "unit": 465,
   "max_amp_mod": 5.064478397369385,
   "argmax_sublayer": 0
  },
  {
   "unit": 588,
   "max_amp_mod": 4.89341402053833,
   "argmax_sublayer": 22
  },
  {
   "unit": 286,
   "max_amp_mod": 4.628717422485352,
   "argmax_sublayer": 0
  },
  {
   "unit": 1113,
   "max_amp_mod": 4.5767502784729,
   "argmax_sublayer": 0
  },
  {
   "unit": 636,
   "max_amp_mod": 4.2898149490356445,