{
 "position": 55,
 "sequence_aa": "L",
 "substrate_file": "/Users/djbray/Desktop/esm2/esm2_substrate_facebook_esm2_t33_650M_UR50D/substrate.npz",
 "n_sublayers": 62,
 "n_units": 1280,
 "depth_profiles": {
  "amp_mean": [
   12.120550155639648,
   6.691603660583496,
   6.784584045410156,
   5.294303894042969,
   5.356725215911865,
   4.584377288818359,
   4.643618106842041,
   4.156325340270996,
   4.191165924072266,
   3.871523380279541,
   3.9540390968322754,
   3.7057933807373047,
   3.7713215351104736,
   3.6307404041290283,
   3.8089699745178223,
   3.6482815742492676,
   3.8110809326171875,
   3.725428819656372,
   3.9408841133117676,
   3.8829779624938965,
   4.061046123504639,
   4.004058837890625,
   4.4229841232299805,
   4.522776126861572,
   4.660264015197754,
   4.709292411804199,
   4.708458423614502,
   4.857481956481934,
   4.7939453125,
   4.930843830108643,
   4.889904499053955,
   4.9991960525512695,
   5.093711853027344,
   5.302415370941162,
   5.279637336730957,
   5.661643028259277,
   5.6941633224487305,
   5.791938781738281,
   6.1079816818237305,
   6.220043182373047,
   6.373226642608643,
   6.325594902038574,
   6.267824172973633,
   6.308155536651611,
   6.255021095275879,
   6.247196674346924,
   6.319748878479004,
   6.387595176696777,
   6.540582180023193,
   6.487373352050781,
   7.005145072937012,
   7.519798278808594,
   7.656884670257568,
   7.818953037261963,
   8.03754997253418,
   8.068723678588867,
   8.430302619934082,
   8.603713989257812,
   8.785699844360352,
   9.470940589904785,
   9.852996826171875,
   14.037434577941895
  ],
  "amp_modulation_mean": [
   1.401997447013855,
   1.4086894989013672,
   1.4021286964416504,
   1.3833954334259033,
   1.3886382579803467,
   1.3742446899414062,
   1.374651312828064,
   1.3623201847076416,
   1.3629605770111084,
   1.3497639894485474,
   1.3529695272445679,
   1.3315664529800415,
   1.3292832374572754,
   1.323042631149292,
   1.343711256980896,
   1.3264248371124268,
   1.3267465829849243,
   1.3242403268814087,
   1.3104217052459717,
   1.3122411966323853,
   1.3235900402069092,
   1.295953631401062,
   1.3461754322052002,
   1.3622729778289795,
   1.3712217807769775,
   1.3448985815048218,
   1.3264186382293701,
   1.310813069343567,
   1.2967897653579712,
   1.3025450706481934,
   1.2604604959487915,
   1.2406071424484253,
   1.2751742601394653,
   1.2820621728897095,
   1.2776161432266235,
   1.3503016233444214,
   1.3328053951263428,
   1.3145500421524048,
   1.3659900426864624,
   1.379726767539978,
   1.4071178436279297,
   1.377368688583374,
   1.3440825939178467,
   1.3295968770980835,
   1.303903341293335,
   1.3018608093261719,
   1.2992531061172485,
   1.31121027469635,
   1.3190739154815674,
   1.307773470878601,
   1.3702423572540283,
   1.4678399562835693,
   1.455419898033142,
   1.4752064943313599,
   1.4664373397827148,
   1.440536379814148,
   1.4470018148422241,
   1.4049694538116455,
   1.3684426546096802,
   1.3740323781967163,
   1.3375715017318726,
   1.3669674396514893
  ],
  "phase_consistency_across_units": [
   0.010418432764708996,
   0.008389830589294434,
   0.009421376511454582,
   0.0121571971103549,
   0.011881017126142979,
   0.030186517164111137,
   0.01820806786417961,
   0.029859665781259537,
   0.02299671247601509,
   0.03263554349541664,
   0.02484077401459217,
   0.027341432869434357,
   0.030743874609470367,
   0.03209172934293747,
   0.033689141273498535,
   0.006080260034650564,
   0.01232804637402296,
   0.02404954470694065,
   0.03297458961606026,
   0.022006863728165627,
   0.025702686980366707,
   0.026739846915006638,
   0.022826125845313072,
   0.01478054840117693,
   0.013832532800734043,
   0.013905259780585766,
   0.0166122205555439,
   0.02895464561879635,
   0.02359100803732872,
   0.032285407185554504,
   0.019626585766673088,
   0.01350300945341587,
   0.014595015905797482,
   0.009458950720727444,
   0.004696815274655819,
   0.014734916388988495,
   0.01500128023326397,
   0.009536415338516235,
   0.009665442630648613,
   0.011942985467612743,
   0.015587465837597847,
   0.011571734212338924,
   0.0031737242825329304,
   0.009006639011204243,
   0.007724137045443058,
   0.006167463958263397,
   0.012829105369746685,
   0.01729680597782135,
   0.010449741035699844,
   0.020696237683296204,
   0.011273507960140705,
   0.01021549478173256,
   0.007722292561084032,
   0.014786959625780582,
   0.01868232898414135,
   0.0142419608309865,
   0.027613593265414238,
   0.008200167678296566,
   0.013869987800717354,
   0.006815392058342695,
   0.004099581390619278,
   0.01817316748201847
  ],
  "freq_mean": [
   0.13707441091537476,
   0.04477491229772568,
   0.13512735068798065,
   0.046864621341228485,
   0.12855227291584015,
   0.05573759600520134,
   0.1291670799255371,
   0.05715133994817734,
   0.1141425222158432,
   0.07297199964523315,
   0.15808360278606415,
   0.0368528887629509,
   0.11306305229663849,
   0.09138334542512894,
   0.15100690722465515,
   0.0838201642036438,
   0.15427479147911072,
   0.10911321640014648,
   0.16938108205795288,
   0.10717028379440308,
   0.15118780732154846,
   0.09142111241817474,
   0.24476680159568787,
   0.1525178998708725,
   0.22087493538856506,
   0.1526045799255371,
   0.222855806350708,
   0.15285202860832214,
   0.21844127774238586,
   0.16383858025074005,
   0.17099466919898987,
   0.1439107358455658,
   0.20060637593269348,
   0.16963012516498566,
   0.19441118836402893,
   0.2180975377559662,
   0.16951937973499298,
   0.2008274495601654,
   0.23451367020606995,
   0.2395748794078827,
   0.2391352653503418,
   0.20913191139698029,
   0.20375017821788788,
   0.20924349129199982,
   0.17446625232696533,
   0.19561147689819336,
   0.17387470602989197,
   0.19448222219944,
   0.20383617281913757,
   0.17208454012870789,
   0.3097040057182312,
   0.25771021842956543,
   0.27661699056625366,
   0.2422976940870285,
   0.26226353645324707,
   0.24233877658843994,
   0.28963127732276917,
   0.2058209925889969,
   0.3261890411376953,
   0.14339785277843475,
   0.46754708886146545
  ],
  "freq_deviation_abs_mean": [
   0.32989197969436646,
   0.2129763662815094,
   0.23158422112464905,
   0.22576668858528137,
   0.21499839425086975,
   0.20657062530517578,
   0.21350470185279846,
   0.212680384516716,
   0.19382542371749878,
   0.22569289803504944,
   0.208847314119339,
   0.24431970715522766,
   0.22149240970611572,
   0.2545587420463562,
   0.2841489613056183,
   0.30323123931884766,
   0.24995379149913788,
   0.28874537348747253,
   0.28580522537231445,
   0.3257175087928772,
   0.3089263141155243,
   0.3227837383747101,
   0.32837051153182983,
   0.3683880567550659,
   0.3288145959377289,
   0.33696383237838745,
   0.328098863363266,
   0.33626770973205566,
   0.3104969561100006,
   0.3409804701805115,
   0.33057698607444763,
   0.3388369679450989,
   0.34885144233703613,
   0.3249114155769348,
   0.33004507422447205,
   0.3636033535003662,
   0.3475326597690582,
   0.37014612555503845,
   0.39413195848464966,
   0.3771313428878784,
   0.3629680871963501,
   0.37255415320396423,
   0.3296894431114197,
   0.32913297414779663,
   0.3323589861392975,
   0.3191505968570709,
   0.3548557758331299,
   0.34570997953414917,
   0.33561164140701294,
   0.414738267660141,
   0.4323938488960266,
   0.4440530836582184,
   0.40969642996788025,
   0.4203583598136902,
   0.3938121795654297,
   0.409992516040802,
   0.38547196984291077,
   0.3972896635532379,
   0.3718845248222351,
   0.4290834069252014,
   0.41159310936927795
  ]
 },
 "top_units_by_amp_modulation_max": [
  {
   "unit": 692,
   "max_amp_mod": 7.608371734619141,
   "argmax_sublayer": 1
  },
  {
   "unit": 389,
   "max_amp_mod": 5.817987442016602,
   "argmax_sublayer": 3
  },
  {
   "unit": 752,
   "max_amp_mod": 5.624825954437256,
   "argmax_sublayer": 55
  },
  {
   "unit": 530,
   "max_amp_mod": 5.543859958648682,
   "argmax_sublayer": 2
  },
  {
   "unit": 596,
   "max_amp_mod": 5.500974178314209,