{
 "position": 26,
 "sequence_aa": "K",
 "substrate_file": "/home/dbrayjr5/esm2-osc/esm2_substrate_facebook_esm2_t33_650M_UR50D/substrate.npz",
 "n_sublayers": 62,
 "n_units": 1280,
 "validity_floor": {
  "quantile": 0.1,
  "absolute_value": 2.7328476905822754,
  "n_valid_cells": 71424,
  "n_total_cells": 79360,
  "fraction_valid": 0.9
 },
 "depth_profiles": {
  "amp_modulation_mean": [
   1.434638500213623,
   1.4215240478515625,
   1.4214366674423218,
   1.3978271484375,
   1.3981823921203613,
   1.384692907333374,
   1.3793243169784546,
   1.3822468519210815,
   1.383681058883667,
   1.3887964487075806,
   1.3867034912109375,
   1.3975870609283447,
   1.4128246307373047,
   1.4362907409667969,
   1.4549610614776611,
   1.4793390035629272,
   1.5452743768692017,
   1.6890342235565186,
   1.5327553749084473,
   1.5019220113754272,
   1.4761837720870972,
   1.3957090377807617,
   1.3618104457855225,
   1.3353540897369385,
   1.240077257156372,
   1.1703704595565796,
   1.1560640335083008,
   1.1221177577972412,
   1.127148151397705,
   1.11008882522583,
   1.1687037944793701,
   1.1622192859649658,
   1.1617933511734009,
   1.1453893184661865,
   1.1068141460418701,
   1.1347330808639526,
   1.1727476119995117,
   1.2219626903533936,
   1.2312321662902832,
   1.2172958850860596,
   1.2083958387374878,
   1.1995372772216797,
   1.1885478496551514,
   1.2028400897979736,
   1.204246163368225,
   1.211485505104065,
   1.2115721702575684,
   1.2165114879608154,
   1.229466438293457,
   1.209653377532959,
   1.2989622354507446,
   1.375584602355957,
   1.346523642539978,
   1.3724167346954346,
   1.3374786376953125,
   1.2812522649765015,
   1.3635140657424927,
   1.4462178945541382,
   1.416417121887207,
   1.3991591930389404,
   1.4276058673858643,
   1.4095323085784912
  ],
  "amp_modulation_mean_valid_only": [
   1.434638500213623,
   1.4215240478515625,
   1.4214366674423218,
   1.3978271484375,
   1.3981823921203613,
   1.3852463960647583,
   1.3793243169784546,
   1.3680132627487183,
   1.3724802732467651,
   1.3645308017730713,
   1.371942400932312,
   1.3567249774932861,
   1.3849047422409058,
   1.3596159219741821,
   1.4282435178756714,
   1.4286233186721802,
   1.4909356832504272,
   1.6010583639144897,
   1.514524221420288,
   1.4753310680389404,
   1.468749761581421,
   1.3990931510925293,
   1.3618104457855225,
   1.3353540897369385,
   1.240077257156372,
   1.1703704595565796,
   1.1560640335083008,
   1.1221177577972412,
   1.127148151397705,
   1.11008882522583,
   1.1687037944793701,
   1.1622192859649658,
   1.1617933511734009,
   1.1453893184661865,
   1.1068141460418701,
   1.1347330808639526,
   1.1727476119995117,
   1.2219626903533936,
   1.2312321662902832,
   1.2172958850860596,
   1.2083958387374878,
   1.1995372772216797,
   1.1885478496551514,
   1.2028400897979736,
   1.204246163368225,
   1.211485505104065,
   1.2115721702575684,
   1.2165114879608154,
   1.229466438293457,
   1.209653377532959,
   1.2989622354507446,
   1.375584602355957,
   1.346523642539978,
   1.3724167346954346,
   1.3374786376953125,
   1.2812522649765015,
   1.3635140657424927,
   1.4462178945541382,
   1.416417121887207,
   1.3991591930389404,
   1.4276058673858643,
   1.4095323085784912
  ],
  "phase_consistency_across_units": [
   0.011801456101238728,
   0.00825922004878521,
   0.018251413479447365,
   0.024472583085298538,
   0.016996169462800026,
   0.02621345967054367,
   0.023511819541454315,
   0.02752661146223545,
   0.01647561602294445,
   0.012860529124736786,
   0.01522945798933506,
   0.01687835529446602,
   0.009702610783278942,
   0.013097798451781273,
   0.024027597159147263,
   0.021321464329957962,
   0.020746028050780296,
   0.02496940828859806,
   0.0275375135242939,
   0.0354519821703434,
   0.022576315328478813,
   0.032283857464790344,
   0.0230695977807045,
   0.016017986461520195,
   0.01210738718509674,
   0.025515887886285782,
   0.026759516447782516,
   0.03229384496808052,
   0.015460694208741188,
   0.01602308079600334,
   0.009223383851349354,
   0.019365832209587097,
   0.010824357159435749,
   0.02526751719415188,
   0.019945846870541573,
   0.01743176020681858,
   0.02616000361740589,
   0.03129013255238533,
   0.026062041521072388,
   0.011268772184848785,
   0.008477920666337013,
   0.016791170462965965,
   0.025105303153395653,
   0.013941572047770023,
   0.008826526813209057,
   0.021736150607466698,
   0.012183736078441143,
   0.00972322840243578,
   0.0032190592028200626,
   0.01672634854912758,
   0.014802464284002781,
   0.02029149793088436,
   0.010234224610030651,
   0.008927259594202042,
   0.004035960882902145,
   0.018609756603837013,
   0.021855339407920837,
   0.015837708488106728,
   0.010272151790559292,
   0.015135984867811203,
   0.005719340406358242,
   0.004225240554660559
  ],
  "freq_mean": [
   0.17432370781898499,
   0.01823611557483673,
   0.16321314871311188,
   0.03274815157055855,
   0.14662624895572662,
   0.04374290257692337,
   0.14039935171604156,
   0.06293841451406479,
   0.12665262818336487,
   0.04972820729017258,
   0.12287604808807373,
   0.059937119483947754,
   0.13796691596508026,
   0.09073356539011002,
   0.17521116137504578,
   0.07239111512899399,
   0.2820684313774109,
   0.2459254264831543,
   0.21841415762901306,
   0.22243323922157288,
   0.20468410849571228,
   0.18826884031295776,
   0.28843194246292114,
   0.17181387543678284,
   0.1730661392211914,
   0.10879145562648773,
   0.16300947964191437,
   0.12088968604803085,
   0.12473423779010773,
   0.14526793360710144,
   0.23953187465667725,
   0.17458310723304749,
   0.2089826762676239,
   0.18754710257053375,
   0.13535621762275696,
   0.1834235042333603,
   0.2263757288455963,
   0.2608172297477722,
   0.25627899169921875,
   0.20247717201709747,
   0.22528664767742157,
   0.17253677546977997,
   0.1725701540708542,
   0.21529893577098846,
   0.21414132416248322,
   0.1891271471977234,
   0.20000696182250977,
   0.2318834364414215,
   0.17747533321380615,
   0.16909995675086975,
   0.3213243782520294,
   0.2421759068965912,
   0.2618114650249481,
   0.25679486989974976,
   0.24836739897727966,
   0.16026322543621063,
   0.3520120680332184,
   0.2977638244628906,
   0.3309164047241211,
   0.19545391201972961,
   0.5202146768569946
  ],
  "freq_deviation_abs_mean": [
   0.27431708574295044,
   0.17714712023735046,
   0.20775392651557922,
   0.19867078959941864,
   0.18866893649101257,
   0.18911169469356537,
   0.19934788346290588,
   0.20257210731506348,
   0.18746717274188995,
   0.2057878077030182,
   0.19083358347415924,
   0.21465298533439636,
   0.21981528401374817,
   0.2917921543121338,
   0.29133984446525574,
   0.3349757790565491,
   0.3653004467487335,
   0.477957159280777,
   0.4187312126159668,
   0.4178544580936432,
   0.422285258769989,
   0.4046671390533447,
   0.3890013098716736,
   0.3824496567249298,
   0.3062782287597656,
   0.32212573289871216,
   0.31237906217575073,
   0.308205783367157,
   0.2895429730415344,
   0.3183850944042206,
   0.33903929591178894,
   0.3623639643192291,
   0.35223588347435,
   0.3386991024017334,
   0.3425541818141937,
   0.355526328086853,
   0.37660306692123413,
   0.38705962896347046,
   0.36425575613975525,
   0.3742741644382477,
   0.37071508169174194,
   0.3673831820487976,
   0.3577101230621338,
   0.34399861097335815,
   0.33483150601387024,
   0.3462206721305847,
   0.3293682038784027,
   0.3388825058937073,
   0.35381054878234863,
   0.3856690526008606,
   0.42008185386657715,
   0.41870489716529846,
   0.38651198148727417,
   0.40406665205955505,
   0.38207492232322693,
   0.4442294239997864,
   0.41253623366355896,
   0.4193292558193207,
   0.37523335218429565,
   0.42557063698768616,
   0.40103331208229065
  ],