{
 "position": 31,
 "sequence_aa": "D",
 "substrate_file": "/home/dbrayjr5/esm2-osc/esm2_substrate_facebook_esm2_t33_650M_UR50D/substrate.npz",
 "n_sublayers": 62,
 "n_units": 1280,
 "validity_floor": {
  "quantile": 0.1,
  "absolute_value": 2.7328476905822754,
  "n_valid_cells": 71424,
  "n_total_cells": 79360,
  "fraction_valid": 0.9
 },
 "depth_profiles": {
  "amp_modulation_mean": [
   0.9751127362251282,
   0.9717754125595093,
   0.9816439747810364,
   0.9733554720878601,
   0.9862184524536133,
   0.9787187576293945,
   0.9832640886306763,
   0.9874914288520813,
   0.9885851144790649,
   0.9872668981552124,
   0.9956539273262024,
   0.9898881912231445,
   0.9991912841796875,
   0.9993432760238647,
   1.0619966983795166,
   1.0637176036834717,
   1.114333152770996,
   1.1604681015014648,
   1.0984022617340088,
   1.0835901498794556,
   1.0728528499603271,
   1.0475788116455078,
   1.0842822790145874,
   1.1037063598632812,
   1.0675991773605347,
   1.0163747072219849,
   0.9799327850341797,
   0.9656397700309753,
   0.9196947813034058,
   0.9082291722297668,
   0.9191864132881165,
   0.923387348651886,
   0.9084858894348145,
   0.8949695825576782,
   0.8785576820373535,
   0.8847619891166687,
   0.9052742123603821,
   0.8933507204055786,
   0.9525352716445923,
   1.002549409866333,
   0.9596962928771973,
   0.9343122243881226,
   0.9288557171821594,
   0.9356991052627563,
   0.9060671925544739,
   0.9170230031013489,
   0.9142895936965942,
   0.9458639025688171,
   0.9545650482177734,
   0.9244316220283508,
   0.934097945690155,
   0.961266040802002,
   0.9567005038261414,
   1.016023874282837,
   0.9919376373291016,
   0.9403129816055298,
   0.9385597109794617,
   0.9337661862373352,
   0.9094024896621704,
   0.9553329348564148,
   0.9509912729263306,
   0.9509044885635376
  ],
  "amp_modulation_mean_valid_only": [
   0.9751127362251282,
   0.9717754125595093,
   0.9816439747810364,
   0.9733554720878601,
   0.9862184524536133,
   0.9775369763374329,
   0.9832640886306763,
   0.9864540100097656,
   0.9848513603210449,
   0.9778183698654175,
   0.9855661988258362,
   0.9858870506286621,
   0.9830725193023682,
   0.9709193706512451,
   1.0553865432739258,
   1.0607860088348389,
   1.0995025634765625,
   1.1252520084381104,
   1.095557689666748,
   1.0606722831726074,
   1.0655229091644287,
   1.0439479351043701,
   1.0842822790145874,
   1.1037063598632812,
   1.0675991773605347,
   1.0163747072219849,
   0.9799327850341797,
   0.9656397700309753,
   0.9196947813034058,
   0.9082291722297668,
   0.9191864132881165,
   0.923387348651886,
   0.9084858894348145,
   0.8949695825576782,
   0.8785576820373535,
   0.8847619891166687,
   0.9052742123603821,
   0.8933507204055786,
   0.9525352716445923,
   1.002549409866333,
   0.9596962928771973,
   0.9343122243881226,
   0.9288557171821594,
   0.9356991052627563,
   0.9060671925544739,
   0.9170230031013489,
   0.9142895936965942,
   0.9458639025688171,
   0.9545650482177734,
   0.9244316220283508,
   0.934097945690155,
   0.961266040802002,
   0.9567005038261414,
   1.016023874282837,
   0.9919376373291016,
   0.9403129816055298,
   0.9385597109794617,
   0.9337661862373352,
   0.9094024896621704,
   0.9553329348564148,
   0.9509912729263306,
   0.9509044885635376
  ],
  "phase_consistency_across_units": [
   0.03079828806221485,
   0.01725347898900509,
   0.0033335648477077484,
   0.01381322555243969,
   0.011866869404911995,
   0.024974368512630463,
   0.011087402701377869,
   0.02479618787765503,
   0.006308731157332659,
   0.02005787007510662,
   0.023707078769803047,
   0.02926376834511757,
   0.029223116114735603,
   0.019972102716565132,
   0.027893081307411194,
   0.006076846271753311,
   0.014699036255478859,
   0.01960061676800251,
   0.017947746440768242,
   0.014981038868427277,
   0.012716858647763729,
   0.008187268860638142,
   0.012120290659368038,
   0.016537582501769066,
   0.011743166483938694,
   0.026942605152726173,
   0.013666562736034393,
   0.02277248352766037,
   0.024370556697249413,
   0.015602781437337399,
   0.015901654958724976,
   0.022735098376870155,
   0.01704408787190914,
   0.013960852287709713,
   0.019793106243014336,
   0.0188713688403368,
   0.01097965519875288,
   0.014147859066724777,
   0.004642311949282885,
   0.009077428840100765,
   0.01292805839329958,
   0.015021169558167458,
   0.017971448600292206,
   0.007840938866138458,
   0.01130596548318863,
   0.007218633312731981,
   0.010163514874875546,
   0.005084529519081116,
   0.012141676619648933,
   0.007210320793092251,
   0.00906462874263525,
   0.005595562048256397,
   0.025188783183693886,
   0.004820217844098806,
   0.013449556194245815,
   0.006739247590303421,
   0.01917371340095997,
   0.013663731515407562,
   0.003361126407980919,
   0.019615700468420982,
   0.013639496639370918,
   0.03868313133716583
  ],
  "freq_mean": [
   0.192609041929245,
   0.03466339036822319,
   0.197047159075737,
   0.04906431585550308,
   0.16191896796226501,
   0.0650842934846878,
   0.14507333934307098,
   0.06586229801177979,
   0.11553902924060822,
   0.08706089109182358,
   0.1334642469882965,
   0.08495843410491943,
   0.13334007561206818,
   0.08793292939662933,
   0.2157374620437622,
   0.12971916794776917,
   0.30166879296302795,
   0.23388047516345978,
   0.24056196212768555,
   0.1494717299938202,
   0.2370544970035553,
   0.15847668051719666,
   0.3230814039707184,
   0.2092514932155609,
   0.26251959800720215,
   0.1560310274362564,
   0.2404565066099167,
   0.16651520133018494,
   0.16771718859672546,
   0.15240634977817535,
   0.2554944157600403,
   0.20551438629627228,
   0.20417530834674835,
   0.20583605766296387,
   0.13569077849388123,
   0.19778409600257874,
   0.20111171901226044,
   0.1591852903366089,
   0.3080732226371765,
   0.2586652338504791,
   0.21302101016044617,
   0.20404095947742462,
   0.22514167428016663,
   0.21301202476024628,
   0.1884361058473587,
   0.21790075302124023,
   0.19328676164150238,
   0.2642756998538971,
   0.20511861145496368,
   0.1591484248638153,
   0.24931076169013977,
   0.20341458916664124,
   0.2789987027645111,
   0.2918078601360321,
   0.2617078721523285,
   0.18691317737102509,
   0.3163730502128601,
   0.1832641065120697,
   0.3171892464160919,
   0.2607254981994629,
   0.489509642124176
  ],
  "freq_deviation_abs_mean": [
   0.3846302628517151,
   0.25709253549575806,
   0.2601042687892914,
   0.2607794404029846,
   0.254097044467926,
   0.2635231614112854,
   0.2590613067150116,
   0.2582629323005676,
   0.2397855967283249,
   0.2600577473640442,
   0.247693732380867,
   0.2732965350151062,
   0.2542346119880676,
   0.34239205718040466,
   0.33216753602027893,
   0.36892539262771606,
   0.3929051458835602,
   0.4553002715110779,
   0.3908611834049225,
   0.4123174548149109,
   0.36791378259658813,
   0.43722742795944214,
   0.3896309435367584,
   0.41303062438964844,
   0.36255061626434326,
   0.3913893699645996,
   0.3769809901714325,
   0.36972302198410034,
   0.3516399562358856,
   0.372640460729599,
   0.3860782980918884,
   0.37173616886138916,
   0.3505938649177551,
   0.3568938076496124,
   0.3412223756313324,
   0.3487851023674011,
   0.3490617871284485,
   0.39190351963043213,
   0.3859758973121643,
   0.3798820376396179,
   0.3457849621772766,
   0.3767412006855011,
   0.37938985228538513,
   0.3647386431694031,
   0.3656521439552307,
   0.3433716893196106,
   0.3764737546443939,
   0.3920801281929016,
   0.3623238205909729,
   0.381875216960907,
   0.36440154910087585,
   0.4115397334098816,
   0.44844111800193787,
   0.49276065826416016,
   0.41472166776657104,
   0.4107806086540222,
   0.3949209153652191,
   0.4725727140903473,
   0.4567025601863861,
   0.532345175743103,
   0.4901808202266693
  ],