{
 "position": 22,
 "sequence_aa": "I",
 "substrate_file": "/Users/djbray/Desktop/esm2/esm2_substrate_facebook_esm2_t33_650M_UR50D/substrate.npz",
 "n_sublayers": 62,
 "n_units": 1280,
 "depth_profiles": {
  "amp_mean": [
   10.800027847290039,
   5.908110618591309,
   6.034751892089844,
   4.664961814880371,
   4.749532699584961,
   4.052005290985107,
   4.128139495849609,
   3.700650691986084,
   3.762484073638916,
   3.489408493041992,
   3.5609970092773438,
   3.341503858566284,
   3.454195022583008,
   3.3307418823242188,
   3.6319079399108887,
   3.5116615295410156,
   3.859210252761841,
   4.0225629806518555,
   4.033478736877441,
   3.842668056488037,
   3.9251160621643066,
   3.8192355632781982,
   3.895045042037964,
   3.9480738639831543,
   4.065454483032227,
   4.147287845611572,
   3.949338436126709,
   4.066788673400879,
   3.9031753540039062,
   3.943021297454834,
   3.9802730083465576,
   4.0194597244262695,
   4.091186046600342,
   4.17759895324707,
   4.305327415466309,
   4.435755729675293,
   4.485206604003906,
   4.669678211212158,
   4.896821022033691,
   5.341983795166016,
   5.264853477478027,
   5.283153533935547,
   5.315829753875732,
   5.3939409255981445,
   5.524236679077148,
   5.637344837188721,
   5.6201677322387695,
   5.619218349456787,
   5.824318885803223,
   5.8579816818237305,
   6.236949443817139,
   6.660485744476318,
   6.850216865539551,
   6.830056667327881,
   6.976965427398682,
   7.202895164489746,
   7.556171417236328,
   7.770196437835693,
   8.016130447387695,
   8.671422958374023,
   8.927732467651367,
   12.54267692565918
  ],
  "amp_modulation_mean": [
   1.2441478967666626,
   1.234398365020752,
   1.238018274307251,
   1.207148790359497,
   1.2203209400177002,
   1.2022887468338013,
   1.2099248170852661,
   1.2018097639083862,
   1.2132827043533325,
   1.2055785655975342,
   1.2064788341522217,
   1.1903308629989624,
   1.2079426050186157,
   1.2030155658721924,
   1.2677664756774902,
   1.2651188373565674,
   1.3391211032867432,
   1.4287834167480469,
   1.338940978050232,
   1.2930225133895874,
   1.2754920721054077,
   1.2333228588104248,
   1.1816096305847168,
   1.1811017990112305,
   1.191560983657837,
   1.1788057088851929,
   1.1076864004135132,
   1.091892957687378,
   1.0518451929092407,
   1.0387464761734009,
   1.0253055095672607,
   0.9968823194503784,
   1.022193193435669,
   1.0087543725967407,
   1.0396721363067627,
   1.0533599853515625,
   1.0442203283309937,
   1.0557308197021484,
   1.0942012071609497,
   1.1856324672698975,
   1.1625330448150635,
   1.1513419151306152,
   1.140149474143982,
   1.135663390159607,
   1.150216817855835,
   1.172027826309204,
   1.1516199111938477,
   1.1512418985366821,
   1.173939824104309,
   1.1796345710754395,
   1.2183806896209717,
   1.2985928058624268,
   1.2987701892852783,
   1.2854071855545044,
   1.2703874111175537,
   1.2814884185791016,
   1.2943295240402222,
   1.2659175395965576,
   1.2457950115203857,
   1.255324125289917,
   1.2100305557250977,
   1.2178068161010742
  ],
  "phase_consistency_across_units": [
   0.013097601942718029,
   0.01872902922332287,
   0.018674809485673904,
   0.030183199793100357,
   0.013085016049444675,
   0.028794098645448685,
   0.015640851110219955,
   0.03249272704124451,
   0.018383419141173363,
   0.02814454771578312,
   0.014712934382259846,
   0.017641110345721245,
   0.01293298602104187,
   0.008323762565851212,
   0.021524863317608833,
   0.014610164798796177,
   0.020284947007894516,
   0.02923768386244774,
   0.02498188242316246,
   0.020795803517103195,
   0.013879949226975441,
   0.025098804384469986,
   0.02886214293539524,
   0.028400147333741188,
   0.010747192427515984,
   0.004409821704030037,
   0.01520240493118763,
   0.019931931048631668,
   0.025433562695980072,
   0.009360230527818203,
   0.011631684377789497,
   0.011712082661688328,
   0.00911819376051426,
   0.0206275787204504,
   0.01948910392820835,
   0.019382275640964508,
   0.02276715636253357,
   0.025239044800400734,
   0.027231840416789055,
   0.008041368797421455,
   0.015723835676908493,
   0.007845299318432808,
   0.0009444815223105252,
   0.009653928689658642,
   0.011942915618419647,
   0.014952448196709156,
   0.015602006576955318,
   0.01808156631886959,
   0.020716078579425812,
   0.02151242084801197,
   0.012526611797511578,
   0.02307029627263546,
   0.016290616244077682,
   0.013874497264623642,
   0.00945623591542244,
   0.014749355614185333,
   0.015188593417406082,
   0.008780187927186489,
   0.01535768248140812,
   0.007552017457783222,
   0.0122612863779068,
   0.010366205126047134
  ],
  "freq_mean": [
   0.1530461311340332,
   0.04419070854783058,
   0.16153618693351746,
   0.02931460179388523,
   0.13880696892738342,
   0.05566275864839554,
   0.15235556662082672,
   0.0637967512011528,
   0.11605057865381241,
   0.082480289041996,
   0.116258904337883,
   0.0635162740945816,
   0.10759568214416504,
   0.1005101352930069,
   0.19527553021907806,
   0.10212520509958267,
   0.29840150475502014,
   0.2368646115064621,
   0.25961071252822876,
   0.15384171903133392,
   0.2543126046657562,
   0.12833751738071442,
   0.24210548400878906,
   0.1722232550382614,
   0.2712330222129822,
   0.18562552332878113,
   0.18407784402370453,
   0.16342879831790924,
   0.1400257647037506,
   0.1641736477613449,
   0.16262668371200562,
   0.16130344569683075,
   0.17422501742839813,
   0.1515599936246872,
   0.19978171586990356,
   0.17653827369213104,
   0.18198201060295105,
   0.17699210345745087,
   0.2599239647388458,
   0.28010353446006775,
   0.2073410451412201,
   0.20620140433311462,
   0.2054642140865326,
   0.23387102782726288,
   0.232516810297966,
   0.2286287248134613,
   0.21334373950958252,
   0.23836664855480194,
   0.21719861030578613,
   0.19153371453285217,
   0.2591405510902405,
   0.29096719622612,
   0.2768005430698395,
   0.18821324408054352,
   0.25995707511901855,
   0.21634085476398468,
   0.30008620023727417,
   0.18462105095386505,
   0.3639788031578064,
   0.17172716557979584,
   0.46885156631469727
  ],
  "freq_deviation_abs_mean": [
   0.30594128370285034,
   0.1886836290359497,
   0.2217196524143219,
   0.21497373282909393,
   0.2259591519832611,
   0.22261734306812286,
   0.22000670433044434,
   0.22524473071098328,
   0.22283752262592316,
   0.23228216171264648,
   0.22271570563316345,
   0.24904091656208038,
   0.23862871527671814,
   0.29247188568115234,
   0.3235646188259125,
   0.36364057660102844,
   0.3987146019935608,
   0.49982398748397827,
   0.3942955732345581,
   0.4031175673007965,
   0.38144367933273315,
   0.4438372552394867,
   0.36240053176879883,
   0.3832424581050873,
   0.34342607855796814,
   0.3691798150539398,
   0.346487820148468,
   0.329673707485199,
   0.3235270380973816,
   0.3398451507091522,
   0.3301886320114136,
   0.3298075199127197,
   0.3415895402431488,
   0.36069193482398987,
   0.3649187982082367,
   0.37956181168556213,
   0.3624628782272339,
   0.38607174158096313,
   0.3820933401584625,
   0.37858402729034424,
   0.3732585906982422,
   0.3848347067832947,
   0.3915003836154938,
   0.39258691668510437,
   0.3883390426635742,
   0.3553423285484314,
   0.35792359709739685,
   0.3703609108924866,
   0.3463413119316101,
   0.4015296399593353,
   0.4481913447380066,
   0.42054104804992676,
   0.37319448590278625,
   0.3984902501106262,
   0.3699101209640503,
   0.4154680371284485,
   0.39215153455734253,
   0.39788389205932617,
   0.3546401858329773,
   0.4272332191467285,
   0.41584739089012146
  ]
 },
 "top_units_by_amp_modulation_max": [
  {
   "unit": 943,
   "max_amp_mod": 5.912764072418213,
   "argmax_sublayer": 0
  },
  {
   "unit": 444,
   "max_amp_mod": 5.422601699829102,
   "argmax_sublayer": 9
  },
  {
   "unit": 598,
   "max_amp_mod": 5.3903021812438965,
   "argmax_sublayer": 0
  },
  {
   "unit": 723,
   "max_amp_mod": 5.018695831298828,
   "argmax_sublayer": 1
  },
  {
   "unit": 738,
   "max_amp_mod": 4.6630940437316895,