{
 "position": 42,
 "sequence_aa": "L",
 "substrate_file": "/Users/djbray/Desktop/esm2/esm2_substrate_facebook_esm2_t33_650M_UR50D/substrate.npz",
 "n_sublayers": 62,
 "n_units": 1280,
 "depth_profiles": {
  "amp_mean": [
   12.6358642578125,
   7.160882472991943,
   7.251925468444824,
   5.7530412673950195,
   5.830214500427246,
   5.029036521911621,
   5.089967250823975,
   4.593005180358887,
   4.612696170806885,
   4.320174217224121,
   4.416786193847656,
   4.215677738189697,
   4.329683303833008,
   4.182419776916504,
   4.397802352905273,
   4.266939640045166,
   4.42612361907959,
   4.410587310791016,
   4.670104026794434,
   4.683590412139893,
   4.811832904815674,
   4.927236080169678,
   5.388714790344238,
   5.694517135620117,
   5.607666015625,
   6.218659400939941,
   5.997597694396973,
   6.5060601234436035,
   6.5053391456604,
   6.415468692779541,
   6.43900203704834,
   5.98238468170166,
   6.026086330413818,
   5.619261264801025,
   5.524222373962402,
   5.520956993103027,
   5.632318019866943,
   5.6905951499938965,
   5.623429298400879,
   5.685953617095947,
   5.7386794090271,
   5.722919464111328,
   5.819830894470215,
   5.947490692138672,
   5.909520149230957,
   5.847354412078857,
   5.982186317443848,
   5.9971818923950195,
   6.2100677490234375,
   6.267120838165283,
   6.580015659332275,
   6.928459167480469,
   6.975135803222656,
   7.355751991271973,
   7.459988594055176,
   7.783155918121338,
   8.179147720336914,
   8.672792434692383,
   9.040565490722656,
   9.573003768920898,
   9.89255142211914,
   14.295694351196289
  ],
  "amp_modulation_mean": [
   1.4675064086914062,
   1.5136127471923828,
   1.5045888423919678,
   1.5092988014221191,
   1.5179694890975952,
   1.5143343210220337,
   1.5138237476348877,
   1.5144236087799072,
   1.507718801498413,
   1.5145509243011475,
   1.5168300867080688,
   1.5245931148529053,
   1.5349783897399902,
   1.5337903499603271,
   1.556352972984314,
   1.5584089756011963,
   1.5476106405258179,
   1.5751838684082031,
   1.5605671405792236,
   1.594222068786621,
   1.576046109199524,
   1.604774832725525,
   1.6525914669036865,
   1.7273995876312256,
   1.659686803817749,
   1.7859653234481812,
   1.701986312866211,
   1.7715847492218018,
   1.7731456756591797,
   1.7061316967010498,
   1.6706829071044922,
   1.492774248123169,
   1.5162405967712402,
   1.3610191345214844,
   1.3372308015823364,
   1.3152341842651367,
   1.3157228231430054,
   1.2897560596466064,
   1.2589447498321533,
   1.2620079517364502,
   1.2687565088272095,
   1.247631549835205,
   1.2499477863311768,
   1.2556887865066528,
   1.2349865436553955,
   1.2197574377059937,
   1.2302334308624268,
   1.2321069240570068,
   1.2534077167510986,
   1.2642120122909546,
   1.2848491668701172,
   1.3524105548858643,
   1.326128363609314,
   1.3909534215927124,
   1.361286997795105,
   1.389140009880066,
   1.4029351472854614,
   1.4165337085723877,
   1.4072506427764893,
   1.3892498016357422,
   1.3418747186660767,
   1.3939813375473022
  ],
  "phase_consistency_across_units": [
   0.011766958050429821,
   0.008927479386329651,
   0.009832650423049927,
   0.01820819266140461,
   0.012609373778104782,
   0.02499823272228241,
   0.021989325061440468,
   0.023590359836816788,
   0.019795844331383705,
   0.01750231347978115,
   0.021952515468001366,
   0.01894833706319332,
   0.019214589148759842,
   0.015364926308393478,
   0.021723035722970963,
   0.005127125419676304,
   0.018015649169683456,
   0.011354131624102592,
   0.017971893772482872,
   0.01140640303492546,
   0.012295437045395374,
   0.008874543942511082,
   0.008795106783509254,
   0.0091166440397501,
   0.009393301792442799,
   0.005174262914806604,
   0.013136830180883408,
   0.02157602272927761,
   0.015834040939807892,
   0.01133338175714016,
   0.019482839852571487,
   0.013770843856036663,
   0.011272165924310684,
   0.02362903207540512,
   0.014425699599087238,
   0.0031976315658539534,
   0.007556592114269733,
   0.008367651142179966,
   0.01583612896502018,
   0.017723262310028076,
   0.009152593091130257,
   0.01969882659614086,
   0.01179661974310875,
   0.011566893197596073,
   0.007209556642919779,
   0.005102882627397776,
   0.007959714159369469,
   0.010812781751155853,
   0.01078812312334776,
   0.0034393751993775368,
   0.0007392109837383032,
   0.004355304874479771,
   0.006665834691375494,
   0.008295808918774128,
   0.006875172257423401,
   0.006904042325913906,
   0.016007881611585617,
   0.011532551608979702,
   0.010317465290427208,
   0.010475154966115952,
   0.00598275288939476,
   0.011967095546424389
  ],
  "freq_mean": [
   0.14652970433235168,
   0.025300651788711548,
   0.15264718234539032,
   0.043903786689043045,
   0.14276094734668732,
   0.0530020110309124,
   0.12663798034191132,
   0.04415549710392952,
   0.10045274347066879,
   0.05843108892440796,
   0.1110801249742508,
   0.06652987003326416,
   0.12393641471862793,
   0.06356772035360336,
   0.16899089515209198,
   0.045818887650966644,
   0.15201273560523987,
   0.06666657328605652,
   0.19219490885734558,
   0.08949390053749084,
   0.17011812329292297,
   0.06809894740581512,
   0.2671639025211334,
   0.1440599411725998,
   0.23531845211982727,
   0.21615788340568542,
   0.19469518959522247,
   0.28448349237442017,
   0.21232032775878906,
   0.2669866681098938,
   0.20830091834068298,
   0.20557908713817596,
   0.2288772165775299,
   0.1357457935810089,
   0.1768212616443634,
   0.1357930451631546,
   0.21500401198863983,
   0.167450413107872,
   0.187461256980896,
   0.17425978183746338,
   0.18806323409080505,
   0.13658268749713898,
   0.2365519106388092,
   0.21071752905845642,
   0.1849176585674286,
   0.17113599181175232,
   0.18762469291687012,
   0.15556998550891876,
   0.20683391392230988,
   0.1754731684923172,
   0.2520255148410797,
   0.23062625527381897,
   0.266795814037323,
   0.22937235236167908,
   0.25989609956741333,
   0.21021437644958496,
   0.2827978730201721,
   0.2282370626926422,
   0.3327375054359436,
   0.1295507252216339,
   0.4890259802341461
  ],
  "freq_deviation_abs_mean": [
   0.306758850812912,
   0.19018062949180603,
   0.20889604091644287,
   0.20266704261302948,
   0.1904979646205902,
   0.20210528373718262,
   0.20056526362895966,
   0.201751708984375,
   0.17826247215270996,
   0.20066633820533752,
   0.20054307579994202,
   0.20525717735290527,
   0.19232690334320068,
   0.2525673806667328,
   0.253897488117218,
   0.2756650447845459,
   0.23372218012809753,
   0.2852744162082672,
   0.277538001537323,
   0.32061952352523804,
   0.2817491292953491,
   0.3239925503730774,
   0.31619492173194885,
   0.3560841977596283,
   0.333039253950119,
   0.35849612951278687,
   0.33653730154037476,
   0.34137028455734253,
   0.3379197120666504,
   0.35854989290237427,
   0.3650657534599304,
   0.3665749728679657,
   0.33943238854408264,
   0.3464890122413635,
   0.3190258741378784,
   0.3347710967063904,
   0.3253551423549652,
   0.3466535806655884,
   0.3316289484500885,
   0.34599632024765015,
   0.35173335671424866,
   0.3793473541736603,
   0.32841429114341736,
   0.3428208827972412,
   0.32393878698349,
   0.33368486166000366,
   0.3354991376399994,
   0.3503569960594177,
   0.3240855634212494,
   0.37739408016204834,
   0.40025871992111206,
   0.4147585928440094,
   0.41113853454589844,
   0.43229103088378906,
   0.38627496361732483,
   0.4242052137851715,
   0.42814692854881287,
   0.4280823767185211,
   0.37598079442977905,
   0.44318389892578125,
   0.4046553671360016
  ]
 },
 "top_units_by_amp_modulation_max": [
  {
   "unit": 1137,
   "max_amp_mod": 7.33669376373291,
   "argmax_sublayer": 25
  },
  {
   "unit": 922,
   "max_amp_mod": 6.351278781890869,
   "argmax_sublayer": 22
  },
  {
   "unit": 167,
   "max_amp_mod": 6.30636739730835,
   "argmax_sublayer": 7
  },
  {
   "unit": 473,
   "max_amp_mod": 6.225683212280273,
   "argmax_sublayer": 29
  },
  {
   "unit": 417,
   "max_amp_mod": 5.956908226013184,