{
 "position": 6,
 "sequence_aa": "T",
 "substrate_file": "/home/dbrayjr5/esm2-osc/esm2_substrate_facebook_esm2_t33_650M_UR50D/substrate.npz",
 "n_sublayers": 62,
 "n_units": 1280,
 "validity_floor": {
  "quantile": 0.1,
  "absolute_value": 2.7328476905822754,
  "n_valid_cells": 71424,
  "n_total_cells": 79360,
  "fraction_valid": 0.9
 },
 "depth_profiles": {
  "amp_modulation_mean": [
   1.2431007623672485,
   1.2203116416931152,
   1.23053777217865,
   1.2080769538879395,
   1.2200803756713867,
   1.2099874019622803,
   1.2168662548065186,
   1.2219640016555786,
   1.2196447849273682,
   1.2046762704849243,
   1.2195041179656982,
   1.2079741954803467,
   1.207667589187622,
   1.2049038410186768,
   1.223968744277954,
   1.2257404327392578,
   1.2155089378356934,
   1.2236827611923218,
   1.2280633449554443,
   1.2347657680511475,
   1.283822774887085,
   1.265566110610962,
   1.3515512943267822,
   1.3873443603515625,
   1.289174199104309,
   1.2848197221755981,
   1.2403762340545654,
   1.178615927696228,
   1.1675090789794922,
   1.1473737955093384,
   1.1508158445358276,
   1.116358995437622,
   1.062382459640503,
   1.0346778631210327,
   1.0760297775268555,
   1.091711163520813,
   1.1425520181655884,
   1.1881606578826904,
   1.1240358352661133,
   1.0723052024841309,
   1.104065179824829,
   1.1034266948699951,
   1.1509355306625366,
   1.1954160928726196,
   1.1766856908798218,
   1.1769963502883911,
   1.1667845249176025,
   1.205243706703186,
   1.192334532737732,
   1.1961497068405151,
   1.1903321743011475,
   1.180389404296875,
   1.1913282871246338,
   1.200817346572876,
   1.1620994806289673,
   1.2234621047973633,
   1.258474349975586,
   1.2137047052383423,
   1.212429404258728,
   1.2049140930175781,
   1.2093513011932373,
   1.232094407081604
  ],
  "amp_modulation_mean_valid_only": [
   1.2431007623672485,
   1.2203116416931152,
   1.23053777217865,
   1.2080769538879395,
   1.2200803756713867,
   1.210013508796692,
   1.2168662548065186,
   1.2039557695388794,
   1.2121267318725586,
   1.1828356981277466,
   1.2092150449752808,
   1.2010705471038818,
   1.1962974071502686,
   1.1616758108139038,
   1.2031561136245728,
   1.2046382427215576,
   1.197218894958496,
   1.192215085029602,
   1.233128547668457,
   1.2587840557098389,
   1.286841630935669,
   1.265842318534851,
   1.3515512943267822,
   1.3873443603515625,
   1.289174199104309,
   1.2848197221755981,
   1.2403762340545654,
   1.178615927696228,
   1.1675090789794922,
   1.1473737955093384,
   1.1508158445358276,
   1.116358995437622,
   1.062382459640503,
   1.0346778631210327,
   1.0760297775268555,
   1.091711163520813,
   1.1425520181655884,
   1.1881606578826904,
   1.1240358352661133,
   1.0723052024841309,
   1.104065179824829,
   1.1034266948699951,
   1.1509355306625366,
   1.1954160928726196,
   1.1766856908798218,
   1.1769963502883911,
   1.1667845249176025,
   1.205243706703186,
   1.192334532737732,
   1.1961497068405151,
   1.1903321743011475,
   1.180389404296875,
   1.1913282871246338,
   1.200817346572876,
   1.1620994806289673,
   1.2234621047973633,
   1.258474349975586,
   1.2137047052383423,
   1.212429404258728,
   1.2049140930175781,
   1.2093513011932373,
   1.232094407081604
  ],
  "phase_consistency_across_units": [
   0.01484814751893282,
   0.01748369075357914,
   0.01947750523686409,
   0.029456045478582382,
   0.020066294819116592,
   0.040396664291620255,
   0.027600042521953583,
   0.03587218374013901,
   0.020940864458680153,
   0.03591682016849518,
   0.025316931307315826,
   0.03566848859190941,
   0.02441428229212761,
   0.0175764337182045,
   0.008054963313043118,
   0.0011347844265401363,
   0.010229836218059063,
   0.014360593631863594,
   0.010722124017775059,
   0.012565482407808304,
   0.008778142742812634,
   0.01893850974738598,
   0.008937438949942589,
   0.009756168350577354,
   0.016013342887163162,
   0.015500004403293133,
   0.016550187021493912,
   0.01252676546573639,
   0.01733829826116562,
   0.01810372620820999,
   0.005659379530698061,
   0.0074512893334031105,
   0.018297096714377403,
   0.016481861472129822,
   0.006898089777678251,
   0.015043172053992748,
   0.011435459367930889,
   0.01940028741955757,
   0.026487795636057854,
   0.021041492000222206,
   0.00552270608022809,
   0.007175766862928867,
   0.01232339907437563,
   0.007968840189278126,
   0.020609159022569656,
   0.017706502228975296,
   0.017850205302238464,
   0.004106215201318264,
   0.007540345657616854,
   0.011359136551618576,
   0.01598006673157215,
   0.015402327291667461,
   0.018269501626491547,
   0.01291769091039896,
   0.00783008523285389,
   0.012048276141285896,
   0.017886430025100708,
   0.01775193028151989,
   0.014766347594559193,
   0.004054546821862459,
   0.01637282967567444,
   0.012402325868606567
  ],
  "freq_mean": [
   0.14069417119026184,
   0.02942432463169098,
   0.15990708768367767,
   0.036803532391786575,
   0.15394635498523712,
   0.05695708841085434,
   0.13891275227069855,
   0.08677656948566437,
   0.11766956001520157,
   0.08414798229932785,
   0.1320512592792511,
   0.0834796205163002,
   0.10652284324169159,
   0.08858312666416168,
   0.16960808634757996,
   0.1081199049949646,
   0.10389818251132965,
   0.11048803478479385,
   0.17112328112125397,
   0.10615278780460358,
   0.18709351122379303,
   0.10669499635696411,
   0.32420721650123596,
   0.17617273330688477,
   0.2275388240814209,
   0.20329228043556213,
   0.19575850665569305,
   0.15878286957740784,
   0.18394644558429718,
   0.14776892960071564,
   0.2564932405948639,
   0.17076978087425232,
   0.1243211030960083,
   0.16329994797706604,
   0.17393693327903748,
   0.18437477946281433,
   0.28022414445877075,
   0.2756960988044739,
   0.17305423319339752,
   0.20375964045524597,
   0.20514991879463196,
   0.19524991512298584,
   0.24371495842933655,
   0.2505691647529602,
   0.22769033908843994,
   0.20469851791858673,
   0.20311851799488068,
   0.24522094428539276,
   0.22766165435314178,
   0.21172943711280823,
   0.2271287888288498,
   0.18500204384326935,
   0.2812640070915222,
   0.19455960392951965,
   0.23449008166790009,
   0.2803524434566498,
   0.2929390072822571,
   0.20112936198711395,
   0.336097776889801,
   0.14230121672153473,
   0.5275406241416931
  ],
  "freq_deviation_abs_mean": [
   0.3419015407562256,
   0.2152140587568283,
   0.24616765975952148,
   0.23399868607521057,
   0.22879882156848907,
   0.2274857461452484,
   0.24104373157024384,
   0.2709030508995056,
   0.2578241527080536,
   0.2566274404525757,
   0.2253917008638382,
   0.23198243975639343,
   0.2162613421678543,
   0.2626410126686096,
   0.28736454248428345,
   0.2689681947231293,
   0.25580668449401855,
   0.28893619775772095,
   0.3124716877937317,
   0.3232901096343994,
   0.31344088912010193,
   0.3710792660713196,
   0.3465555012226105,
   0.3936289846897125,
   0.34573617577552795,
   0.3609714210033417,
   0.3400060534477234,
   0.34005007147789,
   0.3420018255710602,
   0.3993849456310272,
   0.39917105436325073,
   0.3543708622455597,
   0.33318158984184265,
   0.34958457946777344,
   0.3692152500152588,
   0.3971218466758728,
   0.3927232325077057,
   0.4033969044685364,
   0.36949294805526733,
   0.35812681913375854,
   0.3589291274547577,
   0.36483925580978394,
   0.38326457142829895,
   0.37270835041999817,
   0.359630286693573,
   0.36654844880104065,
   0.3716953694820404,
   0.3788907527923584,
   0.3807179033756256,
   0.37727490067481995,
   0.3531181216239929,
   0.3800550103187561,
   0.378328412771225,
   0.40977993607521057,
   0.39889198541641235,
   0.4285399317741394,
   0.39648789167404175,
   0.43275022506713867,
   0.3873406946659088,
   0.47039374709129333,
   0.4342535138130188
  ],