{
 "position": 19,
 "sequence_aa": "S",
 "substrate_file": "/home/dbrayjr5/esm2-osc/esm2_substrate_facebook_esm2_t33_650M_UR50D/substrate.npz",
 "n_sublayers": 62,
 "n_units": 1280,
 "validity_floor": {
  "quantile": 0.1,
  "absolute_value": 2.7328476905822754,
  "n_valid_cells": 71424,
  "n_total_cells": 79360,
  "fraction_valid": 0.9
 },
 "depth_profiles": {
  "amp_modulation_mean": [
   1.1634714603424072,
   1.1666065454483032,
   1.1651188135147095,
   1.1564092636108398,
   1.1618446111679077,
   1.1478477716445923,
   1.159245252609253,
   1.1612472534179688,
   1.1675399541854858,
   1.1677590608596802,
   1.1610156297683716,
   1.1490050554275513,
   1.1590535640716553,
   1.149749517440796,
   1.1954646110534668,
   1.192854642868042,
   1.2078940868377686,
   1.2455108165740967,
   1.2140893936157227,
   1.2159948348999023,
   1.2331409454345703,
   1.2016820907592773,
   1.2386140823364258,
   1.2709779739379883,
   1.1882621049880981,
   1.141431450843811,
   1.1094468832015991,
   1.098669409751892,
   1.0770395994186401,
   1.0698952674865723,
   1.0459442138671875,
   1.0086597204208374,
   0.9973254203796387,
   0.9630443453788757,
   1.0454626083374023,
   1.0779845714569092,
   1.0618633031845093,
   1.083589792251587,
   1.0852758884429932,
   1.2239404916763306,
   1.1606117486953735,
   1.109785556793213,
   1.1305240392684937,
   1.0391433238983154,
   1.073290467262268,
   1.0947405099868774,
   1.0738351345062256,
   1.0670166015625,
   1.0846331119537354,
   1.110030174255371,
   1.1199767589569092,
   1.1289966106414795,
   1.1011457443237305,
   1.1170680522918701,
   1.1081734895706177,
   1.0936919450759888,
   1.1244834661483765,
   1.1695594787597656,
   1.1398860216140747,
   1.1567083597183228,
   1.1561870574951172,
   1.1377969980239868
  ],
  "amp_modulation_mean_valid_only": [
   1.1634714603424072,
   1.1666065454483032,
   1.1651188135147095,
   1.1564092636108398,
   1.1618446111679077,
   1.1474781036376953,
   1.159245252609253,
   1.1576200723648071,
   1.1614538431167603,
   1.1492348909378052,
   1.1443507671356201,
   1.1286404132843018,
   1.159725308418274,
   1.1463065147399902,
   1.1722111701965332,
   1.1668862104415894,
   1.194096565246582,
   1.236750602722168,
   1.2018742561340332,
   1.2171522378921509,
   1.2315905094146729,
   1.1932824850082397,
   1.2386140823364258,
   1.2709779739379883,
   1.1882621049880981,
   1.141431450843811,
   1.1094468832015991,
   1.098669409751892,
   1.0770395994186401,
   1.0698952674865723,
   1.0459442138671875,
   1.0086597204208374,
   0.9973254203796387,
   0.9630443453788757,
   1.0454626083374023,
   1.0779845714569092,
   1.0618633031845093,
   1.083589792251587,
   1.0852758884429932,
   1.2239404916763306,
   1.1606117486953735,
   1.109785556793213,
   1.1305240392684937,
   1.0391433238983154,
   1.073290467262268,
   1.0947405099868774,
   1.0738351345062256,
   1.0670166015625,
   1.0846331119537354,
   1.110030174255371,
   1.1199767589569092,
   1.1289966106414795,
   1.1011457443237305,
   1.1170680522918701,
   1.1081734895706177,
   1.0936919450759888,
   1.1244834661483765,
   1.1695594787597656,
   1.1398860216140747,
   1.1567083597183228,
   1.1561870574951172,
   1.1377969980239868
  ],
  "phase_consistency_across_units": [
   0.00409791199490428,
   0.015793995931744576,
   0.014895383268594742,
   0.015462150797247887,
   0.008385758846998215,
   0.01552223414182663,
   0.009534135460853577,
   0.01789318583905697,
   0.019002823159098625,
   0.018751367926597595,
   0.008918644860386848,
   0.008954714983701706,
   0.006649591028690338,
   0.0011811122531071305,
   0.01656401716172695,
   0.026877203956246376,
   0.009406372904777527,
   0.02333044447004795,
   0.008489572443068027,
   0.01461788173764944,
   0.010887718759477139,
   0.01945456676185131,
   0.02355874516069889,
   0.02331709675490856,
   0.01705455221235752,
   0.018840612843632698,
   0.00843346118927002,
   0.009677245281636715,
   0.006159043405205011,
   0.005607009399682283,
   0.00958348624408245,
   0.016164930537343025,
   0.015907740220427513,
   0.014353820122778416,
   0.016183335334062576,
   0.01362054143100977,
   0.03124040551483631,
   0.030237291008234024,
   0.025263387709856033,
   0.0156424418091774,
   0.01575462333858013,
   0.007341695483773947,
   0.004689956083893776,
   0.0019073673756793141,
   0.011158701032400131,
   0.015488074161112309,
   0.009840108454227448,
   0.0063858660869300365,
   0.003652967046946287,
   0.014785457402467728,
   0.019601108506321907,
   0.00584036111831665,
   0.011621016077697277,
   0.013625417836010456,
   0.008027407340705395,
   0.020880548283457756,
   0.010019241832196712,
   0.007676265202462673,
   0.011311182752251625,
   0.013069186359643936,
   0.009280772879719734,
   0.0051482622511684895
  ],
  "freq_mean": [
   0.16795888543128967,
   0.038147520273923874,
   0.16232578456401825,
   0.05598403140902519,
   0.14525043964385986,
   0.05456352233886719,
   0.14115265011787415,
   0.06543903052806854,
   0.11177873611450195,
   0.07732637226581573,
   0.12346456944942474,
   0.08603502810001373,
   0.11044599860906601,
   0.08395880460739136,
   0.1832505762577057,
   0.10562533140182495,
   0.22931484878063202,
   0.1366230994462967,
   0.22441217303276062,
   0.14556778967380524,
   0.2113441526889801,
   0.10210132598876953,
   0.32246172428131104,
   0.19135460257530212,
   0.1967773288488388,
   0.1408376693725586,
   0.2087257206439972,
   0.18388457596302032,
   0.18918445706367493,
   0.18060967326164246,
   0.20790734887123108,
   0.1756611168384552,
   0.14478787779808044,
   0.13356462121009827,
   0.21663625538349152,
   0.17379091680049896,
   0.22292275726795197,
   0.15674066543579102,
   0.25348612666130066,
   0.3411867320537567,
   0.1677258312702179,
   0.24218973517417908,
   0.1953425258398056,
   0.1484142541885376,
   0.22604389488697052,
   0.18835143744945526,
   0.20896923542022705,
   0.16882304847240448,
   0.22830943763256073,
   0.22126111388206482,
   0.2877557873725891,
   0.21095745265483856,
   0.2430778443813324,
   0.23918259143829346,
   0.2393110990524292,
   0.16260656714439392,
   0.349585622549057,
   0.23275892436504364,
   0.296726793050766,
   0.20318233966827393,
   0.5177291631698608
  ],
  "freq_deviation_abs_mean": [
   0.3394380509853363,
   0.21393422782421112,
   0.23460683226585388,
   0.24873128533363342,
   0.23510348796844482,
   0.23999981582164764,
   0.22080163657665253,
   0.24622440338134766,
   0.23138746619224548,
   0.22279110550880432,
   0.2116680145263672,
   0.25259003043174744,
   0.22752365469932556,
   0.3126886487007141,
   0.3250204622745514,
   0.3462293744087219,
   0.33190807700157166,
   0.4005100131034851,
   0.35770779848098755,
   0.39449813961982727,
   0.346060574054718,
   0.3995015621185303,
   0.37720638513565063,
   0.3836323320865631,
   0.33304446935653687,
   0.3572801947593689,
   0.35256102681159973,
   0.36570900678634644,
   0.3270382583141327,
   0.34174662828445435,
   0.33359530568122864,
   0.3304709792137146,
   0.32305294275283813,
   0.35812073945999146,
   0.3816526234149933,
   0.3712621033191681,
   0.3446841537952423,
   0.3911809027194977,
   0.41262882947921753,
   0.4054679274559021,
   0.3621077537536621,
   0.35680192708969116,
   0.3395211100578308,
   0.35311752557754517,
   0.3498738408088684,
   0.37277713418006897,
   0.3421371579170227,
   0.3867708444595337,
   0.3803635239601135,
   0.38375961780548096,
   0.37428539991378784,
   0.39561566710472107,
   0.386448472738266,
   0.4113253653049469,
   0.3896773159503937,
   0.44241610169410706,
   0.39578747749328613,
   0.45653095841407776,
   0.41476812958717346,
   0.45137304067611694,
   0.40355604887008667
  ],