{
 "position": 48,
 "sequence_aa": "Q",
 "substrate_file": "/home/dbrayjr5/esm2-osc/esm2_substrate_facebook_esm2_t33_650M_UR50D/substrate.npz",
 "n_sublayers": 62,
 "n_units": 1280,
 "validity_floor": {
  "quantile": 0.1,
  "absolute_value": 2.7328476905822754,
  "n_valid_cells": 71424,
  "n_total_cells": 79360,
  "fraction_valid": 0.9
 },
 "depth_profiles": {
  "amp_modulation_mean": [
   1.2061824798583984,
   1.191029667854309,
   1.1978437900543213,
   1.1708576679229736,
   1.1819367408752441,
   1.1604547500610352,
   1.1747783422470093,
   1.1582591533660889,
   1.1710004806518555,
   1.154195785522461,
   1.1645853519439697,
   1.149217963218689,
   1.1680160760879517,
   1.1641695499420166,
   1.1973018646240234,
   1.1833900213241577,
   1.1882448196411133,
   1.1832239627838135,
   1.19557785987854,
   1.2186775207519531,
   1.21698796749115,
   1.1932287216186523,
   1.278607726097107,
   1.3114216327667236,
   1.253605604171753,
   1.2511730194091797,
   1.217002511024475,
   1.1505485773086548,
   1.1512125730514526,
   1.128196358680725,
   1.1415351629257202,
   1.1195374727249146,
   1.086615800857544,
   1.0643651485443115,
   1.01726496219635,
   1.0137916803359985,
   1.040349006652832,
   1.0475573539733887,
   1.099031686782837,
   1.1460278034210205,
   1.134373664855957,
   1.120714783668518,
   1.165473222732544,
   1.178382158279419,
   1.1619672775268555,
   1.1819555759429932,
   1.172255277633667,
   1.1652462482452393,
   1.1847652196884155,
   1.205971121788025,
   1.2264292240142822,
   1.3247830867767334,
   1.3200581073760986,
   1.3297767639160156,
   1.2889565229415894,
   1.2352607250213623,
   1.27632474899292,
   1.3049991130828857,
   1.242563009262085,
   1.2327877283096313,
   1.2190735340118408,
   1.1905343532562256
  ],
  "amp_modulation_mean_valid_only": [
   1.2061824798583984,
   1.191029667854309,
   1.1978437900543213,
   1.1708576679229736,
   1.1819367408752441,
   1.1590551137924194,
   1.1747783422470093,
   1.146983027458191,
   1.1560182571411133,
   1.071130633354187,
   1.1181176900863647,
   1.082553505897522,
   1.0847431421279907,
   1.109336256980896,
   1.159997582435608,
   1.1512904167175293,
   1.1508163213729858,
   1.153283715248108,
   1.1751588582992554,
   1.1981658935546875,
   1.2091983556747437,
   1.1847604513168335,
   1.278607726097107,
   1.3114216327667236,
   1.253605604171753,
   1.2511730194091797,
   1.217002511024475,
   1.1505485773086548,
   1.1512125730514526,
   1.128196358680725,
   1.1415351629257202,
   1.1195374727249146,
   1.086615800857544,
   1.0643651485443115,
   1.01726496219635,
   1.0137916803359985,
   1.040349006652832,
   1.0475573539733887,
   1.099031686782837,
   1.1460278034210205,
   1.134373664855957,
   1.120714783668518,
   1.165473222732544,
   1.178382158279419,
   1.1619672775268555,
   1.1819555759429932,
   1.172255277633667,
   1.1652462482452393,
   1.1847652196884155,
   1.205971121788025,
   1.2264292240142822,
   1.3247830867767334,
   1.3200581073760986,
   1.3297767639160156,
   1.2889565229415894,
   1.2352607250213623,
   1.27632474899292,
   1.3049991130828857,
   1.242563009262085,
   1.2327877283096313,
   1.2190735340118408,
   1.1905343532562256
  ],
  "phase_consistency_across_units": [
   0.006784675642848015,
   0.014881509356200695,
   0.0032972937915474176,
   0.027321700006723404,
   0.020388394594192505,
   0.03144706040620804,
   0.019786149263381958,
   0.026562770828604698,
   0.018326308578252792,
   0.015533797442913055,
   0.018599409610033035,
   0.026113852858543396,
   0.027218226343393326,
   0.01636243797838688,
   0.01579347625374794,
   0.007107207551598549,
   0.016862384974956512,
   0.016163760796189308,
   0.01841946691274643,
   0.027690181508660316,
   0.022979948669672012,
   0.01079456228762865,
   0.0139034204185009,
   0.018321335315704346,
   0.007905494421720505,
   0.0029265836346894503,
   0.010975033976137638,
   0.017160827293992043,
   0.016472384333610535,
   0.009530548937618732,
   0.012582886964082718,
   0.010671861469745636,
   0.013794309459626675,
   0.02054385095834732,
   0.015577970072627068,
   0.008179188705980778,
   0.0029539212118834257,
   0.012135139666497707,
   0.01402444951236248,
   0.010377589613199234,
   0.011875434778630733,
   0.009401807561516762,
   0.004747686441987753,
   0.0022309317719191313,
   0.00430308235809207,
   0.019941721111536026,
   0.021136177703738213,
   0.016065988689661026,
   0.0070403688587248325,
   0.005389599595218897,
   0.0098537877202034,
   0.004200049210339785,
   0.009301295503973961,
   0.010204797610640526,
   0.009303946048021317,
   0.0032073690090328455,
   0.011234024539589882,
   0.006360606290400028,
   0.0046018618158996105,
   0.010291081853210926,
   0.003088841214776039,
   0.0034781985450536013
  ],
  "freq_mean": [
   0.16522303223609924,
   0.039296675473451614,
   0.15754516422748566,
   0.046694330871105194,
   0.14087191224098206,
   0.05528707429766655,
   0.1475151777267456,
   0.06487001478672028,
   0.1277448832988739,
   0.07301632314920425,
   0.10550087690353394,
   0.06082208827137947,
   0.13027423620224,
   0.10201780498027802,
   0.1729598343372345,
   0.10144634544849396,
   0.15991291403770447,
   0.0802881196141243,
   0.22799944877624512,
   0.1050739735364914,
   0.14259853959083557,
   0.10564156621694565,
   0.2913723886013031,
   0.1778448522090912,
   0.22164888679981232,
   0.22582359611988068,
   0.21849139034748077,
   0.17044126987457275,
   0.21913187205791473,
   0.16959650814533234,
   0.2551913857460022,
   0.1870138943195343,
   0.20724160969257355,
   0.16874977946281433,
   0.10106619447469711,
   0.18314266204833984,
   0.18345829844474792,
   0.2043822705745697,
   0.22877435386180878,
   0.2518555521965027,
   0.20747065544128418,
   0.19999291002750397,
   0.28345924615859985,
   0.23711800575256348,
   0.2168479859828949,
   0.24126705527305603,
   0.22690510749816895,
   0.21098323166370392,
   0.25108036398887634,
   0.19334635138511658,
   0.2914671301841736,
   0.30207759141921997,
   0.28542765974998474,
   0.2896592915058136,
   0.23939022421836853,
   0.17277225852012634,
   0.3435492515563965,
   0.2748916745185852,
   0.31451690196990967,
   0.2195049226284027,
   0.4925318658351898
  ],
  "freq_deviation_abs_mean": [
   0.3268338143825531,
   0.21219544112682343,
   0.2536919116973877,
   0.24134305119514465,
   0.23601968586444855,
   0.2564018666744232,
   0.24668832123279572,
   0.2501189410686493,
   0.22103354334831238,
   0.2522420883178711,
   0.2534136176109314,
   0.269667387008667,
   0.25817278027534485,
   0.30869248509407043,
   0.3186306953430176,
   0.32070571184158325,
   0.27421870827674866,
   0.3100472092628479,
   0.31244805455207825,
   0.3586331605911255,
   0.31482282280921936,
   0.3564089238643646,
   0.365034282207489,
   0.40292245149612427,
   0.37734419107437134,
   0.3875221312046051,
   0.37114468216896057,
   0.371864378452301,
   0.3415553569793701,
   0.37589383125305176,
   0.4126240611076355,
   0.3820435404777527,
   0.34698280692100525,
   0.31397774815559387,
   0.3314114809036255,
   0.3607851564884186,
   0.36238038539886475,
   0.36448055505752563,
   0.4053226411342621,
   0.3888793885707855,
   0.37539833784103394,
   0.3903360366821289,
   0.4046001434326172,
   0.39177584648132324,
   0.39221546053886414,
   0.3838353157043457,
   0.38038402795791626,
   0.39022296667099,
   0.3632583022117615,
   0.4167393147945404,
   0.4229987561702728,
   0.4254021644592285,
   0.4205336570739746,
   0.4387691915035248,
   0.4205043911933899,
   0.44313183426856995,
   0.40670180320739746,
   0.4240345060825348,
   0.41498103737831116,
   0.4504052698612213,
   0.4161391258239746
  ],