{
 "position": 49,
 "sequence_aa": "L",
 "substrate_file": "/Users/djbray/Desktop/esm2/esm2_substrate_facebook_esm2_t33_650M_UR50D/substrate.npz",
 "n_sublayers": 62,
 "n_units": 1280,
 "depth_profiles": {
  "amp_mean": [
   11.711929321289062,
   6.3642401695251465,
   6.478979587554932,
   4.999426364898682,
   5.0822248458862305,
   4.307528972625732,
   4.37351131439209,
   3.902064561843872,
   3.938971757888794,
   3.653977870941162,
   3.7169997692108154,
   3.4942588806152344,
   3.5623977184295654,
   3.435934543609619,
   3.612684726715088,
   3.4795384407043457,
   3.621542453765869,
   3.524897813796997,
   3.7887916564941406,
   3.697802782058716,
   3.8239407539367676,
   3.774237871170044,
   4.191269397735596,
   4.3132734298706055,
   4.3324689865112305,
   4.399705410003662,
   4.431153297424316,
   4.4340620040893555,
   4.442671298980713,
   4.42911434173584,
   4.419031143188477,
   4.541661739349365,
   4.501415252685547,
   4.515349864959717,
   4.49801778793335,
   4.655732154846191,
   4.860401630401611,
   5.016154766082764,
   5.287176609039307,
   5.676817417144775,
   5.676495552062988,
   5.843271255493164,
   6.197484016418457,
   6.535189628601074,
   6.235917091369629,
   6.142754077911377,
   6.153065204620361,
   6.2048163414001465,
   6.571566104888916,
   6.8650946617126465,
   7.232108116149902,
   7.681204319000244,
   7.7457146644592285,
   7.523639678955078,
   7.854386329650879,
   7.950148105621338,
   8.488917350769043,
   8.67621898651123,
   8.798455238342285,
   9.453866958618164,
   9.899276733398438,
   13.854713439941406
  ],
  "amp_modulation_mean": [
   1.3588461875915527,
   1.3424408435821533,
   1.3419135808944702,
   1.309532880783081,
   1.3204609155654907,
   1.294333577156067,
   1.2978092432022095,
   1.2814834117889404,
   1.28277587890625,
   1.2740405797958374,
   1.2710992097854614,
   1.2566032409667969,
   1.2565025091171265,
   1.2514545917510986,
   1.2726473808288574,
   1.2621655464172363,
   1.2593438625335693,
   1.2512891292572021,
   1.2572962045669556,
   1.247958779335022,
   1.2449920177459717,
   1.2197707891464233,
   1.2766438722610474,
   1.3004704713821411,
   1.273358941078186,
   1.2547810077667236,
   1.2468324899673462,
   1.194547414779663,
   1.1987733840942383,
   1.1680009365081787,
   1.1374001502990723,
   1.1238552331924438,
   1.1238869428634644,
   1.0887773036956787,
   1.0849854946136475,
   1.1064573526382446,
   1.1339547634124756,
   1.1366742849349976,
   1.184199333190918,
   1.2608132362365723,
   1.254819631576538,
   1.2763893604278564,
   1.333471655845642,
   1.3805850744247437,
   1.3028627634048462,
   1.2813968658447266,
   1.2660431861877441,
   1.2753530740737915,
   1.3286559581756592,
   1.3867247104644775,
   1.4155594110488892,
   1.5000547170639038,
   1.4737558364868164,
   1.4214023351669312,
   1.4366466999053955,
   1.42317795753479,
   1.4591519832611084,
   1.4200983047485352,
   1.3717782497406006,
   1.3732208013534546,
   1.347344160079956,
   1.3521525859832764
  ],
  "phase_consistency_across_units": [
   0.029427025467157364,
   0.024944158270955086,
   0.025037391111254692,
   0.031082231551408768,
   0.027130505070090294,
   0.04062509909272194,
   0.035856716334819794,
   0.03941523656249046,
   0.03781627118587494,
   0.04030926898121834,
   0.04277387633919716,
   0.0378136932849884,
   0.04478346183896065,
   0.04063960537314415,
   0.04022805020213127,
   0.02071366086602211,
   0.03768789768218994,
   0.014967186376452446,
   0.03237953782081604,
   0.02903217449784279,
   0.04065358266234398,
   0.0361270047724247,
   0.03411083295941353,
   0.02115757390856743,
   0.015695082023739815,
   0.014414440840482712,
   0.013161249458789825,
   0.019959287717938423,
   0.02747512422502041,
   0.01726292073726654,
   0.012032047845423222,
   0.013694549910724163,
   0.020860351622104645,
   0.024015648290514946,
   0.01944991946220398,
   0.024783147498965263,
   0.028027256950736046,
   0.022739840671420097,
   0.018816841766238213,
   0.024594757705926895,
   0.02378418855369091,
   0.020945684984326363,
   0.022459544241428375,
   0.011141776107251644,
   0.00637927046045661,
   0.004497079644352198,
   0.002099954755976796,
   0.008370967581868172,
   0.009074479341506958,
   0.014685411006212234,
   0.010865442454814911,
   0.00768860150128603,
   0.018166236579418182,
   0.012534765526652336,
   0.019117653369903564,
   0.017923634499311447,
   0.020069338381290436,
   0.03461550921201706,
   0.01756424270570278,
   0.009936967864632607,
   0.012188813649117947,
   0.01825667917728424
  ],
  "freq_mean": [
   0.15007229149341583,
   0.045992664992809296,
   0.11620105803012848,
   0.05487150698900223,
   0.11853504180908203,
   0.06345011293888092,
   0.14066851139068604,
   0.04944522678852081,
   0.1139761358499527,
   0.05623900890350342,
   0.11854703724384308,
   0.06113986298441887,
   0.08841826021671295,
   0.077952541410923,
   0.1443597823381424,
   0.0782749205827713,
   0.13391070067882538,
   0.09635423123836517,
   0.1925133913755417,
   0.08346786350011826,
   0.14756253361701965,
   0.07284331321716309,
   0.2874491512775421,
   0.17211565375328064,
   0.2293805330991745,
   0.14348164200782776,
   0.23853948712348938,
   0.1685052514076233,
   0.238152414560318,
   0.13848963379859924,
   0.20858034491539001,
   0.1814430058002472,
   0.19955618679523468,
   0.1307055950164795,
   0.15603289008140564,
   0.16716107726097107,
   0.20370888710021973,
   0.15763084590435028,
   0.23525622487068176,
   0.23496130108833313,
   0.17585346102714539,
   0.2128572016954422,
   0.2863205075263977,
   0.24159865081310272,
   0.17849865555763245,
   0.18503423035144806,
   0.167158842086792,
   0.19216704368591309,
   0.24873551726341248,
   0.23838341236114502,
   0.31415706872940063,
   0.33566054701805115,
   0.24487757682800293,
   0.2367958128452301,
   0.24464118480682373,
   0.22739481925964355,
   0.3445160984992981,
   0.20562367141246796,
   0.31680551171302795,
   0.17316249012947083,
   0.5210530161857605
  ],
  "freq_deviation_abs_mean": [
   0.3220077157020569,
   0.21290746331214905,
   0.24286441504955292,
   0.23015877604484558,
   0.2351873219013214,
   0.22729119658470154,
   0.2169971913099289,
   0.21647672355175018,
   0.2021644115447998,
   0.22154000401496887,
   0.21463260054588318,
   0.2347394973039627,
   0.22305259108543396,
   0.27226153016090393,
   0.2860763669013977,
   0.3008969724178314,
   0.26635995507240295,
   0.29453083872795105,
   0.3203512132167816,
   0.3658195436000824,
   0.3194352984428406,
   0.36547333002090454,
   0.3398357033729553,
   0.39839667081832886,
   0.3403683602809906,
   0.3809029161930084,
   0.3366059362888336,
   0.37704259157180786,
   0.3424832224845886,
   0.3406936228275299,
   0.3371010422706604,
   0.36337342858314514,
   0.35004717111587524,
   0.3408665060997009,
   0.32318437099456787,
   0.35167625546455383,
   0.334181010723114,
   0.36137115955352783,
   0.3836849331855774,
   0.3832085430622101,
   0.3773725926876068,
   0.37326493859291077,
   0.4036415219306946,
   0.3664029538631439,
   0.36217349767684937,
   0.37495023012161255,
   0.3758888840675354,
   0.3758603036403656,
   0.38470378518104553,
   0.40265804529190063,
   0.4230700135231018,
   0.4355754852294922,
   0.42664623260498047,
   0.40779122710227966,
   0.4023405909538269,
   0.4237271845340729,
   0.3955489993095398,
   0.40874147415161133,
   0.37670692801475525,
   0.44440728425979614,
   0.41115084290504456
  ]
 },
 "top_units_by_amp_modulation_max": [
  {
   "unit": 526,
   "max_amp_mod": 5.894462585449219,
   "argmax_sublayer": 0
  },
  {
   "unit": 547,
   "max_amp_mod": 5.422386169433594,
   "argmax_sublayer": 0
  },
  {
   "unit": 779,
   "max_amp_mod": 5.347923755645752,
   "argmax_sublayer": 0
  },
  {
   "unit": 752,
   "max_amp_mod": 5.126237392425537,
   "argmax_sublayer": 58
  },
  {
   "unit": 1125,
   "max_amp_mod": 5.075827121734619,