{
 "position": 60,
 "sequence_aa": "I",
 "substrate_file": "/home/dbrayjr5/esm2-osc/esm2_substrate_facebook_esm2_t33_650M_UR50D/substrate.npz",
 "n_sublayers": 62,
 "n_units": 1280,
 "validity_floor": {
  "quantile": 0.1,
  "absolute_value": 2.7328476905822754,
  "n_valid_cells": 71424,
  "n_total_cells": 79360,
  "fraction_valid": 0.9
 },
 "depth_profiles": {
  "amp_modulation_mean": [
   1.2812740802764893,
   1.2670978307724,
   1.278102159500122,
   1.2477630376815796,
   1.2556331157684326,
   1.2414683103561401,
   1.2551714181900024,
   1.2465245723724365,
   1.2502626180648804,
   1.2487242221832275,
   1.2510322332382202,
   1.2373082637786865,
   1.2363287210464478,
   1.2377281188964844,
   1.260157823562622,
   1.241184115409851,
   1.2358877658843994,
   1.2411320209503174,
   1.2147600650787354,
   1.2232342958450317,
   1.2433652877807617,
   1.2195398807525635,
   1.2748658657073975,
   1.293147325515747,
   1.2661635875701904,
   1.2319437265396118,
   1.2224289178848267,
   1.1777149438858032,
   1.2063859701156616,
   1.2017892599105835,
   1.188386082649231,
   1.1776845455169678,
   1.1332286596298218,
   1.089854121208191,
   1.1377086639404297,
   1.1328147649765015,
   1.138642430305481,
   1.1218372583389282,
   1.2213748693466187,
   1.3059747219085693,
   1.265437126159668,
   1.251331090927124,
   1.2695543766021729,
   1.2574093341827393,
   1.1964274644851685,
   1.2223403453826904,
   1.2168619632720947,
   1.209850549697876,
   1.1938296556472778,
   1.2066587209701538,
   1.2114441394805908,
   1.2824985980987549,
   1.294891357421875,
   1.2710288763046265,
   1.2277133464813232,
   1.2643003463745117,
   1.2868317365646362,
   1.3230005502700806,
   1.3178237676620483,
   1.3002660274505615,
   1.2729276418685913,
   1.264966368675232
  ],
  "amp_modulation_mean_valid_only": [
   1.2812740802764893,
   1.2670978307724,
   1.278102159500122,
   1.2477630376815796,
   1.2556331157684326,
   1.2418736219406128,
   1.2551714181900024,
   1.2387062311172485,
   1.2352049350738525,
   1.2264354228973389,
   1.2109029293060303,
   1.1869010925292969,
   1.2043641805648804,
   1.2017515897750854,
   1.197202205657959,
   1.1445729732513428,
   1.1748323440551758,
   1.2139300107955933,
   1.2078163623809814,
   1.194783091545105,
   1.2337452173233032,
   1.216554880142212,
   1.2748658657073975,
   1.293147325515747,
   1.2661635875701904,
   1.2319437265396118,
   1.2224289178848267,
   1.1777149438858032,
   1.2063859701156616,
   1.2017892599105835,
   1.188386082649231,
   1.1776845455169678,
   1.1332286596298218,
   1.089854121208191,
   1.1377086639404297,
   1.1328147649765015,
   1.138642430305481,
   1.1218372583389282,
   1.2213748693466187,
   1.3059747219085693,
   1.265437126159668,
   1.251331090927124,
   1.2695543766021729,
   1.2574093341827393,
   1.1964274644851685,
   1.2223403453826904,
   1.2168619632720947,
   1.209850549697876,
   1.1938296556472778,
   1.2066587209701538,
   1.2114441394805908,
   1.2824985980987549,
   1.294891357421875,
   1.2710288763046265,
   1.2277133464813232,
   1.2643003463745117,
   1.2868317365646362,
   1.3230005502700806,
   1.3178237676620483,
   1.3002660274505615,
   1.2729276418685913,
   1.264966368675232
  ],
  "phase_consistency_across_units": [
   0.017472950741648674,
   0.014808393083512783,
   0.019715188071131706,
   0.019207032397389412,
   0.024005616083741188,
   0.03201593831181526,
   0.027661262080073357,
   0.03255418688058853,
   0.037506867200136185,
   0.03746163100004196,
   0.035642560571432114,
   0.03696472570300102,
   0.035384081304073334,
   0.0279750507324934,
   0.04000050947070122,
   0.011271030642092228,
   0.031403206288814545,
   0.009658653289079666,
   0.01991557888686657,
   0.02465338446199894,
   0.024971211329102516,
   0.027196446433663368,
   0.028763433918356895,
   0.02508792281150818,
   0.010576874949038029,
   0.03240475058555603,
   0.03163871541619301,
   0.04280418902635574,
   0.02829158678650856,
   0.018004504963755608,
   0.0176235381513834,
   0.012149824760854244,
   0.017600659281015396,
   0.024099227041006088,
   0.01575227826833725,
   0.02324191853404045,
   0.015697551891207695,
   0.017327601090073586,
   0.01698736473917961,
   0.021730544045567513,
   0.027171682566404343,
   0.018684741109609604,
   0.014812369830906391,
   0.02157285064458847,
   0.017328385263681412,
   0.010160967707633972,
   0.009098033420741558,
   0.014952654018998146,
   0.011179778724908829,
   0.007787003181874752,
   0.014942704699933529,
   0.0223508570343256,
   0.01072694268077612,
   0.014169319532811642,
   0.007120808120816946,
   0.02094823122024536,
   0.01901843398809433,
   0.010401466861367226,
   0.015592487528920174,
   0.02933496981859207,
   0.029738955199718475,
   0.014859288930892944
  ],
  "freq_mean": [
   0.15962393581867218,
   0.037596143782138824,
   0.1727830469608307,
   0.03483445197343826,
   0.14210471510887146,
   0.04846416041254997,
   0.14129407703876495,
   0.05681956931948662,
   0.09778157621622086,
   0.07251131534576416,
   0.10209004580974579,
   0.07665187120437622,
   0.09790445864200592,
   0.109727643430233,
   0.13721776008605957,
   0.09201519191265106,
   0.15009674429893494,
   0.12277635186910629,
   0.17487886548042297,
   0.12818357348442078,
   0.15582643449306488,
   0.09758387506008148,
   0.28360074758529663,
   0.18369562923908234,
   0.21468296647071838,
   0.16950610280036926,
   0.1908944547176361,
   0.17366226017475128,
   0.22831150889396667,
   0.18193908035755157,
   0.2396245002746582,
   0.18370532989501953,
   0.16196633875370026,
   0.16162271797657013,
   0.203024223446846,
   0.14914926886558533,
   0.16746559739112854,
   0.1453101485967636,
   0.28460952639579773,
   0.2541953921318054,
   0.2066206932067871,
   0.20460037887096405,
   0.28944605588912964,
   0.1943931132555008,
   0.18589112162590027,
   0.2141379863023758,
   0.2009248435497284,
   0.16904519498348236,
   0.18156853318214417,
   0.19501963257789612,
   0.2578941881656647,
   0.27034884691238403,
   0.2555086612701416,
   0.1999627649784088,
   0.23125815391540527,
   0.24300122261047363,
   0.3089415431022644,
   0.27701520919799805,
   0.34965839982032776,
   0.21502280235290527,
   0.48710864782333374
  ],
  "freq_deviation_abs_mean": [
   0.3355424404144287,
   0.23213739693164825,
   0.26741090416908264,
   0.2520226538181305,
   0.2388402223587036,
   0.238057941198349,
   0.22884726524353027,
   0.2281877100467682,
   0.2258523404598236,
   0.2337838113307953,
   0.21521957218647003,
   0.23339886963367462,
   0.2268357276916504,
   0.25170081853866577,
   0.2913702428340912,
   0.3177008330821991,
   0.27367714047431946,
   0.30373328924179077,
   0.31801387667655945,
   0.364998459815979,
   0.3221528232097626,
   0.3503551483154297,
   0.34784141182899475,
   0.4021628797054291,
   0.3635335862636566,
   0.3762548565864563,
   0.3619388937950134,
   0.3883797228336334,
   0.3628269135951996,
   0.36208295822143555,
   0.37435978651046753,
   0.3756943345069885,
   0.3500560224056244,
   0.35871362686157227,
   0.3559136986732483,
   0.380045086145401,
   0.3447471261024475,
   0.3570597767829895,
   0.3781351149082184,
   0.37548622488975525,
   0.36081463098526,
   0.39083489775657654,
   0.36702436208724976,
   0.36872154474258423,
   0.3424886465072632,
   0.34170404076576233,
   0.3423433005809784,
   0.3537241518497467,
   0.3504094183444977,
   0.39283204078674316,
   0.383203387260437,
   0.3971763253211975,
   0.3727702498435974,
   0.4185379147529602,
   0.41271811723709106,
   0.4247038960456848,
   0.4001022279262543,
   0.43036970496177673,
   0.4154542088508606,
   0.4551863670349121,
   0.4640234410762787
  ],