{
 "position": 13,
 "sequence_aa": "T",
 "substrate_file": "/home/dbrayjr5/esm2-osc/esm2_substrate_facebook_esm2_t33_650M_UR50D/substrate.npz",
 "n_sublayers": 62,
 "n_units": 1280,
 "validity_floor": {
  "quantile": 0.1,
  "absolute_value": 2.7328476905822754,
  "n_valid_cells": 71424,
  "n_total_cells": 79360,
  "fraction_valid": 0.9
 },
 "depth_profiles": {
  "amp_modulation_mean": [
   1.1173896789550781,
   1.0988563299179077,
   1.1006336212158203,
   1.078769326210022,
   1.0897917747497559,
   1.0744967460632324,
   1.0848667621612549,
   1.0723321437835693,
   1.0999175310134888,
   1.0859143733978271,
   1.0854990482330322,
   1.0758776664733887,
   1.089252233505249,
   1.0670502185821533,
   1.0992218255996704,
   1.0782700777053833,
   1.0766133069992065,
   1.085531234741211,
   1.1029679775238037,
   1.093927025794983,
   1.0981652736663818,
   1.0827094316482544,
   1.1423022747039795,
   1.1468194723129272,
   1.1002153158187866,
   1.0729048252105713,
   1.1013290882110596,
   1.0881083011627197,
   1.0609811544418335,
   1.0488343238830566,
   1.0073734521865845,
   1.0129379034042358,
   0.9859700202941895,
   0.9710849523544312,
   0.9998234510421753,
   1.0285457372665405,
   1.0086004734039307,
   0.9865781664848328,
   1.0288691520690918,
   1.0895874500274658,
   1.0810738801956177,
   1.0809046030044556,
   1.052009105682373,
   1.0088014602661133,
   1.0010026693344116,
   1.0102436542510986,
   1.0270349979400635,
   1.0266993045806885,
   1.072736382484436,
   1.159468412399292,
   1.1433770656585693,
   1.1065657138824463,
   1.115277886390686,
   1.1272213459014893,
   1.1297699213027954,
   1.1687328815460205,
   1.235817551612854,
   1.2503141164779663,
   1.1550638675689697,
   1.1291228532791138,
   1.1213432550430298,
   1.1064072847366333
  ],
  "amp_modulation_mean_valid_only": [
   1.1173896789550781,
   1.0988563299179077,
   1.1006336212158203,
   1.078769326210022,
   1.0897917747497559,
   1.075406551361084,
   1.0848667621612549,
   1.0722237825393677,
   1.0956482887268066,
   1.1113731861114502,
   1.0844554901123047,
   1.0869582891464233,
   1.1019251346588135,
   1.056213140487671,
   1.1023491621017456,
   1.0971440076828003,
   1.0871349573135376,
   1.1007057428359985,
   1.100935935974121,
   1.089363932609558,
   1.0988322496414185,
   1.0808980464935303,
   1.1423022747039795,
   1.1468194723129272,
   1.1002153158187866,
   1.0729048252105713,
   1.1013290882110596,
   1.0881083011627197,
   1.0609811544418335,
   1.0488343238830566,
   1.0073734521865845,
   1.0129379034042358,
   0.9859700202941895,
   0.9710849523544312,
   0.9998234510421753,
   1.0285457372665405,
   1.0086004734039307,
   0.9865781664848328,
   1.0288691520690918,
   1.0895874500274658,
   1.0810738801956177,
   1.0809046030044556,
   1.052009105682373,
   1.0088014602661133,
   1.0010026693344116,
   1.0102436542510986,
   1.0270349979400635,
   1.0266993045806885,
   1.072736382484436,
   1.159468412399292,
   1.1433770656585693,
   1.1065657138824463,
   1.115277886390686,
   1.1272213459014893,
   1.1297699213027954,
   1.1687328815460205,
   1.235817551612854,
   1.2503141164779663,
   1.1550638675689697,
   1.1291228532791138,
   1.1213432550430298,
   1.1064072847366333
  ],
  "phase_consistency_across_units": [
   0.011037498712539673,
   0.019733279943466187,
   0.011193687096238136,
   0.03150624781847,
   0.021964849904179573,
   0.04245372116565704,
   0.037247221916913986,
   0.046653106808662415,
   0.037972982972860336,
   0.0333591103553772,
   0.029353121295571327,
   0.03207620978355408,
   0.037928417325019836,
   0.03212423622608185,
   0.03773973137140274,
   0.020464032888412476,
   0.03247540444135666,
   0.022420553490519524,
   0.02075374126434326,
   0.038152873516082764,
   0.03567925840616226,
   0.04683907330036163,
   0.01740991696715355,
   0.04017380625009537,
   0.02531537041068077,
   0.02813718467950821,
   0.027853814885020256,
   0.03011830523610115,
   0.02157812938094139,
   0.02986247092485428,
   0.0024509571958333254,
   0.012770523317158222,
   0.01929447613656521,
   0.016082337126135826,
   0.016455592587590218,
   0.023739907890558243,
   0.01876898668706417,
   0.024519244208931923,
   0.013667132705450058,
   0.007686960976570845,
   0.013799149543046951,
   0.008130277507007122,
   0.0023555238731205463,
   0.004677806980907917,
   0.005088254809379578,
   0.017784245312213898,
   0.013169625774025917,
   0.0032651072833687067,
   0.015310196205973625,
   0.02118874527513981,
   0.01042200904339552,
   0.010136276483535767,
   0.017558874562382698,
   0.007560350466519594,
   0.018136557191610336,
   0.004407946486026049,
   0.02251436747610569,
   0.010491943918168545,
   0.01553115900605917,
   0.014746171422302723,
   0.01632769964635372,
   0.013222831301391125
  ],
  "freq_mean": [
   0.16155366599559784,
   0.023872321471571922,
   0.15536780655384064,
   0.04720423370599747,
   0.1236131563782692,
   0.07066814601421356,
   0.1077265590429306,
   0.08736429363489151,
   0.1666264832019806,
   0.1010512113571167,
   0.11383422464132309,
   0.12193085253238678,
   0.13681337237358093,
   0.10282772779464722,
   0.1761961728334427,
   0.09510363638401031,
   0.15848571062088013,
   0.12913846969604492,
   0.2350432127714157,
   0.10159571468830109,
   0.1869562566280365,
   0.12742778658866882,
   0.30594268441200256,
   0.18133744597434998,
   0.21964474022388458,
   0.17298661172389984,
   0.2649165093898773,
   0.17278623580932617,
   0.19840502738952637,
   0.15149347484111786,
   0.1985481232404709,
   0.2059423178434372,
   0.13517551124095917,
   0.16658417880535126,
   0.2259666919708252,
   0.20773442089557648,
   0.1902289092540741,
   0.154949352145195,
   0.2955384850502014,
   0.26880016922950745,
   0.22407062351703644,
   0.25133246183395386,
   0.17932391166687012,
   0.18629808723926544,
   0.20969192683696747,
   0.18675865232944489,
   0.20671387016773224,
   0.1861974149942398,
   0.2624834477901459,
   0.2977316379547119,
   0.24950666725635529,
   0.19977238774299622,
   0.2727392613887787,
   0.19607266783714294,
   0.2396058589220047,
   0.2340560406446457,
   0.39321622252464294,
   0.24457088112831116,
   0.3012252748012543,
   0.17810624837875366,
   0.5044739842414856
  ],
  "freq_deviation_abs_mean": [
   0.36213749647140503,
   0.24047589302062988,
   0.27583828568458557,
   0.26137909293174744,
   0.24708768725395203,
   0.24029120802879333,
   0.2336113154888153,
   0.2476816624403,
   0.2730368971824646,
   0.30342674255371094,
   0.25057655572891235,
   0.26733580231666565,
   0.2507781386375427,
   0.3194119334220886,
   0.3501684367656708,
   0.35378918051719666,
   0.32309892773628235,
   0.37353917956352234,
   0.3843078911304474,
   0.41187548637390137,
   0.3563369810581207,
   0.4095624089241028,
   0.39186638593673706,
   0.4096657335758209,
   0.3593267798423767,
   0.3769181966781616,
   0.3429887294769287,
   0.34724316000938416,
   0.3230896592140198,
   0.3671339154243469,
   0.3769990801811218,
   0.3251655697822571,
   0.3412396311759949,
   0.3588310778141022,
   0.36910009384155273,
   0.38812753558158875,
   0.3466695547103882,
   0.40396490693092346,
   0.4264705181121826,
   0.42916879057884216,
   0.4117823541164398,
   0.3523445725440979,
   0.3668370842933655,
   0.3428117334842682,
   0.33405613899230957,
   0.3739953637123108,
   0.36416974663734436,
   0.40675196051597595,
   0.42653506994247437,
   0.38792455196380615,
   0.3946939706802368,
   0.42483896017074585,
   0.3842903673648834,
   0.39718955755233765,
   0.38293105363845825,
   0.450173556804657,
   0.4189678728580475,
   0.44251304864883423,
   0.4023764729499817,
   0.45335277915000916,
   0.4459656774997711
  ],