{
 "position": 61,
 "sequence_aa": "Q",
 "substrate_file": "/Users/djbray/Desktop/esm2/esm2_substrate_facebook_esm2_t33_650M_UR50D/substrate.npz",
 "n_sublayers": 62,
 "n_units": 1280,
 "depth_profiles": {
  "amp_mean": [
   9.794897079467773,
   5.283944129943848,
   5.486611366271973,
   4.254494667053223,
   4.335964679718018,
   3.7067933082580566,
   3.795534610748291,
   3.398207187652588,
   3.4462368488311768,
   3.216493606567383,
   3.2828681468963623,
   3.1142163276672363,
   3.196467161178589,
   3.099517822265625,
   3.322958469390869,
   3.1990530490875244,
   3.3505890369415283,
   3.2636570930480957,
   3.4341609477996826,
   3.4333655834198,
   3.6355109214782715,
   3.5580506324768066,
   3.999185085296631,
   4.087359428405762,
   4.036945343017578,
   4.036522388458252,
   4.166892051696777,
   4.2337117195129395,
   4.289231300354004,
   4.340863227844238,
   4.376692771911621,
   4.544620990753174,
   4.292812347412109,
   4.212224006652832,
   4.382636070251465,
   4.486985206604004,
   4.521477699279785,
   4.517237186431885,
   4.900432586669922,
   5.227877140045166,
   5.069487571716309,
   5.198400974273682,
   5.378527641296387,
   5.498556613922119,
   5.319526195526123,
   5.255806922912598,
   5.382894039154053,
   5.43875789642334,
   5.507277011871338,
   5.4613542556762695,
   5.738833427429199,
   5.882664680480957,
   5.8738532066345215,
   6.060600280761719,
   6.014184951782227,
   6.265976905822754,
   6.534998893737793,
   6.836450099945068,
   7.128564357757568,
   7.856389045715332,
   8.219388961791992,
   11.421605110168457
  ],
  "amp_modulation_mean": [
   1.121565580368042,
   1.1013212203979492,
   1.1223770380020142,
   1.100954294204712,
   1.1138935089111328,
   1.1031101942062378,
   1.1156201362609863,
   1.1077688932418823,
   1.1143276691436768,
   1.116250991821289,
   1.115454077720642,
   1.113124132156372,
   1.1209272146224976,
   1.122728943824768,
   1.1649307012557983,
   1.156312346458435,
   1.1604971885681152,
   1.1552989482879639,
   1.1381556987762451,
   1.1578782796859741,
   1.1834936141967773,
   1.149049997329712,
   1.2169109582901,
   1.2313787937164307,
   1.1848456859588623,
   1.1480149030685425,
   1.1711556911468506,
   1.140795350074768,
   1.1574081182479858,
   1.1445214748382568,
   1.1265939474105835,
   1.125523567199707,
   1.0716705322265625,
   1.0149891376495361,
   1.0580928325653076,
   1.0668504238128662,
   1.054297924041748,
   1.0209193229675293,
   1.0968973636627197,
   1.1591031551361084,
   1.117070198059082,
   1.1301538944244385,
   1.1508052349090576,
   1.1561696529388428,
   1.1056764125823975,
   1.0915037393569946,
   1.10308039188385,
   1.113760232925415,
   1.1072425842285156,
   1.096091628074646,
   1.1170399188995361,
   1.1421725749969482,
   1.1101868152618408,
   1.1388391256332397,
   1.091573715209961,
   1.113821029663086,
   1.1182533502578735,
   1.1137348413467407,
   1.1054614782333374,
   1.1339385509490967,
   1.1069481372833252,
   1.1004451513290405
  ],
  "phase_consistency_across_units": [
   0.01992129720747471,
   0.010208803229033947,
   0.03285522758960724,
   0.03016838990151882,
   0.020167246460914612,
   0.03532636910676956,
   0.025883574038743973,
   0.04273083433508873,
   0.02336512692272663,
   0.028757836669683456,
   0.016039693728089333,
   0.02676721103489399,
   0.024107065051794052,
   0.02118130587041378,
   0.01819932460784912,
   0.01285264827311039,
   0.016414880752563477,
   0.008940617553889751,
   0.006619240157306194,
   0.0063535841181874275,
   0.012431040406227112,
   0.023120639845728874,
   0.0054276385344564915,
   0.01736684888601303,
   0.01299936231225729,
   0.006535480730235577,
   0.0030951036605983973,
   0.017589285969734192,
   0.016542155295610428,
   0.009683788754045963,
   0.008179675787687302,
   0.007543702609837055,
   0.021729957312345505,
   0.021562743932008743,
   0.01684030517935753,
   0.007926950231194496,
   0.009330070577561855,
   0.0088142529129982,
   0.01185325626283884,
   0.010942013934254646,
   0.006603884045034647,
   0.012454579584300518,
   0.009408758953213692,
   0.003173027653247118,
   0.0134170763194561,
   0.01809140294790268,
   0.029872601851820946,
   0.023139555007219315,
   0.014029535464942455,
   0.018493201583623886,
   0.00859017763286829,
   0.013033679686486721,
   0.014998042024672031,
   0.005277704913169146,
   0.014822134748101234,
   0.01124590914696455,
   0.019724540412425995,
   0.0038949211593717337,
   0.0070580001920461655,
   0.01836722157895565,
   0.0191082451492548,
   0.0028666448779404163
  ],
  "freq_mean": [
   0.17324545979499817,
   0.03944910690188408,
   0.18260730803012848,
   0.05319739505648613,
   0.1595718264579773,
   0.08655090630054474,
   0.1377200484275818,
   0.0634249672293663,
   0.1364855319261551,
   0.07923433929681778,
   0.1348896324634552,
   0.08696220070123672,
   0.11330380290746689,
   0.11419334262609482,
   0.20928522944450378,
   0.11115886270999908,
   0.1975473165512085,
   0.1324860006570816,
   0.15349993109703064,
   0.15781168639659882,
   0.17268705368041992,
   0.10992197692394257,
   0.28856778144836426,
   0.2116456925868988,
   0.19767697155475616,
   0.17336876690387726,
   0.22847115993499756,
   0.19681291282176971,
   0.2407069206237793,
   0.17336396872997284,
   0.22814789414405823,
   0.21499931812286377,
   0.15331003069877625,
   0.16873395442962646,
   0.23025007545948029,
   0.19852203130722046,
   0.17608384788036346,
   0.18055351078510284,
   0.2856925129890442,
   0.22612974047660828,
   0.20443406701087952,
   0.210788756608963,
   0.25733262300491333,
   0.24486808478832245,
   0.1816866099834442,
   0.19199588894844055,
   0.2255394011735916,
   0.2270752489566803,
   0.20075440406799316,
   0.210192009806633,
   0.26471105217933655,
   0.23253318667411804,
   0.27223464846611023,
   0.20141157507896423,
   0.2524626851081848,
   0.26537683606147766,
   0.3052486777305603,
   0.24015608429908752,
   0.38615843653678894,
   0.20858249068260193,
   0.5373552441596985
  ],
  "freq_deviation_abs_mean": [
   0.41913825273513794,
   0.27639713883399963,
   0.30231958627700806,
   0.28423336148262024,
   0.2729964554309845,
   0.27310508489608765,
   0.26986071467399597,
   0.2724391520023346,
   0.23821787536144257,
   0.25689664483070374,
   0.22800180315971375,
   0.2663044333457947,
   0.25766223669052124,
   0.30342334508895874,
   0.33865872025489807,
   0.3496866822242737,
   0.28509485721588135,
   0.3331001400947571,
   0.3392828404903412,
   0.3550163805484772,
   0.3416622281074524,
   0.36572548747062683,
   0.3652290403842926,
   0.39765968918800354,
   0.37050434947013855,
   0.38457244634628296,
   0.378584623336792,
   0.36907723546028137,
   0.3736308217048645,
   0.3864545226097107,
   0.38230347633361816,
   0.3732185661792755,
   0.34149041771888733,
   0.3460922837257385,
   0.3733852207660675,
   0.38304662704467773,
   0.34993380308151245,
   0.36761119961738586,
   0.38215798139572144,
   0.36578255891799927,
   0.35972848534584045,
   0.3777223229408264,
   0.39340460300445557,
   0.3686900734901428,
   0.358092337846756,
   0.3512685000896454,
   0.35869693756103516,
   0.3619098663330078,
   0.36854833364486694,
   0.3820269703865051,
   0.41858530044555664,
   0.39820408821105957,
   0.38711869716644287,
   0.44941434264183044,
   0.43445372581481934,
   0.4526142179965973,
   0.459581196308136,
   0.513156533241272,
   0.46268168091773987,
   0.5182775259017944,
   0.5118016004562378
  ]
 },
 "top_units_by_amp_modulation_max": [
  {
   "unit": 871,
   "max_amp_mod": 4.869169235229492,
   "argmax_sublayer": 1
  },
  {
   "unit": 625,
   "max_amp_mod": 4.420553684234619,
   "argmax_sublayer": 22
  },
  {
   "unit": 526,
   "max_amp_mod": 4.404907703399658,
   "argmax_sublayer": 0
  },
  {
   "unit": 1077,
   "max_amp_mod": 4.3708953857421875,
   "argmax_sublayer": 53
  },
  {
   "unit": 849,
   "max_amp_mod": 4.274520397186279,