{
 "position": 16,
 "sequence_aa": "V",
 "substrate_file": "/Users/djbray/Desktop/esm2/esm2_substrate_facebook_esm2_t33_650M_UR50D/substrate.npz",
 "n_sublayers": 62,
 "n_units": 1280,
 "depth_profiles": {
  "amp_mean": [
   10.648305892944336,
   5.765665531158447,
   5.915735721588135,
   4.580212116241455,
   4.6714582443237305,
   3.9780006408691406,
   4.070542812347412,
   3.6291775703430176,
   3.719237804412842,
   3.4299492835998535,
   3.528418779373169,
   3.3075408935546875,
   3.3901705741882324,
   3.2374777793884277,
   3.432509183883667,
   3.3124358654022217,
   3.4327759742736816,
   3.3669567108154297,
   3.615182876586914,
   3.5677928924560547,
   3.7228455543518066,
   3.673226833343506,
   3.989819288253784,
   4.035583019256592,
   4.009974479675293,
   4.083560943603516,
   4.186214447021484,
   4.261637210845947,
   4.2695698738098145,
   4.429347038269043,
   4.284815311431885,
   4.36185359954834,
   4.228230953216553,
   4.243132591247559,
   4.425667762756348,
   4.607588291168213,
   4.604642868041992,
   4.6791558265686035,
   5.028420925140381,
   5.464041233062744,
   5.3612446784973145,
   5.402312278747559,
   5.486112594604492,
   5.51893949508667,
   5.479886054992676,
   5.515852928161621,
   5.54493522644043,
   5.464949607849121,
   5.633839130401611,
   5.800229072570801,
   6.065423011779785,
   6.042860984802246,
   6.265134811401367,
   6.527565956115723,
   6.433296203613281,
   6.442529201507568,
   6.8046112060546875,
   7.321424961090088,
   7.544966220855713,
   8.144596099853516,
   8.60925579071045,
   12.371477127075195
  ],
  "amp_modulation_mean": [
   1.235811471939087,
   1.2137662172317505,
   1.2231805324554443,
   1.1962393522262573,
   1.2107586860656738,
   1.1908838748931885,
   1.2039711475372314,
   1.1878961324691772,
   1.208709716796875,
   1.1943858861923218,
   1.2045049667358398,
   1.1862075328826904,
   1.1932060718536377,
   1.1756484508514404,
   1.2049068212509155,
   1.1994373798370361,
   1.1913323402404785,
   1.194211721420288,
   1.2001588344573975,
   1.2051115036010742,
   1.2114568948745728,
   1.1890909671783447,
   1.2153829336166382,
   1.214583158493042,
   1.1798778772354126,
   1.1654157638549805,
   1.177780270576477,
   1.149611234664917,
   1.1562658548355103,
   1.1717236042022705,
   1.1073329448699951,
   1.0852324962615967,
   1.0600820779800415,
   1.0272917747497559,
   1.0730841159820557,
   1.0999672412872314,
   1.0783922672271729,
   1.0628234148025513,
   1.129650354385376,
   1.217507004737854,
   1.1895630359649658,
   1.1821751594543457,
   1.180631399154663,
   1.165320634841919,
   1.1431760787963867,
   1.1491711139678955,
   1.139732837677002,
   1.1221253871917725,
   1.1375763416290283,
   1.169049620628357,
   1.185052514076233,
   1.1769177913665771,
   1.189204454421997,
   1.2308084964752197,
   1.1718074083328247,
   1.1468720436096191,
   1.1676075458526611,
   1.1981226205825806,
   1.176397681236267,
   1.183495283126831,
   1.1696797609329224,
   1.2069391012191772
  ],
  "phase_consistency_across_units": [
   0.027817370370030403,
   0.029583431780338287,
   0.02539638802409172,
   0.03874530270695686,
   0.03830617293715477,
   0.0500338189303875,
   0.047199420630931854,
   0.06334895640611649,
   0.05088271200656891,
   0.05095682665705681,
   0.0430818609893322,
   0.04906658083200455,
   0.038940366357564926,
   0.042520228773355484,
   0.04001361504197121,
   0.013976780697703362,
   0.030919868499040604,
   0.02143879234790802,
   0.033286433666944504,
   0.018588749691843987,
   0.0391487292945385,
   0.02344127930700779,
   0.017184460535645485,
   0.022059177979826927,
   0.024242302402853966,
   0.020748093724250793,
   0.030312873423099518,
   0.032204851508140564,
   0.03604583814740181,
   0.03472857177257538,
   0.024362271651625633,
   0.03025091625750065,
   0.027487659826874733,
   0.02049172669649124,
   0.009973014704883099,
   0.006545544136315584,
   0.019568677991628647,
   0.024483153596520424,
   0.0011794415768235922,
   0.010468484833836555,
   0.010461980476975441,
   0.008258250541985035,
   0.014564519748091698,
   0.022064853459596634,
   0.020571690052747726,
   0.012282157316803932,
   0.009798476472496986,
   0.018078651279211044,
   0.0034617329947650433,
   0.022971289232373238,
   0.01959224045276642,
   0.03771768510341644,
   0.022442273795604706,
   0.025812795385718346,
   0.03306691721081734,
   0.031561437994241714,
   0.02251373417675495,
   0.0311067346483469,
   0.020741555839776993,
   0.02677058055996895,
   0.015808796510100365,
   0.017130937427282333
  ],
  "freq_mean": [
   0.15469221770763397,
   0.028470564633607864,
   0.14578428864479065,
   0.05165731906890869,
   0.13130562007427216,
   0.060048945248126984,
   0.12661446630954742,
   0.048331260681152344,
   0.13999882340431213,
   0.07830069214105606,
   0.14325770735740662,
   0.06956596672534943,
   0.1370674967765808,
   0.08040453493595123,
   0.178302600979805,
   0.10070578753948212,
   0.1636858880519867,
   0.10561392456293106,
   0.21919552981853485,
   0.15124784409999847,
   0.20566010475158691,
   0.11458311975002289,
   0.27287667989730835,
   0.12928640842437744,
   0.19959977269172668,
   0.1461600363254547,
   0.23613040149211884,
   0.15362173318862915,
   0.19354386627674103,
   0.20298008620738983,
   0.1556030511856079,
   0.16313309967517853,
   0.14765694737434387,
   0.13259315490722656,
   0.22101113200187683,
   0.1885661780834198,
   0.16983716189861298,
   0.19648560881614685,
   0.2747211754322052,
   0.2683793604373932,
   0.21327491104602814,
   0.23270821571350098,
   0.2467002123594284,
   0.24054045975208282,
   0.21524183452129364,
   0.21445715427398682,
   0.1866278499364853,
   0.19056828320026398,
   0.2059268057346344,
   0.25491175055503845,
   0.25411108136177063,
   0.22209306061267853,
   0.3042171597480774,
   0.23646526038646698,
   0.2294706404209137,
   0.17106351256370544,
   0.2999935448169708,
   0.1939808428287506,
   0.33182576298713684,
   0.1655959188938141,
   0.508924126625061
  ],
  "freq_deviation_abs_mean": [
   0.3386818468570709,
   0.21475401520729065,
   0.24592652916908264,
   0.2364749014377594,
   0.2216854989528656,
   0.22536230087280273,
   0.2138230800628662,
   0.2296309769153595,
   0.23439259827136993,
   0.2505555748939514,
   0.22215726971626282,
   0.25534138083457947,
   0.24163439869880676,
   0.29389312863349915,
   0.298717737197876,
   0.31886187195777893,
   0.2950748801231384,
   0.35764187574386597,
   0.3337211608886719,
   0.38021281361579895,
   0.35935264825820923,
   0.4053782820701599,
   0.3488784432411194,
   0.3677167296409607,
   0.34082263708114624,
   0.3703974485397339,
   0.3466951251029968,
   0.3395623564720154,
   0.33400624990463257,
   0.3324432969093323,
   0.354547917842865,
   0.3220534920692444,
   0.29276299476623535,
   0.3352743685245514,
   0.3469841480255127,
   0.38803306221961975,
   0.3632422387599945,
   0.4263988435268402,
   0.4536093771457672,
   0.40823134779930115,
   0.3721221089363098,
   0.3859178125858307,
   0.39084362983703613,
   0.3532540202140808,
   0.36060434579849243,
   0.3656630218029022,
   0.36503005027770996,
   0.3759499490261078,
   0.3848908841609955,
   0.38596057891845703,
   0.3761078119277954,
   0.39806944131851196,
   0.4010578989982605,
   0.40662986040115356,
   0.37796324491500854,
   0.40027809143066406,
   0.40758728981018066,
   0.4458692669868469,
   0.3996857702732086,
   0.4850156903266907,
   0.46708258986473083
  ]
 },
 "top_units_by_amp_modulation_max": [
  {
   "unit": 208,
   "max_amp_mod": 5.124434471130371,
   "argmax_sublayer": 0
  },
  {
   "unit": 71,
   "max_amp_mod": 4.953232288360596,
   "argmax_sublayer": 9
  },
  {
   "unit": 364,
   "max_amp_mod": 4.93800687789917,
   "argmax_sublayer": 57
  },
  {
   "unit": 479,
   "max_amp_mod": 4.826425552368164,
   "argmax_sublayer": 53
  },
  {
   "unit": 210,
   "max_amp_mod": 4.710360527038574,