{
 "position": 33,
 "sequence_aa": "E",
 "substrate_file": "/home/dbrayjr5/esm2-osc/esm2_substrate_facebook_esm2_t33_650M_UR50D/substrate.npz",
 "n_sublayers": 62,
 "n_units": 1280,
 "validity_floor": {
  "quantile": 0.1,
  "absolute_value": 2.7328476905822754,
  "n_valid_cells": 71424,
  "n_total_cells": 79360,
  "fraction_valid": 0.9
 },
 "depth_profiles": {
  "amp_modulation_mean": [
   1.1656887531280518,
   1.126075029373169,
   1.146929383277893,
   1.1118865013122559,
   1.127495527267456,
   1.1147124767303467,
   1.1212551593780518,
   1.099399209022522,
   1.1066538095474243,
   1.0946061611175537,
   1.0939667224884033,
   1.0786737203598022,
   1.0956623554229736,
   1.0875513553619385,
   1.1201847791671753,
   1.1147520542144775,
   1.1099658012390137,
   1.1043884754180908,
   1.1147645711898804,
   1.1056934595108032,
   1.1178494691848755,
   1.087116003036499,
   1.0873874425888062,
   1.0820423364639282,
   1.105324387550354,
   1.0752818584442139,
   1.1121538877487183,
   1.1059377193450928,
   1.0431959629058838,
   1.0125735998153687,
   0.9996099472045898,
   0.9958274960517883,
   0.9834418296813965,
   0.9687038660049438,
   0.9686676263809204,
   0.9800782203674316,
   0.9976390600204468,
   1.0001375675201416,
   1.0645338296890259,
   1.1113189458847046,
   1.089086890220642,
   1.0562760829925537,
   1.1111308336257935,
   1.155754804611206,
   1.1026273965835571,
   1.1191192865371704,
   1.1235371828079224,
   1.1531798839569092,
   1.1570286750793457,
   1.1720552444458008,
   1.1497703790664673,
   1.1239464282989502,
   1.113356351852417,
   1.0917813777923584,
   1.0938704013824463,
   1.1037266254425049,
   1.1125634908676147,
   1.1378566026687622,
   1.0926074981689453,
   1.1324598789215088,
   1.145082950592041,
   1.1513731479644775
  ],
  "amp_modulation_mean_valid_only": [
   1.1656887531280518,
   1.126075029373169,
   1.146929383277893,
   1.1118865013122559,
   1.127495527267456,
   1.1148874759674072,
   1.1212551593780518,
   1.110142469406128,
   1.1074415445327759,
   1.130112886428833,
   1.132803201675415,
   1.130203366279602,
   1.1312657594680786,
   1.1577833890914917,
   1.1728785037994385,
   1.1620872020721436,
   1.1267614364624023,
   1.1214220523834229,
   1.1138291358947754,
   1.1051225662231445,
   1.1223199367523193,
   1.0853652954101562,
   1.0873874425888062,
   1.0820423364639282,
   1.105324387550354,
   1.0752818584442139,
   1.1121538877487183,
   1.1059377193450928,
   1.0431959629058838,
   1.0125735998153687,
   0.9996099472045898,
   0.9958274960517883,
   0.9834418296813965,
   0.9687038660049438,
   0.9686676263809204,
   0.9800782203674316,
   0.9976390600204468,
   1.0001375675201416,
   1.0645338296890259,
   1.1113189458847046,
   1.089086890220642,
   1.0562760829925537,
   1.1111308336257935,
   1.155754804611206,
   1.1026273965835571,
   1.1191192865371704,
   1.1235371828079224,
   1.1531798839569092,
   1.1570286750793457,
   1.1720552444458008,
   1.1497703790664673,
   1.1239464282989502,
   1.113356351852417,
   1.0917813777923584,
   1.0938704013824463,
   1.1037266254425049,
   1.1125634908676147,
   1.1378566026687622,
   1.0926074981689453,
   1.1324598789215088,
   1.145082950592041,
   1.1513731479644775
  ],
  "phase_consistency_across_units": [
   0.012740085832774639,
   0.0085969353094697,
   0.015514811500906944,
   0.010936107486486435,
   0.015585324726998806,
   0.01962839812040329,
   0.023167835548520088,
   0.02480950951576233,
   0.020892279222607613,
   0.0320461131632328,
   0.029232071712613106,
   0.03228999674320221,
   0.017712421715259552,
   0.017365751788020134,
   0.022417033091187477,
   0.0053596291691064835,
   0.027324190363287926,
   0.01606045290827751,
   0.01838466338813305,
   0.01304502785205841,
   0.010162330232560635,
   0.03306671604514122,
   0.006124788895249367,
   0.009204165078699589,
   0.009657713584601879,
   0.023908322677016258,
   0.041646603494882584,
   0.02436872385442257,
   0.023194266483187675,
   0.021242113783955574,
   0.02656254544854164,
   0.022979948669672012,
   0.023613890632987022,
   0.02213628962635994,
   0.00844954140484333,
   0.01743214763700962,
   0.010532614775002003,
   0.016177240759134293,
   0.0014386771945282817,
   0.0057699186727404594,
   0.010259123519062996,
   0.002585745183750987,
   0.005097692366689444,
   0.014556490816175938,
   0.01231497060507536,
   0.00819478277117014,
   0.003243138315156102,
   0.009150365367531776,
   0.024231670424342155,
   0.015173344872891903,
   0.010706429369747639,
   0.008915005251765251,
   0.0034182334784418344,
   0.007203796412795782,
   0.00909306388348341,
   0.016668517142534256,
   0.01341965701431036,
   0.02239447459578514,
   0.00845213420689106,
   0.010581795126199722,
   0.004470979329198599,
   0.015035820193588734
  ],
  "freq_mean": [
   0.17783407866954803,
   0.029105257242918015,
   0.18419060111045837,
   0.05570579692721367,
   0.1439819037914276,
   0.07266584038734436,
   0.14112921059131622,
   0.055878736078739166,
   0.13275623321533203,
   0.06277966499328613,
   0.13182249665260315,
   0.06941471248865128,
   0.12250003963708878,
   0.10660763084888458,
   0.19722029566764832,
   0.11756088584661484,
   0.17784027755260468,
   0.1247376799583435,
   0.22333276271820068,
   0.14311173558235168,
   0.24194017052650452,
   0.13942983746528625,
   0.2607753872871399,
   0.16223376989364624,
   0.2423853874206543,
   0.16812531650066376,
   0.2983500361442566,
   0.17983941733837128,
   0.19572290778160095,
   0.14573901891708374,
   0.21896381676197052,
   0.19538810849189758,
   0.19174426794052124,
   0.15167421102523804,
   0.1641121655702591,
   0.1726931631565094,
   0.18787072598934174,
   0.2147536277770996,
   0.2667725086212158,
   0.2525293827056885,
   0.18343646824359894,
   0.18494507670402527,
   0.266256183385849,
   0.2506895363330841,
   0.19051608443260193,
   0.20973548293113708,
   0.25375860929489136,
   0.2729780077934265,
   0.23716139793395996,
   0.2835020124912262,
   0.2208625078201294,
   0.22524838149547577,
   0.23155507445335388,
   0.17399045825004578,
   0.28204724192619324,
   0.19228574633598328,
   0.33743298053741455,
   0.2316219061613083,
   0.3175176680088043,
   0.21196910738945007,
   0.5459977984428406
  ],
  "freq_deviation_abs_mean": [
   0.363930881023407,
   0.2329264134168625,
   0.26881474256515503,
   0.2618412375450134,
   0.26428914070129395,
   0.26530519127845764,
   0.25189104676246643,
   0.25018301606178284,
   0.234283447265625,
   0.26418790221214294,
   0.24677380919456482,
   0.2754243016242981,
   0.2588598430156708,
   0.3222648501396179,
   0.3223443925380707,
   0.3337635397911072,
   0.2916776239871979,
   0.3563874661922455,
   0.3510783314704895,
   0.3886847496032715,
   0.37206411361694336,
   0.4367965757846832,
   0.38087934255599976,
   0.41316574811935425,
   0.3685688078403473,
   0.38358139991760254,
   0.3782530128955841,
   0.391784131526947,
   0.3249817490577698,
   0.32232198119163513,
   0.34855878353118896,
   0.35602226853370667,
   0.3537960946559906,
   0.36001044511795044,
   0.33372706174850464,
   0.3636787533760071,
   0.33954018354415894,
   0.37190142273902893,
   0.4173637926578522,
   0.3825412690639496,
   0.3723635673522949,
   0.3705083727836609,
   0.3986518979072571,
   0.3809184432029724,
   0.38141322135925293,
   0.3661823868751526,
   0.397488534450531,
   0.4432557225227356,
   0.44246190786361694,
   0.4012325704097748,
   0.399356484413147,
   0.3880041837692261,
   0.36023396253585815,
   0.4025280475616455,
   0.3770868182182312,
   0.43201303482055664,
   0.39106225967407227,
   0.45702028274536133,
   0.44416141510009766,
   0.5026906132698059,
   0.460360586643219
  ],