{
 "position": 74,
 "sequence_aa": "G",
 "substrate_file": "/home/dbrayjr5/esm2-osc/esm2_substrate_facebook_esm2_t33_650M_UR50D/substrate.npz",
 "n_sublayers": 62,
 "n_units": 1280,
 "validity_floor": {
  "quantile": 0.1,
  "absolute_value": 2.7328476905822754,
  "n_valid_cells": 71424,
  "n_total_cells": 79360,
  "fraction_valid": 0.9
 },
 "depth_profiles": {
  "amp_modulation_mean": [
   1.1557906866073608,
   1.1362226009368896,
   1.1306369304656982,
   1.1112850904464722,
   1.1141459941864014,
   1.104501485824585,
   1.1000683307647705,
   1.0949056148529053,
   1.094934344291687,
   1.0879926681518555,
   1.0892928838729858,
   1.088101863861084,
   1.0842539072036743,
   1.08330500125885,
   1.1011892557144165,
   1.0919015407562256,
   1.0737131834030151,
   1.0685601234436035,
   1.0693206787109375,
   1.0655276775360107,
   1.0871349573135376,
   1.0641063451766968,
   1.0978542566299438,
   1.1228539943695068,
   1.0844926834106445,
   1.0629198551177979,
   1.0651353597640991,
   1.0477396249771118,
   1.0538511276245117,
   1.0610406398773193,
   1.0232292413711548,
   1.01068115234375,
   0.987368106842041,
   0.9512993097305298,
   0.9731253385543823,
   0.9809257388114929,
   1.0033557415008545,
   1.0146152973175049,
   1.0471491813659668,
   1.1139179468154907,
   1.0820804834365845,
   1.0806150436401367,
   1.0976507663726807,
   1.0715181827545166,
   1.071666955947876,
   1.0528526306152344,
   1.0682480335235596,
   1.0772144794464111,
   1.0987508296966553,
   1.150312066078186,
   1.1621038913726807,
   1.241081953048706,
   1.2464686632156372,
   1.2301329374313354,
   1.260254144668579,
   1.2012662887573242,
   1.1900432109832764,
   1.178139090538025,
   1.1710450649261475,
   1.2004764080047607,
   1.19110906124115,
   1.1658737659454346
  ],
  "amp_modulation_mean_valid_only": [
   1.1557906866073608,
   1.1362226009368896,
   1.1306369304656982,
   1.1112850904464722,
   1.1141459941864014,
   1.1032429933547974,
   1.1000683307647705,
   1.0957714319229126,
   1.104539155960083,
   1.0716161727905273,
   1.060359239578247,
   1.075197458267212,
   1.076952576637268,
   1.0827531814575195,
   1.1015079021453857,
   1.1067829132080078,
   1.057813286781311,
   1.0623611211776733,
   1.059766411781311,
   1.0569782257080078,
   1.093399167060852,
   1.0581952333450317,
   1.0978542566299438,
   1.1228539943695068,
   1.0844926834106445,
   1.0629198551177979,
   1.0651353597640991,
   1.0477396249771118,
   1.0538511276245117,
   1.0610406398773193,
   1.0232292413711548,
   1.01068115234375,
   0.987368106842041,
   0.9512993097305298,
   0.9731253385543823,
   0.9809257388114929,
   1.0033557415008545,
   1.0146152973175049,
   1.0471491813659668,
   1.1139179468154907,
   1.0820804834365845,
   1.0806150436401367,
   1.0976507663726807,
   1.0715181827545166,
   1.071666955947876,
   1.0528526306152344,
   1.0682480335235596,
   1.0772144794464111,
   1.0987508296966553,
   1.150312066078186,
   1.1621038913726807,
   1.241081953048706,
   1.2464686632156372,
   1.2301329374313354,
   1.260254144668579,
   1.2012662887573242,
   1.1900432109832764,
   1.178139090538025,
   1.1710450649261475,
   1.2004764080047607,
   1.19110906124115,
   1.1658737659454346
  ],
  "phase_consistency_across_units": [
   0.017082229256629944,
   0.011280803941190243,
   0.008884904906153679,
   0.0315730907022953,
   0.015884341672062874,
   0.039635270833969116,
   0.022501060739159584,
   0.041931070387363434,
   0.0374809168279171,
   0.04448883607983589,
   0.04100116714835167,
   0.034913770854473114,
   0.03764375299215317,
   0.038091350346803665,
   0.03951972350478172,
   0.02478514052927494,
   0.03726653754711151,
   0.026791581884026527,
   0.012336468324065208,
   0.017386049032211304,
   0.020655125379562378,
   0.02847718819975853,
   0.013482043519616127,
   0.028574226424098015,
   0.02754400111734867,
   0.025323379784822464,
   0.02550976723432541,
   0.031087275594472885,
   0.030943315476179123,
   0.020488623529672623,
   0.02277343161404133,
   0.016780517995357513,
   0.022172965109348297,
   0.016194326803088188,
   0.010615735314786434,
   0.00976512860506773,
   0.012773275375366211,
   0.01974855549633503,
   0.022613435983657837,
   0.010724666528403759,
   0.00558527372777462,
   0.018149441108107567,
   0.016017496585845947,
   0.011313588358461857,
   0.01974094845354557,
   0.007090297527611256,
   0.026909485459327698,
   0.017758656293153763,
   0.01586030423641205,
   0.016544872894883156,
   0.00406451802700758,
   0.008315229788422585,
   0.010543746873736382,
   0.0069199055433273315,
   0.0033603126648813486,
   0.012349221855401993,
   0.016191458329558372,
   0.0076678902842104435,
   0.014067932963371277,
   0.005380468908697367,
   0.011680686846375465,
   0.015564176253974438
  ],
  "freq_mean": [
   0.18906453251838684,
   0.027186209335923195,
   0.15583214163780212,
   0.05711055546998978,
   0.12835368514060974,
   0.06928490102291107,
   0.13316895067691803,
   0.05579264089465141,
   0.11284418404102325,
   0.08702042698860168,
   0.11125979572534561,
   0.08428174257278442,
   0.1050356775522232,
   0.11533947288990021,
   0.17703652381896973,
   0.11954424530267715,
   0.13024234771728516,
   0.11599912494421005,
   0.17426477372646332,
   0.14088872075080872,
   0.19875997304916382,
   0.08070182800292969,
   0.2907359004020691,
   0.18104256689548492,
   0.22546450793743134,
   0.1726013720035553,
   0.21182453632354736,
   0.16475483775138855,
   0.22530212998390198,
   0.16369345784187317,
   0.19846895337104797,
   0.18673281371593475,
   0.14136293530464172,
   0.16407807171344757,
   0.20916442573070526,
   0.21363377571105957,
   0.21983885765075684,
   0.20907874405384064,
   0.29421958327293396,
   0.27244776487350464,
   0.21254006028175354,
   0.23301956057548523,
   0.2593313455581665,
   0.24525237083435059,
   0.21992146968841553,
   0.21079500019550323,
   0.22509002685546875,
   0.22799253463745117,
   0.2414722889661789,
   0.21261382102966309,
   0.2590007185935974,
   0.30791446566581726,
   0.24836821854114532,
   0.25832489132881165,
   0.30770593881607056,
   0.2193560153245926,
   0.2714705467224121,
   0.18063190579414368,
   0.3470209240913391,
   0.22623367607593536,
   0.5407740473747253
  ],
  "freq_deviation_abs_mean": [
   0.35525208711624146,
   0.24040421843528748,
   0.274990051984787,
   0.2538507878780365,
   0.24755914509296417,
   0.26635560393333435,
   0.2551496922969818,
   0.2406812161207199,
   0.24310322105884552,
   0.2486741989850998,
   0.24561432003974915,
   0.2713688313961029,
   0.24306711554527283,
   0.2829724848270416,
   0.31610846519470215,
   0.32510608434677124,
   0.2813357710838318,
   0.30818629264831543,
   0.3417840898036957,
   0.3742167055606842,
   0.34086862206459045,
   0.39532211422920227,
   0.3896140456199646,
   0.424571692943573,
   0.348550409078598,
   0.3416871428489685,
   0.34422609210014343,
   0.34294384717941284,
   0.339061975479126,
   0.3580388128757477,
   0.33693715929985046,
   0.33822697401046753,
   0.3322754502296448,
   0.3380902111530304,
   0.3412402272224426,
   0.39667412638664246,
   0.38429078459739685,
   0.3796785771846771,
   0.3928198218345642,
   0.3977554142475128,
   0.3882722556591034,
   0.39683079719543457,
   0.3905515670776367,
   0.40930527448654175,
   0.35435962677001953,
   0.3417821526527405,
   0.3586302697658539,
   0.38677069544792175,
   0.4063502252101898,
   0.39860111474990845,
   0.41415444016456604,
   0.4111747741699219,
   0.41064462065696716,
   0.44351300597190857,
   0.41191959381103516,
   0.41983920335769653,
   0.3977199196815491,
   0.4180876612663269,
   0.38206228613853455,
   0.4699020981788635,
   0.4536672532558441
  ],