{
 "position": 53,
 "sequence_aa": "R",
 "substrate_file": "/Users/djbray/Desktop/esm2/esm2_substrate_facebook_esm2_t33_650M_UR50D/substrate.npz",
 "n_sublayers": 62,
 "n_units": 1280,
 "depth_profiles": {
  "amp_mean": [
   10.346536636352539,
   5.375480651855469,
   5.603846073150635,
   4.241761207580566,
   4.344304084777832,
   3.692267656326294,
   3.7876040935516357,
   3.337693691253662,
   3.3981270790100098,
   3.1127703189849854,
   3.2041964530944824,
   2.9997589588165283,
   3.101266384124756,
   2.953883647918701,
   3.127002000808716,
   3.0143520832061768,
   3.1346402168273926,
   3.0481414794921875,
   3.2867584228515625,
   3.2289085388183594,
   3.3631560802459717,
   3.293268918991089,
   3.652198314666748,
   3.6876213550567627,
   3.7310454845428467,
   3.825546979904175,
   3.875654935836792,
   3.8819327354431152,
   3.8284149169921875,
   3.96185302734375,
   3.93908429145813,
   3.978985548019409,
   4.0348076820373535,
   4.144169807434082,
   4.286166191101074,
   4.5477705001831055,
   4.461825370788574,
   4.412283897399902,
   4.7165727615356445,
   4.813260555267334,
   4.935381889343262,
   5.174358367919922,
   5.490213394165039,
   5.827103614807129,
   5.579355716705322,
   5.665634632110596,
   5.681215763092041,
   5.606894493103027,
   5.789541244506836,
   5.670310020446777,
   5.929919242858887,
   6.12305212020874,
   6.425593376159668,
   6.348769187927246,
   6.474932670593262,
   6.6827898025512695,
   6.916451930999756,
   7.560772895812988,
   7.828439235687256,
   8.377245903015137,
   9.132763862609863,
   12.55300521850586
  ],
  "amp_modulation_mean": [
   1.197942852973938,
   1.1259666681289673,
   1.1555602550506592,
   1.1019132137298584,
   1.121100664138794,
   1.1003119945526123,
   1.1162834167480469,
   1.0886681079864502,
   1.100400447845459,
   1.0799651145935059,
   1.0913093090057373,
   1.0729997158050537,
   1.0879707336425781,
   1.0708296298980713,
   1.096932053565979,
   1.0875142812728882,
   1.0837945938110352,
   1.0748995542526245,
   1.086552619934082,
   1.0850958824157715,
   1.0904663801193237,
   1.058821201324463,
   1.1080725193023682,
   1.1057519912719727,
   1.0920648574829102,
   1.086341142654419,
   1.0861402750015259,
   1.0420764684677124,
   1.0321581363677979,
   1.0440759658813477,
   1.0141420364379883,
   0.9855867624282837,
   1.008057951927185,
   0.9994491338729858,
   1.0357002019882202,
   1.0823924541473389,
   1.0415260791778564,
   0.9992599487304688,
   1.0561591386795044,
   1.0687222480773926,
   1.090912103652954,
   1.1288402080535889,
   1.1789138317108154,
   1.2308189868927002,
   1.162992238998413,
   1.1794836521148682,
   1.1657617092132568,
   1.1494896411895752,
   1.166892409324646,
   1.1413495540618896,
   1.1579704284667969,
   1.192262053489685,
   1.2175037860870361,
   1.1955194473266602,
   1.179656744003296,
   1.1917061805725098,
   1.1858723163604736,
   1.2384212017059326,
   1.219367265701294,
   1.2186065912246704,
   1.2381484508514404,
   1.2212932109832764
  ],
  "phase_consistency_across_units": [
   0.017846742644906044,
   0.00784734170883894,
   0.008289785124361515,
   0.02665477618575096,
   0.01361735351383686,
   0.03126213327050209,
   0.021727586165070534,
   0.0314779132604599,
   0.021027017384767532,
   0.042965520173311234,
   0.03195207938551903,
   0.029355742037296295,
   0.023929612711071968,
   0.025327621027827263,
   0.015463262796401978,
   0.014353678561747074,
   0.03459910303354263,
   0.01613929122686386,
   0.032222893089056015,
   0.037752289324998856,
   0.024339741095900536,
   0.03292739763855934,
   0.023797500878572464,
   0.019422758370637894,
   0.013752984814345837,
   0.017359497025609016,
   0.02679983526468277,
   0.025429774075746536,
   0.018613453954458237,
   0.017727674916386604,
   0.014124943874776363,
   0.006211684085428715,
   0.007715348154306412,
   0.010224583558738232,
   0.015065946616232395,
   0.00906719546765089,
   0.005345945246517658,
   0.015443752519786358,
   0.021413231268525124,
   0.019674450159072876,
   0.013635748997330666,
   0.02564561367034912,
   0.017137745395302773,
   0.021134115755558014,
   0.023198286071419716,
   0.011867917142808437,
   0.022831201553344727,
   0.011911729350686073,
   0.008452740497887135,
   0.023635726422071457,
   0.008673157542943954,
   0.010479990392923355,
   0.014877015724778175,
   0.01918148435652256,
   0.002841801615431905,
   0.012883496470749378,
   0.016274703666567802,
   0.017506331205368042,
   0.019816888496279716,
   0.01395325642079115,
   0.00695317005738616,
   0.013526002876460552
  ],
  "freq_mean": [
   0.15660247206687927,
   0.031809210777282715,
   0.16906698048114777,
   0.02548064850270748,
   0.14156989753246307,
   0.09210987389087677,
   0.15729719400405884,
   0.08217698335647583,
   0.09792671352624893,
   0.09083881974220276,
   0.12861394882202148,
   0.08953489363193512,
   0.12098819017410278,
   0.0977826938033104,
   0.17314283549785614,
   0.11417782306671143,
   0.1558794528245926,
   0.09334461390972137,
   0.20931461453437805,
   0.15359273552894592,
   0.19324733316898346,
   0.10104329884052277,
   0.29165777564048767,
   0.1763790249824524,
   0.21068692207336426,
   0.18468190729618073,
   0.26250478625297546,
   0.15731306374073029,
   0.2253132313489914,
   0.20362012088298798,
   0.13944128155708313,
   0.17729301750659943,
   0.19139404594898224,
   0.1852797567844391,
   0.24162021279335022,
   0.26993584632873535,
   0.17264080047607422,
   0.17843368649482727,
   0.238046333193779,
   0.1902587115764618,
   0.25072020292282104,
   0.19978709518909454,
   0.283460408449173,
   0.2614644765853882,
   0.1959814578294754,
   0.257743775844574,
   0.2166997492313385,
   0.23084449768066406,
   0.2427874505519867,
   0.1886703073978424,
   0.2572084963321686,
   0.2360069751739502,
   0.31106051802635193,
   0.1879672110080719,
   0.28993311524391174,
   0.2307722568511963,
   0.35160914063453674,
   0.30439293384552,
   0.37799927592277527,
   0.2555660605430603,
   0.5701544880867004
  ],
  "freq_deviation_abs_mean": [
   0.3983213007450104,
   0.2632116973400116,
   0.30792346596717834,
   0.28465521335601807,
   0.28147873282432556,
   0.26399630308151245,
   0.26276886463165283,
   0.2810320556163788,
   0.2651175856590271,
   0.2685076594352722,
   0.26870298385620117,
   0.2856995761394501,
   0.26070863008499146,
   0.3147493302822113,
   0.33194199204444885,
   0.34546148777008057,
   0.28207945823669434,
   0.33287525177001953,
   0.35810548067092896,
   0.40441542863845825,
   0.3711617588996887,
   0.4181891977787018,
   0.37897172570228577,
   0.4055318236351013,
   0.36243703961372375,
   0.38949450850486755,
   0.347616970539093,
   0.3856967091560364,
   0.34815576672554016,
   0.3530674874782562,
   0.3678835928440094,
   0.36006253957748413,
   0.3774814009666443,
   0.38035255670547485,
   0.3899587094783783,
   0.38254302740097046,
   0.3396609127521515,
   0.39443033933639526,
   0.38968148827552795,
   0.37519150972366333,
   0.39187875390052795,
   0.4133370816707611,
   0.4098983705043793,
   0.3867920935153961,
   0.3934769034385681,
   0.38667866587638855,
   0.3719956874847412,
   0.37804093956947327,
   0.33855462074279785,
   0.36183038353919983,
   0.39628320932388306,
   0.4093838632106781,
   0.37206751108169556,
   0.4424971640110016,
   0.4721834063529968,
   0.5214783549308777,
   0.47932806611061096,
   0.5116952657699585,
   0.4703819155693054,
   0.5456715822219849,
   0.5033549070358276
  ]
 },
 "top_units_by_amp_modulation_max": [
  {
   "unit": 1066,
   "max_amp_mod": 4.665283203125,
   "argmax_sublayer": 0
  },
  {
   "unit": 130,
   "max_amp_mod": 4.65546989440918,
   "argmax_sublayer": 58
  },
  {
   "unit": 945,
   "max_amp_mod": 4.5328755378723145,
   "argmax_sublayer": 57
  },
  {
   "unit": 189,
   "max_amp_mod": 4.484333515167236,
   "argmax_sublayer": 0
  },
  {
   "unit": 681,
   "max_amp_mod": 4.439234733581543,