{
 "position": 0,
 "sequence_aa": "M",
 "substrate_file": "/Users/djbray/Desktop/esm2/esm2_substrate_facebook_esm2_t33_650M_UR50D/substrate.npz",
 "n_sublayers": 62,
 "n_units": 1280,
 "depth_profiles": {
  "amp_mean": [
   10.078679084777832,
   5.362972259521484,
   5.5112738609313965,
   4.256706714630127,
   4.337754249572754,
   3.6991665363311768,
   3.7707958221435547,
   3.3841826915740967,
   3.4086203575134277,
   3.1824965476989746,
   3.246638536453247,
   3.0590310096740723,
   3.1349146366119385,
   3.0393271446228027,
   3.195756435394287,
   3.128068208694458,
   3.167253017425537,
   3.14617919921875,
   3.3119683265686035,
   3.3800666332244873,
   3.507462978363037,
   3.568716526031494,
   3.855628252029419,
   4.028654098510742,
   3.8915252685546875,
   3.9180617332458496,
   3.860090732574463,
   3.7678005695343018,
   3.8020408153533936,
   3.8015923500061035,
   4.010228633880615,
   4.064745903015137,
   3.904515027999878,
   3.9379324913024902,
   4.145868301391602,
   4.213421821594238,
   4.198599338531494,
   4.288588047027588,
   4.377223014831543,
   4.400507926940918,
   4.366311073303223,
   4.371209621429443,
   4.3934407234191895,
   4.528125762939453,
   4.637618064880371,
   4.783065319061279,
   4.808463096618652,
   4.913009166717529,
   5.051797389984131,
   5.108887672424316,
   5.248544692993164,
   5.413405418395996,
   5.706666946411133,
   5.995026588439941,
   6.254504680633545,
   6.130743026733398,
   6.437623500823975,
   6.7581634521484375,
   7.154092311859131,
   7.943478584289551,
   8.454079627990723,
   11.820013046264648
  ],
  "amp_modulation_mean": [
   1.1689517498016357,
   1.125349760055542,
   1.1368932723999023,
   1.107456088066101,
   1.1209598779678345,
   1.1050574779510498,
   1.1119898557662964,
   1.1055322885513306,
   1.1049604415893555,
   1.1056852340698242,
   1.1052262783050537,
   1.0956085920333862,
   1.1013356447219849,
   1.1033233404159546,
   1.1227445602416992,
   1.1320574283599854,
   1.0995177030563354,
   1.112762689590454,
   1.0990619659423828,
   1.140465497970581,
   1.1400209665298462,
   1.1539102792739868,
   1.1751623153686523,
   1.214733362197876,
   1.142753005027771,
   1.1154325008392334,
   1.084017038345337,
   1.0129550695419312,
   1.0248401165008545,
   1.0022010803222656,
   1.0319769382476807,
   1.0052602291107178,
   0.9736760258674622,
   0.9482515454292297,
   1.0005943775177002,
   0.9991586804389954,
   0.9754679799079895,
   0.9670602083206177,
   0.9753873944282532,
   0.9728827476501465,
   0.9595096707344055,
   0.9477990865707397,
   0.9374616742134094,
   0.9492853283882141,
   0.9614171981811523,
   0.9903589487075806,
   0.9816502332687378,
   1.002017617225647,
   1.0135166645050049,
   1.0234018564224243,
   1.0207884311676025,
   1.0512545108795166,
   1.0796928405761719,
   1.1250114440917969,
   1.137037992477417,
   1.0876315832138062,
   1.102150559425354,
   1.1002593040466309,
   1.1135441064834595,
   1.1521409749984741,
   1.1465650796890259,
   1.1543054580688477
  ],
  "phase_consistency_across_units": [
   0.028351372107863426,
   0.020088523626327515,
   0.02367265522480011,
   0.02856277860701084,
   0.02310396358370781,
   0.03929104283452034,
   0.03518889099359512,
   0.03491939231753349,
   0.0376489982008934,
   0.040679287165403366,
   0.0485105998814106,
   0.029730644077062607,
   0.03854423761367798,
   0.03666382282972336,
   0.04035133868455887,
   0.021632764488458633,
   0.04310070723295212,
   0.03311081603169441,
   0.028856847435235977,
   0.02535352297127247,
   0.03122779354453087,
   0.026107383891940117,
   0.020772626623511314,
   0.02977707050740719,
   0.0247882679104805,
   0.024504313245415688,
   0.027056830003857613,
   0.016385063529014587,
   0.023394150659441948,
   0.03201291710138321,
   0.02519899234175682,
   0.022079894319176674,
   0.025630030781030655,
   0.014640014618635178,
   0.011595360934734344,
   0.015259413979947567,
   0.02214624173939228,
   0.00967932865023613,
   0.01237745676189661,
   0.01779790408909321,
   0.009225031360983849,
   0.012069791555404663,
   0.017105670645833015,
   0.012675060890614986,
   0.026375070214271545,
   0.020135071128606796,
   0.01932987943291664,
   0.017818566411733627,
   0.015471498481929302,
   0.009758119471371174,
   0.02364138327538967,
   0.026153547689318657,
   0.02870550937950611,
   0.01442648097872734,
   0.017499035224318504,
   0.027596699073910713,
   0.035655852407217026,
   0.036104071885347366,
   0.03232781961560249,
   0.036989521235227585,
   0.021111350506544113,
   0.02704731374979019
  ],
  "freq_mean": [
   0.17324306070804596,
   0.03818438574671745,
   0.15910230576992035,
   0.05982068181037903,
   0.15298356115818024,
   0.04132205992937088,
   0.15761221945285797,
   0.05164935439825058,
   0.136723592877388,
   0.09379979968070984,
   0.12472432851791382,
   0.06373338401317596,
   0.1582217961549759,
   0.0784454345703125,
   0.21460041403770447,
   0.10920731723308563,
   0.16395798325538635,
   0.09136775881052017,
   0.19956962764263153,
   0.15022175014019012,
   0.2056136131286621,
   0.16832026839256287,
   0.28381848335266113,
   0.23170313239097595,
   0.2223515808582306,
   0.21439853310585022,
   0.18829092383384705,
   0.19284388422966003,
   0.181905597448349,
   0.16608265042304993,
   0.2771984934806824,
   0.18380527198314667,
   0.17188133299350739,
   0.2080111801624298,
   0.23760053515434265,
   0.19288362562656403,
   0.2251254767179489,
   0.21076536178588867,
   0.24821171164512634,
   0.2112797498703003,
   0.21826322376728058,
   0.18510611355304718,
   0.20817163586616516,
   0.21700330078601837,
   0.23827984929084778,
   0.20711445808410645,
   0.2023177146911621,
   0.23172812163829803,
   0.24781294167041779,
   0.21647851169109344,
   0.23317842185497284,
   0.23547127842903137,
   0.25498446822166443,
   0.29533651471138,
   0.26271557807922363,
   0.20577435195446014,
   0.3056483864784241,
   0.21547122299671173,
   0.3724268078804016,
   0.21703509986400604,
   0.5380475521087646
  ],
  "freq_deviation_abs_mean": [
   0.3760433495044708,
   0.2676849961280823,
   0.26981616020202637,
   0.2593570649623871,
   0.23344549536705017,
   0.2383398562669754,
   0.23678851127624512,
   0.24047580361366272,
   0.24684150516986847,
   0.26565319299697876,
   0.24833087623119354,
   0.27234119176864624,
   0.2554086446762085,
   0.30360305309295654,
   0.31741899251937866,
   0.34200331568717957,
   0.30467352271080017,
   0.3565398156642914,
   0.34586840867996216,
   0.38558846712112427,
   0.3683801293373108,
   0.39193156361579895,
   0.399960994720459,
   0.4089747369289398,
   0.39988574385643005,
   0.40799689292907715,
   0.3743090331554413,
   0.3576453626155853,
   0.3659607768058777,
   0.3771018087863922,
   0.3794781565666199,
   0.3699081838130951,
   0.3516872227191925,
   0.3658190369606018,
   0.3983538746833801,
   0.41053980588912964,
   0.37643617391586304,
   0.4131286144256592,
   0.4032149314880371,
   0.3802420198917389,
   0.34456515312194824,
   0.34349724650382996,
   0.3633268475532532,
   0.3729744553565979,
   0.3685074746608734,
   0.3612460494041443,
   0.37268880009651184,
   0.3958197236061096,
   0.384319931268692,
   0.40552273392677307,
   0.4172024726867676,
   0.4194003939628601,
   0.43391305208206177,
   0.43351903557777405,
   0.42664557695388794,
   0.4303515553474426,
   0.39288175106048584,
   0.4068903923034668,
   0.39734771847724915,
   0.5182305574417114,
   0.4937461316585541
  ]
 },
 "top_units_by_amp_modulation_max": [
  {
   "unit": 791,
   "max_amp_mod": 5.128793239593506,
   "argmax_sublayer": 0
  },
  {
   "unit": 797,
   "max_amp_mod": 4.572291851043701,
   "argmax_sublayer": 0
  },
  {
   "unit": 682,
   "max_amp_mod": 4.503931999206543,
   "argmax_sublayer": 8
  },
  {
   "unit": 996,
   "max_amp_mod": 4.488156795501709,
   "argmax_sublayer": 5
  },
  {
   "unit": 826,
   "max_amp_mod": 4.484961032867432,