{
 "position": 56,
 "sequence_aa": "S",
 "substrate_file": "/home/dbrayjr5/esm2-osc/esm2_substrate_facebook_esm2_t33_650M_UR50D/substrate.npz",
 "n_sublayers": 62,
 "n_units": 1280,
 "validity_floor": {
  "quantile": 0.1,
  "absolute_value": 2.7328476905822754,
  "n_valid_cells": 71424,
  "n_total_cells": 79360,
  "fraction_valid": 0.9
 },
 "depth_profiles": {
  "amp_modulation_mean": [
   1.1728668212890625,
   1.1467742919921875,
   1.1662784814834595,
   1.1330517530441284,
   1.1512150764465332,
   1.1413229703903198,
   1.1475626230239868,
   1.1368048191070557,
   1.1407850980758667,
   1.1380254030227661,
   1.1422206163406372,
   1.1256271600723267,
   1.130700707435608,
   1.1211450099945068,
   1.1471655368804932,
   1.1389663219451904,
   1.133664846420288,
   1.1213490962982178,
   1.1297240257263184,
   1.1258862018585205,
   1.1553459167480469,
   1.1148664951324463,
   1.1965125799179077,
   1.2151155471801758,
   1.2142633199691772,
   1.1821502447128296,
   1.16754150390625,
   1.1335432529449463,
   1.1361161470413208,
   1.1454404592514038,
   1.0918512344360352,
   1.073311448097229,
   1.0982272624969482,
   1.093930959701538,
   1.1018831729888916,
   1.1358553171157837,
   1.105041265487671,
   1.049568772315979,
   1.172825574874878,
   1.2144057750701904,
   1.1886417865753174,
   1.2289823293685913,
   1.1885454654693604,
   1.2130224704742432,
   1.152364730834961,
   1.1417227983474731,
   1.122831106185913,
   1.078944206237793,
   1.1023496389389038,
   1.0838121175765991,
   1.0951343774795532,
   1.1125462055206299,
   1.1280081272125244,
   1.1789379119873047,
   1.1530333757400513,
   1.1596050262451172,
   1.1633106470108032,
   1.149025797843933,
   1.148160457611084,
   1.17682945728302,
   1.159648060798645,
   1.159908652305603
  ],
  "amp_modulation_mean_valid_only": [
   1.1728668212890625,
   1.1467742919921875,
   1.1662784814834595,
   1.1330517530441284,
   1.1512150764465332,
   1.1398658752441406,
   1.1475626230239868,
   1.1294033527374268,
   1.1397583484649658,
   1.0815033912658691,
   1.094983696937561,
   1.0892341136932373,
   1.085031509399414,
   1.0997008085250854,
   1.0970327854156494,
   1.1004451513290405,
   1.0899150371551514,
   1.093469500541687,
   1.125241994857788,
   1.1138194799423218,
   1.1486496925354004,
   1.1153032779693604,
   1.1965125799179077,
   1.2151155471801758,
   1.2142633199691772,
   1.1821502447128296,
   1.16754150390625,
   1.1335432529449463,
   1.1361161470413208,
   1.1454404592514038,
   1.0918512344360352,
   1.073311448097229,
   1.0982272624969482,
   1.093930959701538,
   1.1018831729888916,
   1.1358553171157837,
   1.105041265487671,
   1.049568772315979,
   1.172825574874878,
   1.2144057750701904,
   1.1886417865753174,
   1.2289823293685913,
   1.1885454654693604,
   1.2130224704742432,
   1.152364730834961,
   1.1417227983474731,
   1.122831106185913,
   1.078944206237793,
   1.1023496389389038,
   1.0838121175765991,
   1.0951343774795532,
   1.1125462055206299,
   1.1280081272125244,
   1.1789379119873047,
   1.1530333757400513,
   1.1596050262451172,
   1.1633106470108032,
   1.149025797843933,
   1.148160457611084,
   1.17682945728302,
   1.159648060798645,
   1.159908652305603
  ],
  "phase_consistency_across_units": [
   0.006966398097574711,
   0.01898014359176159,
   0.014214204624295235,
   0.016600579023361206,
   0.012986365705728531,
   0.03172357380390167,
   0.017276903614401817,
   0.03627496212720871,
   0.028828799724578857,
   0.03945489600300789,
   0.03723575174808502,
   0.0424647331237793,
   0.04514152929186821,
   0.027938224375247955,
   0.03250248730182648,
   0.010764999315142632,
   0.0334467738866806,
   0.023538824170827866,
   0.02237807959318161,
   0.01123152393847704,
   0.03067907504737377,
   0.03660568594932556,
   0.021007275208830833,
   0.02788381278514862,
   0.02679760381579399,
   0.02224322035908699,
   0.031209630891680717,
   0.03529852256178856,
   0.0278767142444849,
   0.028141558170318604,
   0.018459854647517204,
   0.007083389908075333,
   0.0101771280169487,
   0.01760021224617958,
   0.005374789237976074,
   0.014461723156273365,
   0.017523672431707382,
   0.007400784175843,
   0.0166554506868124,
   0.020233891904354095,
   0.019076555967330933,
   0.030895454809069633,
   0.0026657977141439915,
   0.024740805849432945,
   0.026685191318392754,
   0.015108874998986721,
   0.016444452106952667,
   0.02339031733572483,
   0.013955947943031788,
   0.01782289892435074,
   0.016439288854599,
   0.037640370428562164,
   0.02338321879506111,
   0.01235926989465952,
   0.03161822259426117,
   0.021274074912071228,
   0.031179318204522133,
   0.02886945754289627,
   0.03215596079826355,
   0.0199291855096817,
   0.00670564454048872,
   0.009218545630574226
  ],
  "freq_mean": [
   0.14864890277385712,
   0.035507041960954666,
   0.17783521115779877,
   0.024169430136680603,
   0.16759207844734192,
   0.05548902601003647,
   0.15387491881847382,
   0.056739114224910736,
   0.1226707249879837,
   0.09893754124641418,
   0.14661142230033875,
   0.08121801912784576,
   0.12002197653055191,
   0.09414198994636536,
   0.16962215304374695,
   0.12695924937725067,
   0.15670017898082733,
   0.13396993279457092,
   0.20198535919189453,
   0.12892678380012512,
   0.19397589564323425,
   0.09104621410369873,
   0.2950015068054199,
   0.1972692757844925,
   0.26784467697143555,
   0.16495053470134735,
   0.2118946760892868,
   0.15896743535995483,
   0.24785609543323517,
   0.18249092996120453,
   0.19641931354999542,
   0.17765356600284576,
   0.21213629841804504,
   0.1930481195449829,
   0.19000773131847382,
   0.26811426877975464,
   0.1471613198518753,
   0.16594482958316803,
   0.29396533966064453,
   0.19229242205619812,
   0.2286195307970047,
   0.22931203246116638,
   0.24378950893878937,
   0.25737372040748596,
   0.1757189780473709,
   0.25053444504737854,
   0.18696299195289612,
   0.21484732627868652,
   0.21206927299499512,
   0.18004655838012695,
   0.2857903838157654,
   0.17111733555793762,
   0.2673236131668091,
   0.23581740260124207,
   0.25332480669021606,
   0.24934545159339905,
   0.28629446029663086,
   0.21746206283569336,
   0.3593561053276062,
   0.19792106747627258,
   0.5394643545150757
  ],
  "freq_deviation_abs_mean": [
   0.3824146091938019,
   0.26119956374168396,
   0.28466328978538513,
   0.28403785824775696,
   0.2830280363559723,
   0.2796807885169983,
   0.26041731238365173,
   0.2498713731765747,
   0.2466260939836502,
   0.2537074089050293,
   0.24451346695423126,
   0.26522114872932434,
   0.24397368729114532,
   0.3053220212459564,
   0.31315213441848755,
   0.34371551871299744,
   0.29847216606140137,
   0.3211919963359833,
   0.34276625514030457,
   0.3722456693649292,
   0.3403793275356293,
   0.3799348771572113,
   0.376928448677063,
   0.4104970097541809,
   0.35776838660240173,
   0.3752291798591614,
   0.36845865845680237,
   0.3801746368408203,
   0.35402655601501465,
   0.36822080612182617,
   0.3477511405944824,
   0.36627840995788574,
   0.3841950595378876,
   0.3517419695854187,
   0.37282538414001465,
   0.36293742060661316,
   0.33629006147384644,
   0.37772029638290405,
   0.38642463088035583,
   0.3723568022251129,
   0.3836077153682709,
   0.42283791303634644,
   0.4051376283168793,
   0.384468138217926,
   0.40670180320739746,
   0.3641790449619293,
   0.36263781785964966,
   0.36459630727767944,
   0.3720162808895111,
   0.41086846590042114,
   0.3795713782310486,
   0.4247414469718933,
   0.42058056592941284,
   0.43264999985694885,
   0.4208471179008484,
   0.41504326462745667,
   0.408198744058609,
   0.4664779603481293,
   0.4255039691925049,
   0.4751671254634857,
   0.4529241621494293
  ],