{
 "position": 17,
 "sequence_aa": "E",
 "substrate_file": "/Users/djbray/Desktop/esm2/esm2_substrate_facebook_esm2_t33_650M_UR50D/substrate.npz",
 "n_sublayers": 62,
 "n_units": 1280,
 "depth_profiles": {
  "amp_mean": [
   9.855334281921387,
   5.269983768463135,
   5.4218621253967285,
   4.172425746917725,
   4.242384910583496,
   3.6036343574523926,
   3.724871873855591,
   3.349318742752075,
   3.4166464805603027,
   3.124081611633301,
   3.193854570388794,
   2.9914448261260986,
   3.0811283588409424,
   2.9479355812072754,
   3.2052345275878906,
   3.0659592151641846,
   3.2796599864959717,
   3.2821335792541504,
   3.4618899822235107,
   3.4062340259552,
   3.4853835105895996,
   3.3985791206359863,
   3.673152208328247,
   3.719207763671875,
   3.6622414588928223,
   3.7367606163024902,
   3.8651840686798096,
   3.9808177947998047,
   3.8818259239196777,
   3.9603753089904785,
   3.888432264328003,
   3.980219602584839,
   3.9597320556640625,
   3.984586000442505,
   4.179776668548584,
   4.446508407592773,
   4.467776298522949,
   4.6600871086120605,
   4.965947151184082,
   5.489499568939209,
   5.209709167480469,
   4.871427059173584,
   5.154238224029541,
   5.305796146392822,
   5.309317111968994,
   5.121499061584473,
   5.219546318054199,
   5.211291313171387,
   5.212710380554199,
   5.253213405609131,
   5.5326948165893555,
   6.026416778564453,
   5.999085903167725,
   5.938523292541504,
   6.013819694519043,
   6.312248229980469,
   6.7896270751953125,
   7.1114912033081055,
   7.533018589019775,
   7.919873237609863,
   8.352470397949219,
   11.725276947021484
  ],
  "amp_modulation_mean": [
   1.1440001726150513,
   1.1078464984893799,
   1.1209375858306885,
   1.0870827436447144,
   1.098398208618164,
   1.076613426208496,
   1.0991512537002563,
   1.0947542190551758,
   1.109010934829712,
   1.0860650539398193,
   1.0871961116790771,
   1.0700539350509644,
   1.0819810628890991,
   1.0686159133911133,
   1.1219896078109741,
   1.1077196598052979,
   1.137584924697876,
   1.163194179534912,
   1.1484415531158447,
   1.1476083993911743,
   1.1328710317611694,
   1.0984666347503662,
   1.1170737743377686,
   1.116758108139038,
   1.0740294456481934,
   1.0626440048217773,
   1.085958480834961,
   1.0706663131713867,
   1.0472147464752197,
   1.0440194606781006,
   1.0014379024505615,
   0.9873325228691101,
   0.9902926683425903,
   0.9626180529594421,
   1.0108873844146729,
   1.0586402416229248,
   1.0441219806671143,
   1.0568809509277344,
   1.1140353679656982,
   1.2230074405670166,
   1.1541846990585327,
   1.0644099712371826,
   1.1093223094940186,
   1.120326280593872,
   1.1068394184112549,
   1.064245343208313,
   1.0700278282165527,
   1.0670088529586792,
   1.0504201650619507,
   1.0572631359100342,
   1.0795109272003174,
   1.1741337776184082,
   1.1374534368515015,
   1.1173826456069946,
   1.0941444635391235,
   1.1244933605194092,
   1.1661771535873413,
   1.1652262210845947,
   1.1717723608016968,
   1.1510320901870728,
   1.130875825881958,
   1.1415446996688843
  ],
  "phase_consistency_across_units": [
   0.009866581298410892,
   0.008132011629641056,
   0.014511659741401672,
   0.01578775979578495,
   0.00432707229629159,
   0.02599433623254299,
   0.008386528119444847,
   0.028460709378123283,
   0.012586884200572968,
   0.016651399433612823,
   0.016257695853710175,
   0.01941932551562786,
   0.027095768600702286,
   0.030955825001001358,
   0.02485465444624424,
   0.014601419679820538,
   0.02359202690422535,
   0.00967493373900652,
   0.014720761217176914,
   0.010279959067702293,
   0.018571017310023308,
   0.030563021078705788,
   0.030136791989207268,
   0.02130921371281147,
   0.02124873362481594,
   0.01074220985174179,
   0.01338449027389288,
   0.012141360901296139,
   0.021155500784516335,
   0.0145565839484334,
   0.014427529647946358,
   0.01143713016062975,
   0.012809817679226398,
   0.010336317121982574,
   0.004243521485477686,
   0.00726318871602416,
   0.015114787966012955,
   0.011634821072220802,
   0.010805822908878326,
   0.03051103837788105,
   0.02379595674574375,
   0.028023306280374527,
   0.022064412012696266,
   0.010155550204217434,
   0.008261372335255146,
   0.0104405852034688,
   0.011249980889260769,
   0.014523448422551155,
   0.012050271965563297,
   0.005118965171277523,
   0.011891697533428669,
   0.011569763533771038,
   0.002116074087098241,
   0.005059218965470791,
   0.023674141615629196,
   0.012513489462435246,
   0.02528066188097,
   0.01818259432911873,
   0.012917119078338146,
   0.010455689392983913,
   0.007902324199676514,
   0.013354793190956116
  ],
  "freq_mean": [
   0.18474996089935303,
   0.03175154700875282,
   0.1692184954881668,
   0.035573333501815796,
   0.1389893740415573,
   0.048896998167037964,
   0.16512508690357208,
   0.08763998746871948,
   0.15605145692825317,
   0.07072986662387848,
   0.14679227769374847,
   0.08576539903879166,
   0.12491483986377716,
   0.08667675405740738,
   0.19459033012390137,
   0.11402479559183121,
   0.2359023541212082,
   0.15201279520988464,
   0.25951090455055237,
   0.15841086208820343,
   0.24696692824363708,
   0.12041709572076797,
   0.28372541069984436,
   0.17931348085403442,
   0.22163856029510498,
   0.1521652787923813,
   0.2378431111574173,
   0.17908520996570587,
   0.2091737985610962,
   0.19004639983177185,
   0.2171185463666916,
   0.19211852550506592,
   0.17110274732112885,
   0.12879851460456848,
   0.22109945118427277,
   0.17246057093143463,
   0.21596355736255646,
   0.2015421837568283,
   0.3122204840183258,
   0.34954190254211426,
   0.18563739955425262,
   0.20453569293022156,
   0.2614002823829651,
   0.2603263854980469,
   0.2118726223707199,
   0.1782931536436081,
   0.205153226852417,
   0.18457569181919098,
   0.21063971519470215,
   0.14754697680473328,
   0.293323814868927,
   0.28192028403282166,
   0.22903819382190704,
   0.22899675369262695,
   0.2537814676761627,
   0.2572839856147766,
   0.34411054849624634,
   0.269456148147583,
   0.3863219618797302,
   0.18886451423168182,
   0.5473188161849976
  ],
  "freq_deviation_abs_mean": [
   0.39128953218460083,
   0.261724054813385,
   0.2828975319862366,
   0.27741074562072754,
   0.27566754817962646,
   0.2823931574821472,
   0.2604459226131439,
   0.2688889503479004,
   0.2617158889770508,
   0.29009756445884705,
   0.24529071152210236,
   0.2626379132270813,
   0.25301724672317505,
   0.31730595231056213,
   0.344881534576416,
   0.3700495660305023,
   0.3514750003814697,
   0.4342155456542969,
   0.37000036239624023,
   0.424532949924469,
   0.35887378454208374,
   0.4280492663383484,
   0.39788728952407837,
   0.4042937755584717,
   0.35399332642555237,
   0.39762163162231445,
   0.38127046823501587,
   0.36809173226356506,
   0.34549999237060547,
   0.3624740540981293,
   0.36690622568130493,
   0.3664095997810364,
   0.3177926540374756,
   0.35790306329727173,
   0.3557794690132141,
   0.38456398248672485,
   0.34962815046310425,
   0.39969271421432495,
   0.4567461907863617,
   0.4476892352104187,
   0.38605719804763794,
   0.36458730697631836,
   0.38644853234291077,
   0.36847788095474243,
   0.3571015000343323,
   0.37684813141822815,
   0.38931795954704285,
   0.38074272871017456,
   0.3466244637966156,
   0.39398056268692017,
   0.3936512768268585,
   0.4097883701324463,
   0.3960614800453186,
   0.43906623125076294,
   0.44972532987594604,
   0.4487001299858093,
   0.4159030020236969,
   0.4745655059814453,
   0.4486040472984314,
   0.5081622004508972,
   0.499667227268219
  ]
 },
 "top_units_by_amp_modulation_max": [
  {
   "unit": 752,
   "max_amp_mod": 4.847528457641602,
   "argmax_sublayer": 52
  },
  {
   "unit": 920,
   "max_amp_mod": 4.776443004608154,
   "argmax_sublayer": 59
  },
  {
   "unit": 775,
   "max_amp_mod": 4.5338568687438965,
   "argmax_sublayer": 0
  },
  {
   "unit": 709,
   "max_amp_mod": 4.497633457183838,
   "argmax_sublayer": 0
  },
  {
   "unit": 12,
   "max_amp_mod": 4.482828140258789,