{
 "position": 75,
 "sequence_aa": "G",
 "substrate_file": "/Users/djbray/Desktop/esm2/esm2_substrate_facebook_esm2_t33_650M_UR50D/substrate.npz",
 "n_sublayers": 62,
 "n_units": 1280,
 "depth_profiles": {
  "amp_mean": [
   9.780288696289062,
   5.435171127319336,
   5.479050636291504,
   4.335450649261475,
   4.3665032386779785,
   3.7651901245117188,
   3.7991340160369873,
   3.4246392250061035,
   3.47285532951355,
   3.233628034591675,
   3.270808458328247,
   3.131279468536377,
   3.1650800704956055,
   3.087665557861328,
   3.2131686210632324,
   3.1289193630218506,
   3.168518543243408,
   3.1286187171936035,
   3.3054885864257812,
   3.2346367835998535,
   3.4236273765563965,
   3.393782138824463,
   3.631269931793213,
   3.7603766918182373,
   3.7983765602111816,
   3.8570914268493652,
   3.821824550628662,
   3.8748154640197754,
   3.8883843421936035,
   4.024931907653809,
   3.9980576038360596,
   4.112246513366699,
   4.0358381271362305,
   4.166537284851074,
   4.193055152893066,
   4.303877830505371,
   4.3806586265563965,
   4.474307060241699,
   4.663226127624512,
   5.0411224365234375,
   4.999307155609131,
   5.104628086090088,
   5.138724327087402,
   5.056983947753906,
   5.062918186187744,
   5.061927318572998,
   5.240815162658691,
   5.279261589050293,
   5.445263862609863,
   5.680732727050781,
   6.044404029846191,
   6.065839767456055,
   6.096114158630371,
   6.157506942749023,
   6.404780387878418,
   6.472445011138916,
   6.603842735290527,
   6.850755214691162,
   7.360184669494629,
   8.115152359008789,
   8.490467071533203,
   11.544654846191406
  ],
  "amp_modulation_mean": [
   1.1356103420257568,
   1.1456769704818726,
   1.132636308670044,
   1.1320687532424927,
   1.130769968032837,
   1.1262658834457397,
   1.1222282648086548,
   1.1202654838562012,
   1.1283302307128906,
   1.1263452768325806,
   1.1182180643081665,
   1.12599778175354,
   1.1165461540222168,
   1.1245213747024536,
   1.1304051876068115,
   1.1334049701690674,
   1.1040451526641846,
   1.109207034111023,
   1.1013953685760498,
   1.093263864517212,
   1.116119146347046,
   1.09833562374115,
   1.1072018146514893,
   1.1315186023712158,
   1.1148223876953125,
   1.096670150756836,
   1.0744068622589111,
   1.0459352731704712,
   1.049609661102295,
   1.0624749660491943,
   1.0315793752670288,
   1.022300362586975,
   1.0107316970825195,
   1.0104238986968994,
   1.015526294708252,
   1.0283669233322144,
   1.0259275436401367,
   1.017651081085205,
   1.0468978881835938,
   1.1252485513687134,
   1.1086816787719727,
   1.116463303565979,
   1.104473352432251,
   1.0664764642715454,
   1.0562269687652588,
   1.0539544820785522,
   1.0760270357131958,
   1.0819308757781982,
   1.0984091758728027,
   1.1442571878433228,
   1.1817529201507568,
   1.1807893514633179,
   1.1582974195480347,
   1.1594210863113403,
   1.1685876846313477,
   1.1527884006500244,
   1.1342930793762207,
   1.1197741031646729,
   1.1485472917556763,
   1.1805312633514404,
   1.1537725925445557,
   1.1289944648742676
  ],
  "phase_consistency_across_units": [
   0.02180246263742447,
   0.030155545100569725,
   0.021000472828745842,
   0.04150118678808212,
   0.028973311185836792,
   0.05073882266879082,
   0.03891465812921524,
   0.04592154175043106,
   0.04174387454986572,
   0.04834121838212013,
   0.047368373721838,
   0.05068899691104889,
   0.045333877205848694,
   0.03389871492981911,
   0.03926250338554382,
   0.0074522425420582294,
   0.040721241384744644,
   0.018898919224739075,
   0.03266141936182976,
   0.020891619846224785,
   0.017951879650354385,
   0.03162914142012596,
   0.02995581552386284,
   0.024256976321339607,
   0.029615677893161774,
   0.03093089535832405,
   0.028058938682079315,
   0.024377141147851944,
   0.02311825007200241,
   0.013848967850208282,
   0.005002814810723066,
   0.015075381845235825,
   0.008818683214485645,
   0.014115137979388237,
   0.011185046285390854,
   0.035842400044202805,
   0.025920500978827477,
   0.025053633376955986,
   0.01896977238357067,
   0.014384553767740726,
   0.009500832296907902,
   0.01643960177898407,
   0.016892176121473312,
   0.024122532457113266,
   0.023733433336019516,
   0.021314729005098343,
   0.027131682261824608,
   0.025155706331133842,
   0.014208784326910973,
   0.024410000070929527,
   0.018014544621109962,
   0.005974086932837963,
   0.018987830728292465,
   0.017037639394402504,
   0.021570244804024696,
   0.02077227272093296,
   0.027503833174705505,
   0.01035737432539463,
   0.02019224502146244,
   0.021295171231031418,
   0.020814018324017525,
   0.01637309230864048
  ],
  "freq_mean": [
   0.15295036137104034,
   0.03628354147076607,
   0.14080119132995605,
   0.05808926746249199,
   0.1323249340057373,
   0.06897781789302826,
   0.1480688750743866,
   0.08069250732660294,
   0.14977216720581055,
   0.06574364751577377,
   0.13168683648109436,
   0.07983304560184479,
   0.10917551815509796,
   0.10265028476715088,
   0.17097318172454834,
   0.1310272216796875,
   0.12033474445343018,
   0.09821823984384537,
   0.17735370993614197,
   0.11669643223285675,
   0.1949608325958252,
   0.1104590892791748,
   0.2583054006099701,
   0.18418188393115997,
   0.2357081174850464,
   0.15873785316944122,
   0.19333958625793457,
   0.15045464038848877,
   0.2076866179704666,
   0.17992249131202698,
   0.19181054830551147,
   0.1893027424812317,
   0.1893654316663742,
   0.2007356882095337,
   0.18813669681549072,
   0.21312794089317322,
   0.19164274632930756,
   0.1660185307264328,
   0.25143685936927795,
   0.2639651894569397,
   0.2207871675491333,
   0.2474103420972824,
   0.20190438628196716,
   0.21492791175842285,
   0.1975136250257492,
   0.21070250868797302,
   0.21144898235797882,
   0.22535571455955505,
   0.2181932032108307,
   0.28749459981918335,
   0.2704412341117859,
   0.2674297094345093,
   0.24292775988578796,
   0.2261708676815033,
   0.2806869149208069,
   0.21762099862098694,
   0.2691503167152405,
   0.21093448996543884,
   0.4132113456726074,
   0.21138553321361542,
   0.5342458486557007
  ],
  "freq_deviation_abs_mean": [
   0.34381866455078125,
   0.22622768580913544,
   0.2477596551179886,
   0.256122887134552,
   0.2339760810136795,
   0.2545028030872345,
   0.24433624744415283,
   0.24336624145507812,
   0.25590401887893677,
   0.25018414855003357,
   0.22354593873023987,
   0.24500668048858643,
   0.24148552119731903,
   0.28711336851119995,
   0.3246544301509857,
   0.32419198751449585,
   0.274263858795166,
   0.31100550293922424,
   0.3133711814880371,
   0.3649901747703552,
   0.342094361782074,
   0.3735570013523102,
   0.365772008895874,
   0.392841100692749,
   0.37415677309036255,
   0.3572425842285156,
   0.3435112535953522,
   0.3539246916770935,
   0.35550814867019653,
   0.3662092089653015,
   0.3447563350200653,
   0.35771995782852173,
   0.3534347414970398,
   0.3458345830440521,
   0.3545355796813965,
   0.39106282591819763,
   0.3730313181877136,
   0.358027845621109,
   0.36688095331192017,
   0.38978663086891174,
   0.37442025542259216,
   0.3645904064178467,
   0.3843260407447815,
   0.3636440336704254,
   0.34350070357322693,
   0.34595394134521484,
   0.36916160583496094,
   0.3789072632789612,
   0.3973420560359955,
   0.3991612493991852,
   0.42026767134666443,
   0.4044257700443268,
   0.3889272212982178,
   0.39086565375328064,
   0.3773820996284485,
   0.4027114510536194,
   0.3981104791164398,
   0.4334438443183899,
   0.397075355052948,
   0.5259339213371277,
   0.48515835404396057
  ]
 },
 "top_units_by_amp_modulation_max": [
  {
   "unit": 1149,
   "max_amp_mod": 5.202028751373291,
   "argmax_sublayer": 7
  },
  {
   "unit": 359,
   "max_amp_mod": 4.762681484222412,
   "argmax_sublayer": 9
  },
  {
   "unit": 954,
   "max_amp_mod": 4.544408321380615,
   "argmax_sublayer": 51
  },
  {
   "unit": 14,
   "max_amp_mod": 4.316919326782227,
   "argmax_sublayer": 9
  },
  {
   "unit": 188,
   "max_amp_mod": 4.24697732925415,