{
 "position": 43,
 "sequence_aa": "I",
 "substrate_file": "/Users/djbray/Desktop/esm2/esm2_substrate_facebook_esm2_t33_650M_UR50D/substrate.npz",
 "n_sublayers": 62,
 "n_units": 1280,
 "depth_profiles": {
  "amp_mean": [
   11.400883674621582,
   6.207696437835693,
   6.340169906616211,
   4.914181232452393,
   4.994781494140625,
   4.272627830505371,
   4.3414812088012695,
   3.8828482627868652,
   3.9352798461914062,
   3.6371140480041504,
   3.722567081451416,
   3.517089366912842,
   3.6046531200408936,
   3.4682860374450684,
   3.6932132244110107,
   3.5783677101135254,
   3.669607639312744,
   3.616990327835083,
   3.841214656829834,
   3.846398115158081,
   3.998854875564575,
   4.033383846282959,
   4.549160957336426,
   4.698816776275635,
   4.6071906089782715,
   4.798788070678711,
   4.623497009277344,
   4.693793296813965,
   4.788052558898926,
   4.708064079284668,
   4.819820880889893,
   4.704392433166504,
   4.782317638397217,
   4.774820327758789,
   4.646076679229736,
   4.748428821563721,
   4.893178462982178,
   5.0093302726745605,
   5.131482124328613,
   5.395124912261963,
   5.283970355987549,
   5.318223476409912,
   5.342967987060547,
   5.554266929626465,
   5.533078193664551,
   5.545687675476074,
   5.6723175048828125,
   5.768736839294434,
   5.8178510665893555,
   5.779832363128662,
   6.1189470291137695,
   6.4828200340271,
   6.6635847091674805,
   6.763288974761963,
   6.783940315246582,
   7.126765251159668,
   7.5201826095581055,
   8.069496154785156,
   8.537132263183594,
   8.963034629821777,
   9.47827434539795,
   13.297515869140625
  ],
  "amp_modulation_mean": [
   1.321974277496338,
   1.3082367181777954,
   1.3111927509307861,
   1.2844873666763306,
   1.2956187725067139,
   1.2808561325073242,
   1.2846845388412476,
   1.2732799053192139,
   1.280489206314087,
   1.2672789096832275,
   1.2715705633163452,
   1.2635810375213623,
   1.2712706327438354,
   1.264003038406372,
   1.300532579421997,
   1.2996242046356201,
   1.2776421308517456,
   1.2861286401748657,
   1.2778280973434448,
   1.3020074367523193,
   1.3068430423736572,
   1.309267282485962,
   1.390773057937622,
   1.422141671180725,
   1.3595194816589355,
   1.3749431371688843,
   1.3067197799682617,
   1.2723679542541504,
   1.3003284931182861,
   1.2486159801483154,
   1.2468945980072021,
   1.1693898439407349,
   1.2000014781951904,
   1.1533076763153076,
   1.123464584350586,
   1.1301445960998535,
   1.1425520181655884,
   1.1361888647079468,
   1.1502186059951782,
   1.199982762336731,
   1.168699026107788,
   1.1602895259857178,
   1.1465715169906616,
   1.1709944009780884,
   1.1541426181793213,
   1.155462622642517,
   1.1662871837615967,
   1.1844426393508911,
   1.1737308502197266,
   1.164458990097046,
   1.19627845287323,
   1.2658942937850952,
   1.2679091691970825,
   1.277449131011963,
   1.2394123077392578,
   1.2741870880126953,
   1.292480707168579,
   1.3187447786331177,
   1.331813097000122,
   1.300874948501587,
   1.2878715991973877,
   1.2968279123306274
  ],
  "phase_consistency_across_units": [
   0.03161466494202614,
   0.03645020350813866,
   0.03303075209259987,
   0.044079381972551346,
   0.029941091313958168,
   0.0477822907269001,
   0.040731947869062424,
   0.04955964535474777,
   0.03506486490368843,
   0.03955024480819702,
   0.03842255473136902,
   0.04211583733558655,
   0.03951847553253174,
   0.04131297767162323,
   0.04008153825998306,
   0.021443041041493416,
   0.0305849090218544,
   0.015101362019777298,
   0.02372530847787857,
   0.021714087575674057,
   0.022332528606057167,
   0.03629172220826149,
   0.015775959938764572,
   0.02257668972015381,
   0.012171965092420578,
   0.005686589982360601,
   0.005032972898334265,
   0.01397001277655363,
   0.0028641317039728165,
   0.01122751459479332,
   0.004403994884341955,
   0.004534277133643627,
   0.012646064162254333,
   0.018960924819111824,
   0.01416583638638258,
   0.014434677548706532,
   0.010162347927689552,
   0.005611621309071779,
   0.005427497439086437,
   0.01266306359320879,
   0.012514462694525719,
   0.012510278262197971,
   0.010262838564813137,
   0.016115481033921242,
   0.004450168460607529,
   0.00138592638541013,
   0.005662447307258844,
   0.002962554106488824,
   0.007605529390275478,
   0.006445097271353006,
   0.015558349899947643,
   0.019880617037415504,
   0.030632097274065018,
   0.019658973440527916,
   0.012352601625025272,
   0.001463426393456757,
   0.016422362998127937,
   0.025362025946378708,
   0.023074915632605553,
   0.030128084123134613,
   0.03122640587389469,
   0.044517673552036285
  ],
  "freq_mean": [
   0.18103845417499542,
   0.023010708391666412,
   0.1543552130460739,
   0.049596719443798065,
   0.12607567012310028,
   0.07108700275421143,
   0.15212026238441467,
   0.054639268666505814,
   0.11757311969995499,
   0.05938584730029106,
   0.13061469793319702,
   0.05743808671832085,
   0.12852199375629425,
   0.08843398094177246,
   0.20185451209545135,
   0.09288439899682999,
   0.16378773748874664,
   0.09888027608394623,
   0.19315548241138458,
   0.11640109866857529,
   0.17733970284461975,
   0.09439271688461304,
   0.30761703848838806,
   0.18873712420463562,
   0.23703904449939728,
   0.20849856734275818,
   0.17168374359607697,
   0.21262438595294952,
   0.21888895332813263,
   0.1791876256465912,
   0.23004893958568573,
   0.15897488594055176,
   0.23193736374378204,
   0.1456315517425537,
   0.1845327913761139,
   0.18082718551158905,
   0.24305348098278046,
   0.2040780484676361,
   0.2461123764514923,
   0.23930196464061737,
   0.18394634127616882,
   0.18617646396160126,
   0.19665303826332092,
   0.23022881150245667,
   0.1764969527721405,
   0.2059057652950287,
   0.212511345744133,
   0.21452338993549347,
   0.1864565908908844,
   0.19403603672981262,
   0.27481016516685486,
   0.267667293548584,
   0.2852354943752289,
   0.2281845510005951,
   0.2755351662635803,
   0.2607041895389557,
   0.28182297945022583,
   0.29985085129737854,
   0.37399953603744507,
   0.15752509236335754,
   0.5163895487785339
  ],
  "freq_deviation_abs_mean": [
   0.3406740427017212,
   0.23531338572502136,
   0.26794663071632385,
   0.25528639554977417,
   0.2588568329811096,
   0.25640934705734253,
   0.22790983319282532,
   0.23948287963867188,
   0.21811509132385254,
   0.2430957555770874,
   0.23808617889881134,
   0.24966271221637726,
   0.22642314434051514,
   0.28834789991378784,
   0.321637898683548,
   0.3184841573238373,
   0.265193372964859,
   0.29752159118652344,
   0.32130956649780273,
   0.36460596323013306,
   0.3319249153137207,
   0.353829562664032,
   0.359107106924057,
   0.40441522002220154,
   0.35585933923721313,
   0.3687770962715149,
   0.35255447030067444,
   0.3578076660633087,
   0.3327992558479309,
   0.3611892759799957,
   0.35740548372268677,
   0.3628321588039398,
   0.35848674178123474,
   0.35251584649086,
   0.32220855355262756,
   0.3624119162559509,
   0.3625122010707855,
   0.40497025847435,
   0.38933005928993225,
   0.36175331473350525,
   0.35678720474243164,
   0.3651313781738281,
   0.4042636752128601,
   0.38080018758773804,
   0.38370561599731445,
   0.3681843876838684,
   0.35185548663139343,
   0.3405333161354065,
   0.3364076614379883,
   0.3803667426109314,
   0.40246957540512085,
   0.42308077216148376,
   0.39340972900390625,
   0.40775927901268005,
   0.40734320878982544,
   0.44558078050613403,
   0.4428369402885437,
   0.4361596703529358,
   0.41323453187942505,
   0.5011951327323914,
   0.4492543339729309
  ]
 },
 "top_units_by_amp_modulation_max": [
  {
   "unit": 379,
   "max_amp_mod": 5.620982646942139,
   "argmax_sublayer": 1
  },
  {
   "unit": 637,
   "max_amp_mod": 5.505373477935791,
   "argmax_sublayer": 1
  },
  {
   "unit": 692,
   "max_amp_mod": 5.196232318878174,
   "argmax_sublayer": 0
  },
  {
   "unit": 200,
   "max_amp_mod": 5.154379844665527,
   "argmax_sublayer": 0
  },
  {
   "unit": 794,
   "max_amp_mod": 5.13751220703125,