{
 "position": 25,
 "sequence_aa": "V",
 "substrate_file": "/Users/djbray/Desktop/esm2/esm2_substrate_facebook_esm2_t33_650M_UR50D/substrate.npz",
 "n_sublayers": 62,
 "n_units": 1280,
 "depth_profiles": {
  "amp_mean": [
   14.394976615905762,
   8.766828536987305,
   8.807367324829102,
   7.255633354187012,
   7.287741184234619,
   6.515031337738037,
   6.542372226715088,
   6.086115837097168,
   6.095796585083008,
   5.926749229431152,
   5.961853981018066,
   5.994017124176025,
   6.109747886657715,
   6.517704963684082,
   6.377564907073975,
   6.541674613952637,
   6.694998741149902,
   7.5211615562438965,
   6.994909763336182,
   7.249263763427734,
   7.004798889160156,
   6.902817726135254,
   6.848231315612793,
   6.226624965667725,
   6.252453804016113,
   5.900086402893066,
   6.006634712219238,
   5.938324928283691,
   6.091826438903809,
   5.761503219604492,
   6.0256428718566895,
   5.938894271850586,
   5.9463090896606445,
   5.82342529296875,
   5.760756015777588,
   5.834779262542725,
   5.978060722351074,
   6.34002685546875,
   6.512132167816162,
   6.308016777038574,
   6.177301406860352,
   6.079459190368652,
   6.113464832305908,
   6.194156646728516,
   6.301751136779785,
   6.160834312438965,
   6.1801581382751465,
   6.290852069854736,
   6.4048614501953125,
   6.512446403503418,
   6.7034711837768555,
   7.03621768951416,
   6.893158912658691,
   7.130624294281006,
   7.219200134277344,
   7.560062408447266,
   7.776519775390625,
   8.406732559204102,
   8.718223571777344,
   9.948240280151367,
   10.20269775390625,
   15.150405883789062
  ],
  "amp_modulation_mean": [
   1.6665723323822021,
   1.8471072912216187,
   1.822943091392517,
   1.9001728296279907,
   1.8943378925323486,
   1.964822769165039,
   1.9449485540390015,
   2.0106282234191895,
   1.9923661947250366,
   2.0817463397979736,
   2.0464489459991455,
   2.16890287399292,
   2.166440486907959,
   2.3960185050964355,
   2.2630622386932373,
   2.3902485370635986,
   2.3570213317871094,
   2.692126750946045,
   2.3421034812927246,
   2.458599805831909,
   2.2928433418273926,
   2.251718044281006,
   2.0935616493225098,
   1.8781858682632446,
   1.8401954174041748,
   1.6844215393066406,
   1.6907892227172852,
   1.6068722009658813,
   1.6493079662322998,
   1.5221933126449585,
   1.5531665086746216,
   1.4745792150497437,
   1.4872219562530518,
   1.4048961400985718,
   1.3901300430297852,
   1.3853778839111328,
   1.3942253589630127,
   1.4353584051132202,
   1.4535014629364014,
   1.3954063653945923,
   1.3585009574890137,
   1.3190335035324097,
   1.3047116994857788,
   1.2987561225891113,
   1.3073774576187134,
   1.2754045724868774,
   1.2616671323776245,
   1.283260464668274,
   1.2836096286773682,
   1.3041889667510986,
   1.3005874156951904,
   1.362329125404358,
   1.3001301288604736,
   1.3352800607681274,
   1.3095165491104126,
   1.3406211137771606,
   1.3294003009796143,
   1.3683792352676392,
   1.3547282218933105,
   1.4426885843276978,
   1.38346266746521,
   1.4741612672805786
  ],
  "phase_consistency_across_units": [
   0.023069540038704872,
   0.020302128046751022,
   0.018016889691352844,
   0.02898322604596615,
   0.02632957510650158,
   0.03150727227330208,
   0.03220652416348457,
   0.03774763271212578,
   0.039536647498607635,
   0.04190461337566376,
   0.04643216356635094,
   0.040440455079078674,
   0.04244640842080116,
   0.03744431212544441,
   0.04747401550412178,
   0.04304632171988487,
   0.047737229615449905,
   0.03812391683459282,
   0.043377697467803955,
   0.046033043414354324,
   0.04497210681438446,
   0.03728199750185013,
   0.03938113525509834,
   0.030070915818214417,
   0.041403792798519135,
   0.031084902584552765,
   0.03679328039288521,
   0.035114772617816925,
   0.03666530176997185,
   0.033664386719465256,
   0.03446696698665619,
   0.026571406051516533,
   0.02518524043262005,
   0.0278098676353693,
   0.029974158853292465,
   0.03664045035839081,
   0.030318552628159523,
   0.035974226891994476,
   0.031727686524391174,
   0.03196636959910393,
   0.02849387377500534,
   0.04324553534388542,
   0.0472562313079834,
   0.035719018429517746,
   0.03173647075891495,
   0.024891650304198265,
   0.03201039507985115,
   0.03852308541536331,
   0.03528360277414322,
   0.03824080899357796,
   0.04392577335238457,
   0.043183136731386185,
   0.040314141660928726,
   0.02438797801733017,
   0.028572816401720047,
   0.0270015150308609,
   0.026445159688591957,
   0.03292582929134369,
   0.024960851296782494,
   0.025275910273194313,
   0.030753325670957565,
   0.02956436015665531
  ],
  "freq_mean": [
   0.2089519053697586,
   0.0277399979531765,
   0.16864757239818573,
   0.021327301859855652,
   0.1646447479724884,
   0.026667390018701553,
   0.15274235606193542,
   0.00980957318097353,
   0.14067649841308594,
   0.02381432056427002,
   0.1282772272825241,
   0.04465744271874428,
   0.1577567756175995,
   0.1517808437347412,
   0.1323554962873459,
   0.09796599298715591,
   0.23884335160255432,
   0.23482148349285126,
   0.15177108347415924,
   0.24368682503700256,
   0.15554283559322357,
   0.2346113920211792,
   0.1520502120256424,
   0.1588175743818283,
   0.14295510947704315,
   0.11787388473749161,
   0.156247079372406,
   0.1589766889810562,
   0.15767842531204224,
   0.11892588436603546,
   0.20068137347698212,
   0.13990524411201477,
   0.21541273593902588,
   0.13469155132770538,
   0.1766589730978012,
   0.1597403734922409,
   0.18032407760620117,
   0.23544935882091522,
   0.2266053855419159,
   0.16399642825126648,
   0.15878449380397797,
   0.12933318316936493,
   0.18323704600334167,
   0.19497334957122803,
   0.1763521134853363,
   0.12620559334754944,
   0.16486339271068573,
   0.16026797890663147,
   0.20340192317962646,
   0.14514514803886414,
   0.24573250114917755,
   0.18124710023403168,
   0.20891797542572021,
   0.16445933282375336,
   0.21376891434192657,
   0.1522223949432373,
   0.248447984457016,
   0.16932204365730286,
   0.30681782960891724,
   0.13644179701805115,
   0.39222079515457153
  ],
  "freq_deviation_abs_mean": [
   0.27391934394836426,
   0.1503598839044571,
   0.17967276275157928,
   0.1584191471338272,
   0.1410702019929886,
   0.1552613079547882,
   0.1492202877998352,
   0.16662606596946716,
   0.14378608763217926,
   0.1622810810804367,
   0.14956465363502502,
   0.16406463086605072,
   0.20534566044807434,
   0.25475141406059265,
   0.2677158713340759,
   0.2997676730155945,
   0.31939148902893066,
   0.34533748030662537,
   0.31896868348121643,
   0.29368287324905396,
   0.2941679358482361,
   0.3234599232673645,
   0.3084002137184143,
   0.26372581720352173,
   0.29346755146980286,
   0.29714030027389526,
   0.27798134088516235,
   0.27920982241630554,
   0.27635955810546875,
   0.3009665012359619,
   0.3006708025932312,
   0.3171306550502777,
   0.30244162678718567,
   0.34192246198654175,
   0.3215712904930115,
   0.3414079546928406,
   0.3320086598396301,
   0.35062843561172485,
   0.3345777094364166,
   0.3272131383419037,
   0.28888681530952454,
   0.3092668354511261,
   0.3007797300815582,
   0.32271483540534973,
   0.30418291687965393,
   0.31445175409317017,
   0.30715078115463257,
   0.3465208113193512,
   0.3067457675933838,
   0.3464621603488922,
   0.3426937460899353,
   0.37271711230278015,
   0.3396468162536621,
   0.3672953248023987,
   0.3489615023136139,
   0.3735010027885437,
   0.3756920397281647,
   0.408216655254364,
   0.36864376068115234,
   0.38120460510253906,
   0.3904170095920563
  ]
 },
 "top_units_by_amp_modulation_max": [
  {
   "unit": 62,
   "max_amp_mod": 9.94210433959961,
   "argmax_sublayer": 17
  },
  {
   "unit": 1031,
   "max_amp_mod": 8.892122268676758,
   "argmax_sublayer": 17
  },
  {
   "unit": 568,
   "max_amp_mod": 8.43113899230957,
   "argmax_sublayer": 17
  },
  {
   "unit": 730,
   "max_amp_mod": 8.109557151794434,
   "argmax_sublayer": 11
  },
  {
   "unit": 1067,
   "max_amp_mod": 7.781429767608643,