{
 "position": 58,
 "sequence_aa": "Y",
 "substrate_file": "/Users/djbray/Desktop/esm2/esm2_substrate_facebook_esm2_t33_650M_UR50D/substrate.npz",
 "n_sublayers": 62,
 "n_units": 1280,
 "depth_profiles": {
  "amp_mean": [
   11.179168701171875,
   6.028868675231934,
   6.15958309173584,
   4.761605262756348,
   4.842641353607178,
   4.134459495544434,
   4.200986862182617,
   3.7593772411346436,
   3.815096378326416,
   3.534160614013672,
   3.5489413738250732,
   3.3354599475860596,
   3.4215800762176514,
   3.3156180381774902,
   3.4654641151428223,
   3.2962806224823,
   3.4268958568573,
   3.3639912605285645,
   3.573155641555786,
   3.4779212474823,
   3.706930637359619,
   3.610124111175537,
   4.066973686218262,
   4.127013206481934,
   4.085658073425293,
   4.0962371826171875,
   4.3508148193359375,
   4.355608940124512,
   4.365299224853516,
   4.438032150268555,
   4.414083480834961,
   4.568093776702881,
   4.477575778961182,
   4.512658596038818,
   4.64907693862915,
   4.917551517486572,
   4.858548641204834,
   4.762991428375244,
   5.224314212799072,
   5.478893756866455,
   5.666811466217041,
   5.72495174407959,
   6.127114772796631,
   6.6195526123046875,
   6.077280521392822,
   6.002893924713135,
   6.041135311126709,
   5.99312686920166,
   6.042330741882324,
   6.230307102203369,
   6.4739274978637695,
   6.515347480773926,
   6.7267165184021,
   6.888583183288574,
   7.217311859130859,
   7.518775939941406,
   7.800494194030762,
   8.217094421386719,
   8.468937873840332,
   9.077375411987305,
   9.866833686828613,
   13.399212837219238
  ],
  "amp_modulation_mean": [
   1.299119234085083,
   1.272091269493103,
   1.2756026983261108,
   1.2450714111328125,
   1.257089614868164,
   1.239882469177246,
   1.2444795370101929,
   1.2329367399215698,
   1.2428433895111084,
   1.2331335544586182,
   1.2137985229492188,
   1.197368860244751,
   1.2044928073883057,
   1.2057832479476929,
   1.2207202911376953,
   1.1968404054641724,
   1.1912453174591064,
   1.1938766241073608,
   1.1837360858917236,
   1.1739156246185303,
   1.205256700515747,
   1.164438247680664,
   1.2374509572982788,
   1.2433961629867554,
   1.2011451721191406,
   1.1663278341293335,
   1.2235451936721802,
   1.1735318899154663,
   1.1787960529327393,
   1.1713573932647705,
   1.1379379034042358,
   1.133815050125122,
   1.1193307638168335,
   1.0900052785873413,
   1.124637484550476,
   1.1716358661651611,
   1.1356440782546997,
   1.080417275428772,
   1.172210931777954,
   1.2165555953979492,
   1.253817081451416,
   1.2487889528274536,
   1.3173210620880127,
   1.3980153799057007,
   1.2672832012176514,
   1.2492338418960571,
   1.2395739555358887,
   1.2281043529510498,
   1.2170385122299194,
   1.254437804222107,
   1.2634944915771484,
   1.2680176496505737,
   1.2760158777236938,
   1.298322081565857,
   1.3157312870025635,
   1.3419708013534546,
   1.3414323329925537,
   1.3457999229431152,
   1.3249175548553467,
   1.3221057653427124,
   1.3479286432266235,
   1.3132410049438477
  ],
  "phase_consistency_across_units": [
   0.028525225818157196,
   0.02001219615340233,
   0.033951569348573685,
   0.03689582645893097,
   0.03310070186853409,
   0.04551968351006508,
   0.04903384670615196,
   0.05658970773220062,
   0.04996255785226822,
   0.055140431970357895,
   0.04700106754899025,
   0.049607615917921066,
   0.04696068540215492,
   0.043516092002391815,
   0.037296440452337265,
   0.034339405596256256,
   0.037215735763311386,
   0.02800935134291649,
   0.03376103565096855,
   0.03721323609352112,
   0.029744870960712433,
   0.03644755482673645,
   0.02012595906853676,
   0.023108268156647682,
   0.0064538344740867615,
   0.007317818235605955,
   0.02288087271153927,
   0.012375297956168652,
   0.007070566061884165,
   0.008877833373844624,
   0.007108707446604967,
   0.009130911901593208,
   0.020290419459342957,
   0.015110591426491737,
   0.01554805412888527,
   0.025652457028627396,
   0.029936352744698524,
   0.01181784737855196,
   0.016287095844745636,
   0.02269662916660309,
   0.02246972732245922,
   0.013528505340218544,
   0.03217409923672676,
   0.03754540532827377,
   0.03459441289305687,
   0.01893739402294159,
   0.013006424531340599,
   0.022880204021930695,
   0.020607832819223404,
   0.014565310440957546,
   0.013309757225215435,
   0.02322566695511341,
   0.03029090352356434,
   0.018325993791222572,
   0.019294703379273415,
   0.016564220190048218,
   0.021782182157039642,
   0.011178344488143921,
   0.01231935154646635,
   0.026225486770272255,
   0.020287875086069107,
   0.0314164012670517
  ],
  "freq_mean": [
   0.12681671977043152,
   0.0474310927093029,
   0.14423629641532898,
   0.03878563642501831,
   0.14486350119113922,
   0.07351449131965637,
   0.13913175463676453,
   0.06321461498737335,
   0.14010491967201233,
   0.07576413452625275,
   0.10427196323871613,
   0.0776820033788681,
   0.10614482313394547,
   0.10981246083974838,
   0.15974166989326477,
   0.08805041015148163,
   0.1456150859594345,
   0.0967458039522171,
   0.17911311984062195,
   0.13309074938297272,
   0.16700379550457,
   0.10662418603897095,
   0.2747133672237396,
   0.1860733926296234,
   0.16867570579051971,
   0.1851733922958374,
   0.25047311186790466,
   0.14710626006126404,
   0.2202446013689041,
   0.15900476276874542,
   0.19500836730003357,
   0.18509724736213684,
   0.1692645102739334,
   0.1466522067785263,
   0.2109569013118744,
   0.2348875105381012,
   0.13717390596866608,
   0.1580405980348587,
   0.22224406898021698,
   0.22523431479930878,
   0.2308221161365509,
   0.1933390349149704,
   0.3177657723426819,
   0.2690833508968353,
   0.16611003875732422,
   0.2180074155330658,
   0.19681978225708008,
   0.20267660915851593,
   0.21304821968078613,
   0.22505703568458557,
   0.2596980929374695,
   0.20057335495948792,
   0.2598765194416046,
   0.20984749495983124,
   0.3098573684692383,
   0.22424225509166718,
   0.30185577273368835,
   0.26117053627967834,
   0.2939428389072418,
   0.23578862845897675,
   0.5396952033042908
  ],
  "freq_deviation_abs_mean": [
   0.34739911556243896,
   0.22268085181713104,
   0.23532314598560333,
   0.24259500205516815,
   0.2303406298160553,
   0.2242097407579422,
   0.2323044240474701,
   0.23786556720733643,
   0.24143381416797638,
   0.24280841648578644,
   0.22888807952404022,
   0.2471291720867157,
   0.24105051159858704,
   0.27044859528541565,
   0.294687420129776,
   0.3103910982608795,
   0.2613890767097473,
   0.2961103618144989,
   0.3247276246547699,
   0.37095627188682556,
   0.3342382311820984,
   0.35887932777404785,
   0.3823184669017792,
   0.39949002861976624,
   0.3298715054988861,
   0.3546924591064453,
   0.3711983561515808,
   0.4004170894622803,
   0.33273157477378845,
   0.3312613070011139,
   0.3357451856136322,
   0.3449366092681885,
   0.3668879568576813,
   0.36741381883621216,
   0.36139315366744995,
   0.36249589920043945,
   0.3164106011390686,
   0.3384784758090973,
   0.38754981756210327,
   0.37355536222457886,
   0.3563167452812195,
   0.41216880083084106,
   0.3980575501918793,
   0.35222581028938293,
   0.3360462784767151,
   0.32732993364334106,
   0.35099077224731445,
   0.35495978593826294,
   0.3692159652709961,
   0.35625940561294556,
   0.3519984781742096,
   0.3936547636985779,
   0.39749693870544434,
   0.40877586603164673,
   0.38314855098724365,
   0.39834487438201904,
   0.3815004229545593,
   0.4282911419868469,
   0.44000568985939026,
   0.4781098961830139,
   0.4256558418273926
  ]
 },
 "top_units_by_amp_modulation_max": [
  {
   "unit": 261,
   "max_amp_mod": 5.519102573394775,
   "argmax_sublayer": 61
  },
  {
   "unit": 175,
   "max_amp_mod": 5.476285457611084,
   "argmax_sublayer": 2
  },
  {
   "unit": 1263,
   "max_amp_mod": 5.400544166564941,
   "argmax_sublayer": 0
  },
  {
   "unit": 1004,
   "max_amp_mod": 5.199584484100342,
   "argmax_sublayer": 2
  },
  {
   "unit": 1050,
   "max_amp_mod": 5.130889892578125,