{
 "position": 62,
 "sequence_aa": "K",
 "substrate_file": "/home/dbrayjr5/esm2-osc/esm2_substrate_facebook_esm2_t33_650M_UR50D/substrate.npz",
 "n_sublayers": 62,
 "n_units": 1280,
 "validity_floor": {
  "quantile": 0.1,
  "absolute_value": 2.7328476905822754,
  "n_valid_cells": 71424,
  "n_total_cells": 79360,
  "fraction_valid": 0.9
 },
 "depth_profiles": {
  "amp_modulation_mean": [
   1.1691219806671143,
   1.1730310916900635,
   1.178878664970398,
   1.1643507480621338,
   1.1749099493026733,
   1.1666067838668823,
   1.1724433898925781,
   1.169533610343933,
   1.1744197607040405,
   1.1741135120391846,
   1.170052170753479,
   1.1660536527633667,
   1.1697089672088623,
   1.1709212064743042,
   1.206251621246338,
   1.1853621006011963,
   1.1832454204559326,
   1.1903952360153198,
   1.1575452089309692,
   1.1595417261123657,
   1.1725611686706543,
   1.1460111141204834,
   1.2199302911758423,
   1.2367442846298218,
   1.1773775815963745,
   1.1396617889404297,
   1.1633089780807495,
   1.1506110429763794,
   1.1747689247131348,
   1.1496309041976929,
   1.1472222805023193,
   1.1500494480133057,
   1.0959721803665161,
   1.0456022024154663,
   1.0920759439468384,
   1.1044085025787354,
   1.1109035015106201,
   1.0861135721206665,
   1.1277652978897095,
   1.1848702430725098,
   1.1282503604888916,
   1.1527659893035889,
   1.1999757289886475,
   1.2193963527679443,
   1.1926238536834717,
   1.173275351524353,
   1.1804956197738647,
   1.189623475074768,
   1.1658954620361328,
   1.142709732055664,
   1.1385104656219482,
   1.1650781631469727,
   1.1721110343933105,
   1.2142821550369263,
   1.1886703968048096,
   1.1746548414230347,
   1.159531593322754,
   1.1862715482711792,
   1.1767499446868896,
   1.1622835397720337,
   1.1579679250717163,
   1.1581766605377197
  ],
  "amp_modulation_mean_valid_only": [
   1.1691219806671143,
   1.1730310916900635,
   1.178878664970398,
   1.1643507480621338,
   1.1749099493026733,
   1.1662030220031738,
   1.1724433898925781,
   1.161574125289917,
   1.1644766330718994,
   1.1391842365264893,
   1.1170803308486938,
   1.1193691492080688,
   1.1285390853881836,
   1.1376900672912598,
   1.166006326675415,
   1.157812476158142,
   1.1534055471420288,
   1.1721742153167725,
   1.1421935558319092,
   1.1364831924438477,
   1.1765456199645996,
   1.1409626007080078,
   1.2199302911758423,
   1.2367442846298218,
   1.1773775815963745,
   1.1396617889404297,
   1.1633089780807495,
   1.1506110429763794,
   1.1747689247131348,
   1.1496309041976929,
   1.1472222805023193,
   1.1500494480133057,
   1.0959721803665161,
   1.0456022024154663,
   1.0920759439468384,
   1.1044085025787354,
   1.1109035015106201,
   1.0861135721206665,
   1.1277652978897095,
   1.1848702430725098,
   1.1282503604888916,
   1.1527659893035889,
   1.1999757289886475,
   1.2193963527679443,
   1.1926238536834717,
   1.173275351524353,
   1.1804956197738647,
   1.189623475074768,
   1.1658954620361328,
   1.142709732055664,
   1.1385104656219482,
   1.1650781631469727,
   1.1721110343933105,
   1.2142821550369263,
   1.1886703968048096,
   1.1746548414230347,
   1.159531593322754,
   1.1862715482711792,
   1.1767499446868896,
   1.1622835397720337,
   1.1579679250717163,
   1.1581766605377197
  ],
  "phase_consistency_across_units": [
   0.0107664093375206,
   0.01701129786670208,
   0.017979122698307037,
   0.025622542947530746,
   0.01755010336637497,
   0.03770522028207779,
   0.02960887737572193,
   0.03398514539003372,
   0.029885170981287956,
   0.03957752883434296,
   0.029729438945651054,
   0.029591428115963936,
   0.039785634726285934,
   0.036011625081300735,
   0.0423382930457592,
   0.030927246436476707,
   0.030393650755286217,
   0.027718424797058105,
   0.034771908074617386,
   0.0215317253023386,
   0.02596919983625412,
   0.026295950636267662,
   0.012296312488615513,
   0.019176920875906944,
   0.018542228266596794,
   0.018068313598632812,
   0.01993686519563198,
   0.02622365579009056,
   0.01957167126238346,
   0.02261476218700409,
   0.009179851040244102,
   0.005620947573333979,
   0.011685330420732498,
   0.007314919959753752,
   0.0010031824931502342,
   0.014291358180344105,
   0.007970846258103848,
   0.009614168666303158,
   0.011268528178334236,
   0.015532110817730427,
   0.015660757198929787,
   0.009880064986646175,
   0.022348478436470032,
   0.01200566254556179,
   0.01737828366458416,
   0.009780801832675934,
   0.016202514991164207,
   0.019263362511992455,
   0.02563544176518917,
   0.011423548683524132,
   0.025882571935653687,
   0.017272043973207474,
   0.003866828279569745,
   0.0028589339926838875,
   0.016067679971456528,
   0.022157840430736542,
   0.01881234720349312,
   0.008005344308912754,
   0.0035741834435611963,
   0.01326193567365408,
   0.006116276606917381,
   0.0150771364569664
  ],
  "freq_mean": [
   0.12788259983062744,
   0.03897702321410179,
   0.14906302094459534,
   0.05816536396741867,
   0.1253926008939743,
   0.06867005676031113,
   0.1315523386001587,
   0.06997890025377274,
   0.12950363755226135,
   0.07010982185602188,
   0.1073155552148819,
   0.054754890501499176,
   0.09895314276218414,
   0.09899149090051651,
   0.203228160738945,
   0.07782671600580215,
   0.18047639727592468,
   0.10464231669902802,
   0.16166013479232788,
   0.11948100477457047,
   0.15541872382164001,
   0.10452812910079956,
   0.29830244183540344,
   0.2092876434326172,
   0.20561298727989197,
   0.15783698856830597,
   0.20967772603034973,
   0.1851963847875595,
   0.22735662758350372,
   0.1238907128572464,
   0.25652292370796204,
   0.21041390299797058,
   0.14041201770305634,
   0.18951943516731262,
   0.19559738039970398,
   0.18369662761688232,
   0.21269412338733673,
   0.16537439823150635,
   0.2975050210952759,
   0.2227703332901001,
   0.15378542244434357,
   0.24573075771331787,
   0.24635224044322968,
   0.25347429513931274,
   0.21149297058582306,
   0.2104969024658203,
   0.26290762424468994,
   0.23924124240875244,
   0.20590057969093323,
   0.18166212737560272,
   0.23488488793373108,
   0.1885574609041214,
   0.27358055114746094,
   0.23396074771881104,
   0.2684917449951172,
   0.20767471194267273,
   0.26887601613998413,
   0.23890581727027893,
   0.3354807496070862,
   0.18014568090438843,
   0.5458666086196899
  ],
  "freq_deviation_abs_mean": [
   0.33730775117874146,
   0.2129131257534027,
   0.2473653256893158,
   0.2474290430545807,
   0.24007079005241394,
   0.23176543414592743,
   0.22855043411254883,
   0.23175553977489471,
   0.22916856408119202,
   0.22589221596717834,
   0.20679903030395508,
   0.23834609985351562,
   0.21855846047401428,
   0.27562811970710754,
   0.32030147314071655,
   0.3623211979866028,
   0.29184436798095703,
   0.3150060772895813,
   0.3246718645095825,
   0.35758426785469055,
   0.33623871207237244,
   0.3569105863571167,
   0.35600146651268005,
   0.431788831949234,
   0.35724902153015137,
   0.3638748526573181,
   0.3617584705352783,
   0.35259613394737244,
   0.3334694802761078,
   0.3816080391407013,
   0.37602293491363525,
   0.36626118421554565,
   0.34776827692985535,
   0.35078585147857666,
   0.36969316005706787,
   0.37907204031944275,
   0.34248095750808716,
   0.37751054763793945,
   0.3979797959327698,
   0.36579030752182007,
   0.3654019832611084,
   0.3859338164329529,
   0.39519262313842773,
   0.38230404257774353,
   0.3731222450733185,
   0.3563765287399292,
   0.37935367226600647,
   0.4092327654361725,
   0.36069783568382263,
   0.3743819296360016,
   0.3977726101875305,
   0.42601361870765686,
   0.40588122606277466,
   0.42184561491012573,
   0.4016428589820862,
   0.4284793436527252,
   0.41995590925216675,
   0.45606857538223267,
   0.41857367753982544,
   0.5030906796455383,
   0.45852914452552795
  ],