{
 "position": 59,
 "sequence_aa": "N",
 "substrate_file": "/Users/djbray/Desktop/esm2/esm2_substrate_facebook_esm2_t33_650M_UR50D/substrate.npz",
 "n_sublayers": 62,
 "n_units": 1280,
 "depth_profiles": {
  "amp_mean": [
   10.6441068649292,
   5.979586601257324,
   6.060153007507324,
   4.7628021240234375,
   4.813691139221191,
   4.153695106506348,
   4.201791763305664,
   3.777926206588745,
   3.8155198097229004,
   3.5818228721618652,
   3.6172375679016113,
   3.411520481109619,
   3.4969756603240967,
   3.3860878944396973,
   3.548318386077881,
   3.3982558250427246,
   3.498105525970459,
   3.427384853363037,
   3.637340545654297,
   3.5865039825439453,
   3.824528455734253,
   3.735539674758911,
   4.158158302307129,
   4.240850925445557,
   4.239214897155762,
   4.3513898849487305,
   4.436350345611572,
   4.451122283935547,
   4.549439430236816,
   4.6325883865356445,
   4.5484795570373535,
   4.8317742347717285,
   4.725944995880127,
   4.885403633117676,
   5.041447639465332,
   5.292379856109619,
   5.138413906097412,
   5.3513312339782715,
   5.683634281158447,
   6.4453125,
   6.3848419189453125,
   6.7939324378967285,
   6.9329047203063965,
   6.287143230438232,
   6.066336154937744,
   5.840073585510254,
   5.973640441894531,
   5.705071449279785,
   5.795009613037109,
   5.807908535003662,
   5.963098049163818,
   5.923251152038574,
   6.006718635559082,
   6.049374580383301,
   6.278337478637695,
   6.696778297424316,
   6.919614315032959,
   7.340304374694824,
   7.671976566314697,
   8.402002334594727,
   8.740437507629395,
   12.289472579956055
  ],
  "amp_modulation_mean": [
   1.230929970741272,
   1.2561484575271606,
   1.2497584819793701,
   1.239986777305603,
   1.2434892654418945,
   1.241529107093811,
   1.2400137186050415,
   1.2345869541168213,
   1.2376753091812134,
   1.24534010887146,
   1.2326558828353882,
   1.2214837074279785,
   1.2286993265151978,
   1.2297788858413696,
   1.2470207214355469,
   1.2314165830612183,
   1.2141122817993164,
   1.2158926725387573,
   1.2059147357940674,
   1.2127230167388916,
   1.2457510232925415,
   1.2077696323394775,
   1.267767071723938,
   1.2790645360946655,
   1.247090458869934,
   1.2402009963989258,
   1.2471956014633179,
   1.200929880142212,
   1.2304019927978516,
   1.2244465351104736,
   1.1734204292297363,
   1.201072335243225,
   1.184422254562378,
   1.1817095279693604,
   1.221246361732483,
   1.2616770267486572,
   1.2022892236709595,
   1.214984655380249,
   1.275742530822754,
   1.4324450492858887,
   1.4101262092590332,
   1.4785362482070923,
   1.480102777481079,
   1.3176448345184326,
   1.2569175958633423,
   1.2082669734954834,
   1.2190725803375244,
   1.1605918407440186,
   1.159035086631775,
   1.1596908569335938,
   1.1546657085418701,
   1.1426578760147095,
   1.1294326782226562,
   1.1296608448028564,
   1.136141061782837,
   1.187432885169983,
   1.1836878061294556,
   1.196608304977417,
   1.1931140422821045,
   1.2167325019836426,
   1.1821006536483765,
   1.194504976272583
  ],
  "phase_consistency_across_units": [
   0.015401331707835197,
   0.01656375266611576,
   0.01966957561671734,
   0.024297842755913734,
   0.017882470041513443,
   0.030440839007496834,
   0.014327866025269032,
   0.028089426457881927,
   0.008609921671450138,
   0.017655327916145325,
   0.008536726236343384,
   0.009721208363771439,
   0.010036955587565899,
   0.008142187260091305,
   0.011072193272411823,
   0.0005727742682211101,
   0.016361135989427567,
   0.014837686903774738,
   0.012106440030038357,
   0.015972265973687172,
   0.015037966892123222,
   0.0283981841057539,
   0.013304922729730606,
   0.01585892215371132,
   0.02003098465502262,
   0.02002212591469288,
   0.030353201553225517,
   0.02995610237121582,
   0.026998216286301613,
   0.029550064355134964,
   0.02360447123646736,
   0.014629926532506943,
   0.01793966442346573,
   0.03467562794685364,
   0.02822756953537464,
   0.010262669064104557,
   0.02133127860724926,
   0.016468588262796402,
   0.017327917739748955,
   0.014815865084528923,
   0.014371980912983418,
   0.005011577159166336,
   0.00633056228980422,
   0.022330183535814285,
   0.012697088532149792,
   0.016921961680054665,
   0.012139441445469856,
   0.006408308632671833,
   0.009965644218027592,
   0.01005979347974062,
   0.0064574917778372765,
   0.015162959694862366,
   0.014043369330465794,
   0.008169411681592464,
   0.0062599508091807365,
   0.007758450228720903,
   0.010757905431091785,
   0.025684436783194542,
   0.010025840252637863,
   0.009824839420616627,
   0.00987454317510128,
   0.011491530574858189
  ],
  "freq_mean": [
   0.16078585386276245,
   0.050160445272922516,
   0.14926831424236298,
   0.04272816330194473,
   0.13058039546012878,
   0.04951387643814087,
   0.13259723782539368,
   0.04552823305130005,
   0.12215268611907959,
   0.0892447978258133,
   0.11599347740411758,
   0.08438540995121002,
   0.08413022756576538,
   0.10188134759664536,
   0.15603792667388916,
   0.0893656462430954,
   0.11982665210962296,
   0.0931611880660057,
   0.15897859632968903,
   0.13124731183052063,
   0.1661382019519806,
   0.09582693874835968,
   0.2873176634311676,
   0.14641067385673523,
   0.23232021927833557,
   0.16974160075187683,
   0.2120956927537918,
   0.15355652570724487,
   0.2535485029220581,
   0.144911527633667,
   0.200562983751297,
   0.19475582242012024,
   0.17798051238059998,
   0.16156399250030518,
   0.22150588035583496,
   0.2037905752658844,
   0.16586169600486755,
   0.16213321685791016,
   0.24642333388328552,
   0.29650768637657166,
   0.22572875022888184,
   0.3493713140487671,
   0.23614120483398438,
   0.19236087799072266,
   0.16565868258476257,
   0.19757458567619324,
   0.20224067568778992,
   0.15685585141181946,
   0.20245866477489471,
   0.17405159771442413,
   0.2437930852174759,
   0.15258517861366272,
   0.21722964942455292,
   0.15049958229064941,
   0.2588454782962799,
   0.20355698466300964,
   0.28112709522247314,
   0.2203562706708908,
   0.33929917216300964,
   0.18543240427970886,
   0.47688502073287964
  ],
  "freq_deviation_abs_mean": [
   0.32111889123916626,
   0.2110637128353119,
   0.24169762432575226,
   0.22798089683055878,
   0.22365716099739075,
   0.21775230765342712,
   0.22730441391468048,
   0.23506441712379456,
   0.22395944595336914,
   0.226063534617424,
   0.21106895804405212,
   0.24227547645568848,
   0.23000779747962952,
   0.2624661326408386,
   0.3010404706001282,
   0.3157380223274231,
   0.25072091817855835,
   0.30574190616607666,
   0.33505815267562866,
   0.34362679719924927,
   0.3133872151374817,
   0.34184640645980835,
   0.35117435455322266,
   0.39890021085739136,
   0.3362674117088318,
   0.3621123433113098,
   0.3553784191608429,
   0.37607526779174805,
   0.3462050259113312,
   0.3591112494468689,
   0.3557649254798889,
   0.3465644121170044,
   0.3465758264064789,
   0.34206825494766235,
   0.3548024594783783,
   0.3752738833427429,
   0.3241504728794098,
   0.3366619646549225,
   0.3818031847476959,
   0.37231868505477905,
   0.39270058274269104,
   0.399407297372818,
   0.3820842206478119,
   0.3356665372848511,
   0.3037072718143463,
   0.3067132532596588,
   0.3203755021095276,
   0.3661494851112366,
   0.3532673418521881,
   0.342558890581131,
   0.31769490242004395,
   0.3681572377681732,
   0.3335934281349182,
   0.4009661078453064,
   0.3833317756652832,
   0.3982430100440979,
   0.3861022889614105,
   0.43129047751426697,
   0.3636775612831116,
   0.42607372999191284,
   0.4329904615879059
  ]
 },
 "top_units_by_amp_modulation_max": [
  {
   "unit": 89,
   "max_amp_mod": 6.001931667327881,
   "argmax_sublayer": 42
  },
  {
   "unit": 359,
   "max_amp_mod": 5.491629600524902,
   "argmax_sublayer": 42
  },
  {
   "unit": 431,
   "max_amp_mod": 5.280155658721924,
   "argmax_sublayer": 42
  },
  {
   "unit": 457,
   "max_amp_mod": 5.267820835113525,
   "argmax_sublayer": 42
  },
  {
   "unit": 278,
   "max_amp_mod": 4.9118266105651855,