{
 "position": 65,
 "sequence_aa": "T",
 "substrate_file": "/Users/djbray/Desktop/esm2/esm2_substrate_facebook_esm2_t33_650M_UR50D/substrate.npz",
 "n_sublayers": 62,
 "n_units": 1280,
 "depth_profiles": {
  "amp_mean": [
   10.474863052368164,
   5.724892616271973,
   5.895843982696533,
   4.589272975921631,
   4.686566352844238,
   4.020907402038574,
   4.094705104827881,
   3.6836910247802734,
   3.7368366718292236,
   3.469064235687256,
   3.5266151428222656,
   3.359654664993286,
   3.4506664276123047,
   3.3509857654571533,
   3.553905487060547,
   3.4132087230682373,
   3.579270839691162,
   3.5117459297180176,
   3.603860378265381,
   3.6228930950164795,
   3.769217014312744,
   3.6788973808288574,
   4.140739440917969,
   4.295859336853027,
   4.1611785888671875,
   4.140820503234863,
   4.302424430847168,
   4.5233283042907715,
   4.393795013427734,
   4.346391201019287,
   4.539906978607178,
   4.684809684753418,
   4.573247909545898,
   4.541876316070557,
   4.596965312957764,
   4.750039100646973,
   4.746836185455322,
   4.6926679611206055,
   4.869917392730713,
   5.102419853210449,
   5.008922576904297,
   5.024418830871582,
   5.247616767883301,
   5.585275173187256,
   5.744500160217285,
   5.709436893463135,
   5.824555397033691,
   5.846322059631348,
   5.848425388336182,
   6.007960319519043,
   6.239333629608154,
   6.1879801750183105,
   6.166600227355957,
   6.122978210449219,
   6.273221015930176,
   6.571633815765381,
   6.648139953613281,
   6.995764255523682,
   7.434896945953369,
   8.433876037597656,
   8.838494300842285,
   12.206090927124023
  ],
  "amp_modulation_mean": [
   1.2163212299346924,
   1.20528244972229,
   1.2196513414382935,
   1.196821928024292,
   1.214726448059082,
   1.2049133777618408,
   1.2120882272720337,
   1.2085059881210327,
   1.2156484127044678,
   1.2088556289672852,
   1.2055237293243408,
   1.2075878381729126,
   1.2179018259048462,
   1.2219436168670654,
   1.2527093887329102,
   1.2397527694702148,
   1.2466285228729248,
   1.2504522800445557,
   1.2031362056732178,
   1.2288917303085327,
   1.2330923080444336,
   1.1960957050323486,
   1.267667531967163,
   1.300297737121582,
   1.2280365228652954,
   1.1852009296417236,
   1.216094732284546,
   1.2265455722808838,
   1.1922509670257568,
   1.1517709493637085,
   1.1746690273284912,
   1.1645240783691406,
   1.1465187072753906,
   1.0981262922286987,
   1.1128120422363281,
   1.1330522298812866,
   1.1103700399398804,
   1.0650297403335571,
   1.0920919179916382,
   1.1352144479751587,
   1.1082231998443604,
   1.0960414409637451,
   1.1274594068527222,
   1.1801425218582153,
   1.2003206014633179,
   1.189959168434143,
   1.197645902633667,
   1.1992075443267822,
   1.1794531345367432,
   1.2107139825820923,
   1.2189226150512695,
   1.2048784494400024,
   1.170499563217163,
   1.152359127998352,
   1.1432832479476929,
   1.1706328392028809,
   1.1420831680297852,
   1.1442296504974365,
   1.159710168838501,
   1.2274844646453857,
   1.200750708580017,
   1.1927554607391357
  ],
  "phase_consistency_across_units": [
   0.01829962432384491,
   0.02612561546266079,
   0.01391338650137186,
   0.025491977110505104,
   0.01372037548571825,
   0.03266128897666931,
   0.03275386989116669,
   0.04013257846236229,
   0.032213687896728516,
   0.03504696115851402,
   0.03520117327570915,
   0.03330177068710327,
   0.035286083817481995,
   0.04463031888008118,
   0.04352694749832153,
   0.026018166914582253,
   0.027672957628965378,
   0.027387648820877075,
   0.029274942353367805,
   0.04038732871413231,
   0.027477923780679703,
   0.03925661742687225,
   0.028381401672959328,
   0.03210417553782463,
   0.02463633380830288,
   0.017837416380643845,
   0.027168646454811096,
   0.027868634089827538,
   0.0284641794860363,
   0.023470429703593254,
   0.022746901959180832,
   0.03003179468214512,
   0.015221120789647102,
   0.030840836465358734,
   0.017065593972802162,
   0.024270474910736084,
   0.033278364688158035,
   0.027661558240652084,
   0.03535750135779381,
   0.022214677184820175,
   0.036209043115377426,
   0.037677958607673645,
   0.03730037435889244,
   0.02689048834145069,
   0.03347471356391907,
   0.02249104715883732,
   0.007800379768013954,
   0.01895223557949066,
   0.018778860569000244,
   0.010862872004508972,
   0.012913557700812817,
   0.010011021979153156,
   0.016784286126494408,
   0.018272897228598595,
   0.01586356945335865,
   0.01341275218874216,
   0.01220667827874422,
   0.021091444417834282,
   0.009747744537889957,
   0.005548297893255949,
   0.01146944984793663,
   0.010251462459564209
  ],
  "freq_mean": [
   0.1585141122341156,
   0.03810044378042221,
   0.15333113074302673,
   0.04594166949391365,
   0.13946755230426788,
   0.059085775166749954,
   0.13480059802532196,
   0.04987409710884094,
   0.13121142983436584,
   0.05093125253915787,
   0.10278282314538956,
   0.07931189239025116,
   0.10685165226459503,
   0.11335112899541855,
   0.16758842766284943,
   0.10691835731267929,
   0.18952752649784088,
   0.0922815352678299,
   0.16436859965324402,
   0.12758129835128784,
   0.15649345517158508,
   0.09012554585933685,
   0.30363142490386963,
   0.1726616770029068,
   0.1905178725719452,
   0.14635147154331207,
   0.2483108937740326,
   0.21845360100269318,
   0.1674993336200714,
   0.16581223905086517,
   0.2577386498451233,
   0.1710605025291443,
   0.16718611121177673,
   0.18530386686325073,
   0.2008306086063385,
   0.2180781364440918,
   0.20529420673847198,
   0.16925792396068573,
   0.22383931279182434,
   0.21090273559093475,
   0.1818207949399948,
   0.15238305926322937,
   0.22140435874462128,
   0.25737905502319336,
   0.2321084439754486,
   0.23842939734458923,
   0.25403815507888794,
   0.2217690646648407,
   0.23160842061042786,
   0.25835445523262024,
   0.25933533906936646,
   0.21720421314239502,
   0.25841444730758667,
   0.16167154908180237,
   0.29911261796951294,
   0.18491250276565552,
   0.2659147083759308,
   0.1862126588821411,
   0.375114381313324,
   0.2287299633026123,
   0.5195690393447876
  ],
  "freq_deviation_abs_mean": [
   0.3655880093574524,
   0.24133527278900146,
   0.2595592737197876,
   0.24122509360313416,
   0.232805535197258,
   0.23370461165905,
   0.2279239147901535,
   0.2250494658946991,
   0.2150280922651291,
   0.23468060791492462,
   0.21378926932811737,
   0.24182343482971191,
   0.22360363602638245,
   0.27802595496177673,
   0.29657381772994995,
   0.3202694058418274,
   0.284062922000885,
   0.32863134145736694,
   0.3200785517692566,
   0.35411563515663147,
   0.327633798122406,
   0.36868125200271606,
   0.36891230940818787,
   0.3913065195083618,
   0.33925527334213257,
   0.378097265958786,
   0.36848562955856323,
   0.3760499954223633,
   0.34196338057518005,
   0.34248149394989014,
   0.3423460125923157,
   0.3560534119606018,
   0.3366491198539734,
   0.33036571741104126,
   0.3603973984718323,
   0.3724655508995056,
   0.34764528274536133,
   0.38902878761291504,
   0.3859826326370239,
   0.33713069558143616,
   0.3275600075721741,
   0.3518809676170349,
   0.36438697576522827,
   0.3866943418979645,
   0.38940590620040894,
   0.3648807406425476,
   0.3681708872318268,
   0.3813323378562927,
   0.3800589144229889,
   0.3860729932785034,
   0.38287845253944397,
   0.4077613949775696,
   0.3900284171104431,
   0.400421142578125,
   0.3593006134033203,
   0.4282258152961731,
   0.3821435868740082,
   0.4429311752319336,
   0.43070945143699646,
   0.49922919273376465,
   0.4547704756259918
  ]
 },
 "top_units_by_amp_modulation_max": [
  {
   "unit": 843,
   "max_amp_mod": 5.388574600219727,
   "argmax_sublayer": 2
  },
  {
   "unit": 596,
   "max_amp_mod": 4.668056964874268,
   "argmax_sublayer": 0
  },
  {
   "unit": 233,
   "max_amp_mod": 4.666425704956055,
   "argmax_sublayer": 57
  },
  {
   "unit": 149,
   "max_amp_mod": 4.530030250549316,
   "argmax_sublayer": 0
  },
  {
   "unit": 367,
   "max_amp_mod": 4.522441387176514,