{
 "position": 19,
 "sequence_aa": "S",
 "substrate_file": "/Users/djbray/Desktop/esm2/esm2_substrate_facebook_esm2_t33_650M_UR50D/substrate.npz",
 "n_sublayers": 62,
 "n_units": 1280,
 "depth_profiles": {
  "amp_mean": [
   10.071920394897461,
   5.563071250915527,
   5.655001640319824,
   4.449554443359375,
   4.502293586730957,
   3.8485960960388184,
   3.935995101928711,
   3.5590908527374268,
   3.607475996017456,
   3.366062879562378,
   3.415451765060425,
   3.2161803245544434,
   3.3080191612243652,
   3.178408145904541,
   3.417952299118042,
   3.304030656814575,
   3.484844923019409,
   3.5155258178710938,
   3.6658775806427,
   3.614964246749878,
   3.797640323638916,
   3.7262210845947266,
   4.08028507232666,
   4.23590087890625,
   4.0550079345703125,
   4.018072605133057,
   3.9575393199920654,
   4.090964317321777,
   3.9985992908477783,
   4.063709259033203,
   4.065696716308594,
   4.073812961578369,
   3.997164249420166,
   3.9951744079589844,
   4.325839996337891,
   4.52915620803833,
   4.546331405639648,
   4.780229568481445,
   4.846360206604004,
   5.504693508148193,
   5.249197959899902,
   5.087248802185059,
   5.264774799346924,
   4.936544895172119,
   5.1508378982543945,
   5.259331703186035,
   5.238793849945068,
   5.213826656341553,
   5.388836860656738,
   5.519259452819824,
   5.750542163848877,
   5.816885948181152,
   5.821892738342285,
   5.9545087814331055,
   6.106102466583252,
   6.153674602508545,
   6.564199924468994,
   7.163399696350098,
   7.360232353210449,
   7.988351345062256,
   8.549322128295898,
   11.72960376739502
  ],
  "amp_modulation_mean": [
   1.1634715795516968,
   1.1666065454483032,
   1.165118932723999,
   1.1564092636108398,
   1.1618446111679077,
   1.1478478908538818,
   1.159245491027832,
   1.1612474918365479,
   1.1675403118133545,
   1.1677591800689697,
   1.1610157489776611,
   1.1490051746368408,
   1.1590536832809448,
   1.1497498750686646,
   1.1954647302627563,
   1.192854642868042,
   1.2078940868377686,
   1.2455108165740967,
   1.2140893936157227,
   1.215994954109192,
   1.2331410646438599,
   1.2016820907592773,
   1.2386143207550049,
   1.270978331565857,
   1.1882623434066772,
   1.1414316892623901,
   1.1094472408294678,
   1.0986697673797607,
   1.0770399570465088,
   1.0698955059051514,
   1.0459444522857666,
   1.0086599588394165,
   0.997325599193573,
   0.9630445241928101,
   1.0454626083374023,
   1.0779846906661987,
   1.0618634223937988,
   1.083589792251587,
   1.0852758884429932,
   1.2239404916763306,
   1.1606117486953735,
   1.109785556793213,
   1.1305241584777832,
   1.039143443107605,
   1.0732905864715576,
   1.094740390777588,
   1.0738352537155151,
   1.067016839981079,
   1.0846331119537354,
   1.110030174255371,
   1.1199767589569092,
   1.1289966106414795,
   1.10114586353302,
   1.1170680522918701,
   1.1081736087799072,
   1.0936919450759888,
   1.124483585357666,
   1.1695597171783447,
   1.1398861408233643,
   1.1567084789276123,
   1.1561871767044067,
   1.1377969980239868
  ],
  "phase_consistency_across_units": [
   0.004098054021596909,
   0.01579398475587368,
   0.014895310625433922,
   0.015462116338312626,
   0.008385653607547283,
   0.015522128902375698,
   0.009534028358757496,
   0.017893150448799133,
   0.01900288835167885,
   0.01875154860317707,
   0.008918645791709423,
   0.008954843506217003,
   0.006649537943303585,
   0.0011811067815870047,
   0.016563978046178818,
   0.026877108961343765,
   0.009406312368810177,
   0.023330431431531906,
   0.008489592932164669,
   0.014617792330682278,
   0.010887589305639267,
   0.019454579800367355,
   0.023558709770441055,
   0.023317189887166023,
   0.017054518684744835,
   0.018840661272406578,
   0.00843351986259222,
   0.009677231311798096,
   0.006159177515655756,
   0.005607009865343571,
   0.009583558887243271,
   0.016164839267730713,
   0.015907607972621918,
   0.014353694394230843,
   0.01618325710296631,
   0.013620492070913315,
   0.03124038130044937,
   0.03023725561797619,
   0.025263290852308273,
   0.01564234495162964,
   0.01575453206896782,
   0.007341684773564339,
   0.004690046887844801,
   0.0019073212752118707,
   0.011158655397593975,
   0.01548793725669384,
   0.009840140119194984,
   0.0063858237117528915,
   0.003652923973277211,
   0.014785410836338997,
   0.019601190462708473,
   0.005840318743139505,
   0.01162107102572918,
   0.013625496998429298,
   0.008027462288737297,
   0.020880501717329025,
   0.010019265115261078,
   0.007676485925912857,
   0.01131134107708931,
   0.013069427572190762,
   0.00928071141242981,
   0.005148354917764664
  ],
  "freq_mean": [
   0.16795916855335236,
   0.038147471845149994,
   0.1623256504535675,
   0.05598428100347519,
   0.14525039494037628,
   0.05456335470080376,
   0.14115265011787415,
   0.06543891131877899,
   0.11177853494882584,
   0.07732656598091125,
   0.12346462905406952,
   0.08603508770465851,
   0.11044572293758392,
   0.08395902812480927,
   0.18325045704841614,
   0.10562552511692047,
   0.22931480407714844,
   0.1366230994462967,
   0.2244117707014084,
   0.14556801319122314,
   0.21134409308433533,
   0.10210154205560684,
   0.3224617838859558,
   0.1913546770811081,
   0.1967771351337433,
   0.14083749055862427,
   0.2087259292602539,
   0.18388476967811584,
   0.18918433785438538,
   0.18060949444770813,
   0.2079073190689087,
   0.1756613701581955,
   0.14478763937950134,
   0.13356463611125946,
   0.2166362702846527,
   0.1737908273935318,
   0.22292284667491913,
   0.1567407250404358,
   0.25348609685897827,
   0.3411869704723358,
   0.1677258014678955,
   0.24218952655792236,
   0.19534261524677277,
   0.14841428399085999,
   0.22604379057884216,
   0.18835154175758362,
   0.20896919071674347,
   0.16882316768169403,
   0.22830915451049805,
   0.22126102447509766,
   0.2877557873725891,
   0.21095743775367737,
   0.2430775910615921,
   0.23918306827545166,
   0.2393110692501068,
   0.16260644793510437,
   0.34958547353744507,
   0.2327592819929123,
   0.2967270314693451,
   0.2031821757555008,
   0.5177294015884399
  ],
  "freq_deviation_abs_mean": [
   0.33943814039230347,
   0.21393398940563202,
   0.23460693657398224,
   0.24873165786266327,
   0.2351035326719284,
   0.23999962210655212,
   0.220801442861557,
   0.2462243139743805,
   0.23138776421546936,
   0.22279100120067596,
   0.2116679698228836,
   0.25259000062942505,
   0.22752395272254944,
   0.31268802285194397,
   0.3250204622745514,
   0.3462294042110443,
   0.3319079875946045,
   0.40051013231277466,
   0.3577076196670532,
   0.3944982588291168,
   0.34606021642684937,
   0.3995015621185303,
   0.3772062659263611,
   0.3836321234703064,
   0.3330449163913727,
   0.3572804033756256,
   0.3525610566139221,
   0.3657089173793793,
   0.32703831791877747,
   0.34174665808677673,
   0.3335951268672943,
   0.3304710388183594,
   0.32305270433425903,
   0.3581203818321228,
   0.3816524147987366,
   0.3712621331214905,
   0.34468406438827515,
   0.3911808133125305,
   0.412628710269928,
   0.4054678976535797,
   0.36210769414901733,
   0.35680195689201355,
   0.3395211100578308,
   0.35311761498451233,
   0.34987378120422363,
   0.37277713418006897,
   0.3421372175216675,
   0.3867708742618561,
   0.38036322593688965,
   0.3837597966194153,
   0.37428537011146545,
   0.39561566710472107,
   0.3864484429359436,
   0.41132545471191406,
   0.3896772563457489,
   0.44241610169410706,
   0.3957872986793518,
   0.456530898809433,
   0.41476792097091675,
   0.4513727128505707,
   0.40355604887008667
  ]
 },
 "top_units_by_amp_modulation_max": [
  {
   "unit": 1021,
   "max_amp_mod": 4.709062576293945,
   "argmax_sublayer": 18
  },
  {
   "unit": 934,
   "max_amp_mod": 4.601607322692871,
   "argmax_sublayer": 0
  },
  {
   "unit": 444,
   "max_amp_mod": 4.443541049957275,
   "argmax_sublayer": 17
  },
  {
   "unit": 612,
   "max_amp_mod": 4.372860908508301,
   "argmax_sublayer": 7
  },
  {
   "unit": 857,
   "max_amp_mod": 4.218642234802246,