{
 "position": 12,
 "sequence_aa": "I",
 "substrate_file": "/home/dbrayjr5/esm2-osc/esm2_substrate_facebook_esm2_t33_650M_UR50D/substrate.npz",
 "n_sublayers": 62,
 "n_units": 1280,
 "validity_floor": {
  "quantile": 0.1,
  "absolute_value": 2.7328476905822754,
  "n_valid_cells": 71424,
  "n_total_cells": 79360,
  "fraction_valid": 0.9
 },
 "depth_profiles": {
  "amp_modulation_mean": [
   1.144189476966858,
   1.1354440450668335,
   1.13852059841156,
   1.123792052268982,
   1.1301348209381104,
   1.1217153072357178,
   1.1290994882583618,
   1.1183937788009644,
   1.1311408281326294,
   1.124593734741211,
   1.1219173669815063,
   1.1142860651016235,
   1.1252790689468384,
   1.1131517887115479,
   1.1392908096313477,
   1.1322546005249023,
   1.1175000667572021,
   1.1239086389541626,
   1.141340970993042,
   1.141268014907837,
   1.1480989456176758,
   1.1240466833114624,
   1.1875852346420288,
   1.1847032308578491,
   1.1611822843551636,
   1.1279654502868652,
   1.1301180124282837,
   1.1156508922576904,
   1.1031792163848877,
   1.0753514766693115,
   1.0697383880615234,
   1.0667564868927002,
   1.0138520002365112,
   0.986681342124939,
   1.017499327659607,
   1.0517807006835938,
   1.0445489883422852,
   1.0477566719055176,
   1.0668281316757202,
   1.14556086063385,
   1.1033821105957031,
   1.0927244424819946,
   1.0823776721954346,
   1.0409796237945557,
   1.0487732887268066,
   1.044796347618103,
   1.059838891029358,
   1.103458046913147,
   1.1217836141586304,
   1.163448691368103,
   1.1510813236236572,
   1.1853971481323242,
   1.1981894969940186,
   1.1898233890533447,
   1.1555880308151245,
   1.1209895610809326,
   1.188088297843933,
   1.2349131107330322,
   1.1782430410385132,
   1.1856269836425781,
   1.1459503173828125,
   1.1150087118148804
  ],
  "amp_modulation_mean_valid_only": [
   1.144189476966858,
   1.1354440450668335,
   1.13852059841156,
   1.123792052268982,
   1.1301348209381104,
   1.1221694946289062,
   1.1290994882583618,
   1.1163601875305176,
   1.1251829862594604,
   1.0683659315109253,
   1.097936749458313,
   1.0415468215942383,
   1.0690640211105347,
   1.0231361389160156,
   1.091827392578125,
   1.1164978742599487,
   1.09445321559906,
   1.1010113954544067,
   1.1419798135757446,
   1.1241341829299927,
   1.1488902568817139,
   1.1238902807235718,
   1.1875852346420288,
   1.1847032308578491,
   1.1611822843551636,
   1.1279654502868652,
   1.1301180124282837,
   1.1156508922576904,
   1.1031792163848877,
   1.0753514766693115,
   1.0697383880615234,
   1.0667564868927002,
   1.0138520002365112,
   0.986681342124939,
   1.017499327659607,
   1.0517807006835938,
   1.0445489883422852,
   1.0477566719055176,
   1.0668281316757202,
   1.14556086063385,
   1.1033821105957031,
   1.0927244424819946,
   1.0823776721954346,
   1.0409796237945557,
   1.0487732887268066,
   1.044796347618103,
   1.059838891029358,
   1.103458046913147,
   1.1217836141586304,
   1.163448691368103,
   1.1510813236236572,
   1.1853971481323242,
   1.1981894969940186,
   1.1898233890533447,
   1.1555880308151245,
   1.1209895610809326,
   1.188088297843933,
   1.2349131107330322,
   1.1782430410385132,
   1.1856269836425781,
   1.1459503173828125,
   1.1150087118148804
  ],
  "phase_consistency_across_units": [
   0.0298768300563097,
   0.029679708182811737,
   0.021713746711611748,
   0.04186301305890083,
   0.028010178357362747,
   0.04878285154700279,
   0.0405115932226181,
   0.05041062459349632,
   0.046897321939468384,
   0.04373546689748764,
   0.04767658933997154,
   0.050624970346689224,
   0.039680588990449905,
   0.04498624801635742,
   0.041207898408174515,
   0.02063600905239582,
   0.03736916184425354,
   0.02328258380293846,
   0.03264692798256874,
   0.02242506481707096,
   0.039426110684871674,
   0.041382696479558945,
   0.033432330936193466,
   0.03610344976186752,
   0.027789374813437462,
   0.025308633223176003,
   0.02306869812309742,
   0.023072436451911926,
   0.011940618976950645,
   0.026630638167262077,
   0.005272011738270521,
   0.016426648944616318,
   0.027686525136232376,
   0.032891497015953064,
   0.02533595636487007,
   0.02926473505795002,
   0.01630539260804653,
   0.009868146851658821,
   0.004523321986198425,
   0.020888643339276314,
   0.028716661036014557,
   0.01325597520917654,
   0.0199737511575222,
   0.018727615475654602,
   0.0022924928925931454,
   0.0065497783944010735,
   0.009795242920517921,
   0.011272015050053596,
   0.009203573688864708,
   0.0024488912895321846,
   0.015574385412037373,
   0.003546767868101597,
   0.0177674051374197,
   0.010257734917104244,
   0.019708018749952316,
   0.014417835511267185,
   0.01199466921389103,
   0.017757117748260498,
   0.027834057807922363,
   0.031045446172356606,
   0.028509989380836487,
   0.0325995609164238
  ],
  "freq_mean": [
   0.16252407431602478,
   0.03421531990170479,
   0.16233986616134644,
   0.04571516811847687,
   0.13583004474639893,
   0.057229287922382355,
   0.13496220111846924,
   0.06168616935610771,
   0.1374272257089615,
   0.07932848483324051,
   0.11986318975687027,
   0.07425707578659058,
   0.11975480616092682,
   0.08670936524868011,
   0.18783503770828247,
   0.08716689795255661,
   0.12527312338352203,
   0.11101873219013214,
   0.21319961547851562,
   0.12871402502059937,
   0.17129813134670258,
   0.12568846344947815,
   0.2922588586807251,
   0.17262546718120575,
   0.23875638842582703,
   0.15508051216602325,
   0.21733012795448303,
   0.1711674928665161,
   0.2089291512966156,
   0.1179647222161293,
   0.24269089102745056,
   0.17180082201957703,
   0.14923937618732452,
   0.1294219046831131,
   0.20717236399650574,
   0.1916387528181076,
   0.20496097207069397,
   0.1989022195339203,
   0.2616376280784607,
   0.28659144043922424,
   0.18787994980812073,
   0.24143068492412567,
   0.19982078671455383,
   0.17064321041107178,
   0.1993529349565506,
   0.18898223340511322,
   0.21667614579200745,
   0.22130203247070312,
   0.26541346311569214,
   0.2504673898220062,
   0.22734646499156952,
   0.28242263197898865,
   0.2958933413028717,
   0.2609090209007263,
   0.21225400269031525,
   0.1678198128938675,
   0.3702391982078552,
   0.26705485582351685,
   0.38183027505874634,
   0.22733278572559357,
   0.5187968015670776
  ],
  "freq_deviation_abs_mean": [
   0.3625947833061218,
   0.2221682071685791,
   0.2590181529521942,
   0.24396248161792755,
   0.22342482209205627,
   0.22492018342018127,
   0.2162315398454666,
   0.2515091001987457,
   0.2605806887149811,
   0.28649336099624634,
   0.24081051349639893,
   0.25585025548934937,
   0.23530817031860352,
   0.301676869392395,
   0.32015562057495117,
   0.3241247236728668,
   0.3005991578102112,
   0.33524203300476074,
   0.3441120684146881,
   0.3731129765510559,
   0.346716970205307,
   0.3949818015098572,
   0.3653540015220642,
   0.3999287486076355,
   0.3562953770160675,
   0.3559577763080597,
   0.34822168946266174,
   0.3447563648223877,
   0.31115657091140747,
   0.35321706533432007,
   0.3224812150001526,
   0.3393070697784424,
   0.3155233860015869,
   0.35495057702064514,
   0.3645910322666168,
   0.3705601692199707,
   0.36917635798454285,
   0.39962372183799744,
   0.4471287727355957,
   0.4144018590450287,
   0.4028469920158386,
   0.37893757224082947,
   0.36392951011657715,
   0.3435223400592804,
   0.34160900115966797,
   0.37720921635627747,
   0.39963698387145996,
   0.4173831045627594,
   0.4060586988925934,
   0.4198415279388428,
   0.44562453031539917,
   0.43378305435180664,
   0.41819295287132263,
   0.39327770471572876,
   0.3701644241809845,
   0.42902255058288574,
   0.42433175444602966,
   0.49575281143188477,
   0.4424359202384949,
   0.4876770079135895,
   0.44900012016296387
  ],