{
 "position": 49,
 "sequence_aa": "L",
 "substrate_file": "/home/dbrayjr5/esm2-osc/esm2_substrate_facebook_esm2_t33_650M_UR50D/substrate.npz",
 "n_sublayers": 62,
 "n_units": 1280,
 "validity_floor": {
  "quantile": 0.1,
  "absolute_value": 2.7328476905822754,
  "n_valid_cells": 71424,
  "n_total_cells": 79360,
  "fraction_valid": 0.9
 },
 "depth_profiles": {
  "amp_modulation_mean": [
   1.3588459491729736,
   1.3424407243728638,
   1.3419134616851807,
   1.3095327615737915,
   1.320460557937622,
   1.2943332195281982,
   1.2978088855743408,
   1.2814831733703613,
   1.2827755212783813,
   1.2740402221679688,
   1.2710987329483032,
   1.2566028833389282,
   1.2565021514892578,
   1.25145423412323,
   1.2726471424102783,
   1.2621653079986572,
   1.2593433856964111,
   1.251288652420044,
   1.2572957277297974,
   1.2479584217071533,
   1.244991660118103,
   1.2197704315185547,
   1.2766435146331787,
   1.3004701137542725,
   1.2733585834503174,
   1.2547805309295654,
   1.246832251548767,
   1.1945470571517944,
   1.1987731456756592,
   1.1680009365081787,
   1.1374000310897827,
   1.1238549947738647,
   1.1238867044448853,
   1.0887773036956787,
   1.084985375404358,
   1.1064571142196655,
   1.133954405784607,
   1.1366740465164185,
   1.1841990947723389,
   1.2608129978179932,
   1.254819631576538,
   1.2763891220092773,
   1.333471655845642,
   1.3805853128433228,
   1.3028627634048462,
   1.2813968658447266,
   1.2660430669784546,
   1.2753530740737915,
   1.3286559581756592,
   1.386724591255188,
   1.4155592918395996,
   1.5000545978546143,
   1.4737555980682373,
   1.421401858329773,
   1.4366463422775269,
   1.4231778383255005,
   1.4591516256332397,
   1.420098066329956,
   1.3717782497406006,
   1.373220682144165,
   1.3473440408706665,
   1.3521523475646973
  ],
  "amp_modulation_mean_valid_only": [
   1.3588459491729736,
   1.3424407243728638,
   1.3419134616851807,
   1.3095327615737915,
   1.320460557937622,
   1.293067455291748,
   1.2978088855743408,
   1.2741996049880981,
   1.2777578830718994,
   1.201027750968933,
   1.20595383644104,
   1.164286494255066,
   1.1713454723358154,
   1.1779534816741943,
   1.2453134059906006,
   1.212379813194275,
   1.214822769165039,
   1.2206611633300781,
   1.2471282482147217,
   1.22371244430542,
   1.236114501953125,
   1.2117154598236084,
   1.2766435146331787,
   1.3004701137542725,
   1.2733585834503174,
   1.2547805309295654,
   1.246832251548767,
   1.1945470571517944,
   1.1987731456756592,
   1.1680009365081787,
   1.1374000310897827,
   1.1238549947738647,
   1.1238867044448853,
   1.0887773036956787,
   1.084985375404358,
   1.1064571142196655,
   1.133954405784607,
   1.1366740465164185,
   1.1841990947723389,
   1.2608129978179932,
   1.254819631576538,
   1.2763891220092773,
   1.333471655845642,
   1.3805853128433228,
   1.3028627634048462,
   1.2813968658447266,
   1.2660430669784546,
   1.2753530740737915,
   1.3286559581756592,
   1.386724591255188,
   1.4155592918395996,
   1.5000545978546143,
   1.4737555980682373,
   1.421401858329773,
   1.4366463422775269,
   1.4231778383255005,
   1.4591516256332397,
   1.420098066329956,
   1.3717782497406006,
   1.373220682144165,
   1.3473440408706665,
   1.3521523475646973
  ],
  "phase_consistency_across_units": [
   0.029426908120512962,
   0.024944139644503593,
   0.02503732033073902,
   0.031082306057214737,
   0.027130315080285072,
   0.040625061839818954,
   0.03585685417056084,
   0.039415422827005386,
   0.037816327065229416,
   0.040309373289346695,
   0.04277390241622925,
   0.03781392052769661,
   0.044783469289541245,
   0.04063941165804863,
   0.040227919816970825,
   0.020713940262794495,
   0.037687644362449646,
   0.014967115595936775,
   0.03237937390804291,
   0.029032176360487938,
   0.04065348207950592,
   0.03612702339887619,
   0.03411083295941353,
   0.021157806739211082,
   0.01569511741399765,
   0.01441436167806387,
   0.013161328621208668,
   0.019959133118391037,
   0.027474677190184593,
   0.01726287417113781,
   0.012031897902488708,
   0.01369457971304655,
   0.02086028642952442,
   0.024015549570322037,
   0.019449979066848755,
   0.024783235043287277,
   0.028027327731251717,
   0.022740112617611885,
   0.01881689392030239,
   0.024594800546765327,
   0.023784438148140907,
   0.020945480093359947,
   0.022459302097558975,
   0.011141803115606308,
   0.006379385013133287,
   0.004497054498642683,
   0.0021001340355724096,
   0.008370996452867985,
   0.009074538946151733,
   0.014685345813632011,
   0.010865388438105583,
   0.007688523735851049,
   0.01816626451909542,
   0.012534725479781628,
   0.019117675721645355,
   0.017923705279827118,
   0.020069247111678123,
   0.03461553156375885,
   0.017564594745635986,
   0.009936898946762085,
   0.012188681401312351,
   0.018256762996315956
  ],
  "freq_mean": [
   0.15007257461547852,
   0.045992445200681686,
   0.11620112508535385,
   0.05487149953842163,
   0.11853522062301636,
   0.0634499192237854,
   0.1406686007976532,
   0.04944508522748947,
   0.11397643387317657,
   0.056238818913698196,
   0.11854690313339233,
   0.061139725148677826,
   0.08841873705387115,
   0.07795228809118271,
   0.1443600356578827,
   0.07827484607696533,
   0.1339104026556015,
   0.09635414183139801,
   0.19251342117786407,
   0.08346795290708542,
   0.1475621461868286,
   0.07284371554851532,
   0.28744950890541077,
   0.17211517691612244,
   0.2293805629014969,
   0.14348167181015015,
   0.23853930830955505,
   0.16850614547729492,
   0.23815175890922546,
   0.13848936557769775,
   0.20858041942119598,
   0.18144312500953674,
   0.19955618679523468,
   0.13070568442344666,
   0.1560329794883728,
   0.16716089844703674,
   0.20370881259441376,
   0.15763095021247864,
   0.2352564036846161,
   0.23496107757091522,
   0.1758534014225006,
   0.21285715699195862,
   0.28632065653800964,
   0.24159884452819824,
   0.1784985512495041,
   0.18503431975841522,
   0.1671590358018875,
   0.19216680526733398,
   0.24873551726341248,
   0.2383836805820465,
   0.31415706872940063,
   0.335660457611084,
   0.24487772583961487,
   0.23679542541503906,
   0.2446412593126297,
   0.22739462554454803,
   0.34451624751091003,
   0.205624058842659,
   0.3168050944805145,
   0.17316246032714844,
   0.5210531949996948
  ],
  "freq_deviation_abs_mean": [
   0.3220076560974121,
   0.2129075527191162,
   0.24286413192749023,
   0.23015880584716797,
   0.2351873219013214,
   0.2272908240556717,
   0.21699723601341248,
   0.21647676825523376,
   0.20216402411460876,
   0.22154004871845245,
   0.21463283896446228,
   0.2347395420074463,
   0.22305211424827576,
   0.27226144075393677,
   0.28607648611068726,
   0.3008970618247986,
   0.26635974645614624,
   0.2945305407047272,
   0.3203507959842682,
   0.3658190071582794,
   0.319435179233551,
   0.36547309160232544,
   0.339836061000824,
   0.39839687943458557,
   0.34036844968795776,
   0.3809027075767517,
   0.33660560846328735,
   0.37704312801361084,
   0.34248363971710205,
   0.34069371223449707,
   0.3371008038520813,
   0.36337339878082275,
   0.3500472903251648,
   0.34086647629737854,
   0.3231843113899231,
   0.35167616605758667,
   0.33418139815330505,
   0.36137065291404724,
   0.3836846351623535,
   0.38320836424827576,
   0.3773723244667053,
   0.3732645511627197,
   0.40364164113998413,
   0.3664029836654663,
   0.3621736168861389,
   0.37495025992393494,
   0.37588903307914734,
   0.3758605420589447,
   0.38470378518104553,
   0.40265822410583496,
   0.4230697751045227,
   0.4355754852294922,
   0.42664623260498047,
   0.40779122710227966,
   0.40234050154685974,
   0.4237271249294281,
   0.39554914832115173,
   0.4087409973144531,
   0.3767065405845642,
   0.44440728425979614,
   0.41115111112594604
  ],