{
 "position": 5,
 "sequence_aa": "K",
 "substrate_file": "/home/dbrayjr5/esm2-osc/esm2_substrate_facebook_esm2_t33_650M_UR50D/substrate.npz",
 "n_sublayers": 62,
 "n_units": 1280,
 "validity_floor": {
  "quantile": 0.1,
  "absolute_value": 2.7328476905822754,
  "n_valid_cells": 71424,
  "n_total_cells": 79360,
  "fraction_valid": 0.9
 },
 "depth_profiles": {
  "amp_modulation_mean": [
   1.195853590965271,
   1.195092797279358,
   1.1928496360778809,
   1.1821199655532837,
   1.1870753765106201,
   1.1722193956375122,
   1.1727806329727173,
   1.1713842153549194,
   1.17685866355896,
   1.1772589683532715,
   1.172890543937683,
   1.1588131189346313,
   1.1565446853637695,
   1.1499285697937012,
   1.1648600101470947,
   1.1580111980438232,
   1.1487741470336914,
   1.1670494079589844,
   1.1702988147735596,
   1.1891849040985107,
   1.2106268405914307,
   1.2027727365493774,
   1.2883332967758179,
   1.3311909437179565,
   1.2323722839355469,
   1.2135988473892212,
   1.1638028621673584,
   1.0940635204315186,
   1.108130931854248,
   1.0913856029510498,
   1.1143203973770142,
   1.0999515056610107,
   1.0663601160049438,
   1.015966773033142,
   1.0347282886505127,
   1.0485283136367798,
   1.0637606382369995,
   1.0579559803009033,
   1.0894755125045776,
   1.1322931051254272,
   1.1116007566452026,
   1.1199140548706055,
   1.1235803365707397,
   1.133002758026123,
   1.145948886871338,
   1.1595673561096191,
   1.1245166063308716,
   1.1594702005386353,
   1.143975019454956,
   1.1383090019226074,
   1.1358160972595215,
   1.1073691844940186,
   1.1031392812728882,
   1.0914604663848877,
   1.0709984302520752,
   1.0945039987564087,
   1.163395643234253,
   1.167213797569275,
   1.1333670616149902,
   1.1952810287475586,
   1.2236560583114624,
   1.1930007934570312
  ],
  "amp_modulation_mean_valid_only": [
   1.195853590965271,
   1.195092797279358,
   1.1928496360778809,
   1.1821199655532837,
   1.1870753765106201,
   1.1724992990493774,
   1.1727806329727173,
   1.1621615886688232,
   1.1752971410751343,
   1.1583459377288818,
   1.1537644863128662,
   1.1230690479278564,
   1.1414461135864258,
   1.097917079925537,
   1.133409023284912,
   1.1342700719833374,
   1.122961401939392,
   1.1313071250915527,
   1.1682640314102173,
   1.188654899597168,
   1.2114567756652832,
   1.2068400382995605,
   1.2883332967758179,
   1.3311909437179565,
   1.2323722839355469,
   1.2135988473892212,
   1.1638028621673584,
   1.0940635204315186,
   1.108130931854248,
   1.0913856029510498,
   1.1143203973770142,
   1.0999515056610107,
   1.0663601160049438,
   1.015966773033142,
   1.0347282886505127,
   1.0485283136367798,
   1.0637606382369995,
   1.0579559803009033,
   1.0894755125045776,
   1.1322931051254272,
   1.1116007566452026,
   1.1199140548706055,
   1.1235803365707397,
   1.133002758026123,
   1.145948886871338,
   1.1595673561096191,
   1.1245166063308716,
   1.1594702005386353,
   1.143975019454956,
   1.1383090019226074,
   1.1358160972595215,
   1.1073691844940186,
   1.1031392812728882,
   1.0914604663848877,
   1.0709984302520752,
   1.0945039987564087,
   1.163395643234253,
   1.167213797569275,
   1.1333670616149902,
   1.1952810287475586,
   1.2236560583114624,
   1.1930007934570312
  ],
  "phase_consistency_across_units": [
   0.01028443593531847,
   0.018435949459671974,
   0.010047315619885921,
   0.012895002961158752,
   0.018546374514698982,
   0.027670936658978462,
   0.02684311382472515,
   0.03761238604784012,
   0.03379351645708084,
   0.04089022055268288,
   0.03327899053692818,
   0.03368750587105751,
   0.037001997232437134,
   0.04406064376235008,
   0.03746981546282768,
   0.03300807997584343,
   0.043253958225250244,
   0.027455393224954605,
   0.029494119808077812,
   0.02460782788693905,
   0.016410456970334053,
   0.017752932384610176,
   0.008293460123240948,
   0.014916864223778248,
   0.00937577523291111,
   0.023634469136595726,
   0.015773145481944084,
   0.03260472044348717,
   0.025830062106251717,
   0.025339918211102486,
   0.01272808201611042,
   0.023415494710206985,
   0.03223259374499321,
   0.02522972971200943,
   0.013512742705643177,
   0.023803314194083214,
   0.02683708816766739,
   0.02947363816201687,
   0.034498054534196854,
   0.030337538570165634,
   0.01863272860646248,
   0.02058357559144497,
   0.016059210523962975,
   0.02123919315636158,
   0.010405469685792923,
   0.012568601407110691,
   0.00913669727742672,
   0.009993039071559906,
   0.007861093617975712,
   0.009570041671395302,
   0.0037393909879028797,
   0.005430455319583416,
   0.0033472103532403708,
   0.002509961137548089,
   0.009444772265851498,
   0.004146657884120941,
   0.01451113075017929,
   0.007720297668129206,
   0.009400058537721634,
   0.006923128385096788,
   0.015321359038352966,
   0.01104556955397129
  ],
  "freq_mean": [
   0.1590970754623413,
   0.05090140178799629,
   0.15195801854133606,
   0.07032385468482971,
   0.15263566374778748,
   0.05413009971380234,
   0.1494198739528656,
   0.06179355829954147,
   0.12975099682807922,
   0.10243340581655502,
   0.1306702345609665,
   0.10262252390384674,
   0.1174388974905014,
   0.10700299590826035,
   0.16048631072044373,
   0.1104290708899498,
   0.12014470994472504,
   0.14359578490257263,
   0.16634100675582886,
   0.11961600929498672,
   0.19160735607147217,
   0.12312628328800201,
   0.3253185749053955,
   0.17197468876838684,
   0.2103765308856964,
   0.20005270838737488,
   0.18839958310127258,
   0.1585383266210556,
   0.19187220931053162,
   0.17316944897174835,
   0.2279687374830246,
   0.17298275232315063,
   0.19673191010951996,
   0.14427511394023895,
   0.19081059098243713,
   0.1849457025527954,
   0.19079172611236572,
   0.17329804599285126,
   0.24758896231651306,
   0.2263464480638504,
   0.2188776433467865,
   0.25900161266326904,
   0.23713751137256622,
   0.237690731883049,
   0.24023643136024475,
   0.2288247048854828,
   0.18620756268501282,
   0.24869957566261292,
   0.1840667426586151,
   0.22896631062030792,
   0.2329951822757721,
   0.1835995763540268,
   0.2693365216255188,
   0.15063221752643585,
   0.24130268394947052,
   0.2193443328142166,
   0.3452831208705902,
   0.21734869480133057,
   0.31522253155708313,
   0.250592976808548,
   0.5554412603378296
  ],
  "freq_deviation_abs_mean": [
   0.3498920500278473,
   0.22255587577819824,
   0.26367896795272827,
   0.2564014792442322,
   0.24324297904968262,
   0.24379758536815643,
   0.22802872955799103,
   0.23049315810203552,
   0.22965629398822784,
   0.2645193934440613,
   0.23781442642211914,
   0.24931693077087402,
   0.24865829944610596,
   0.2792021632194519,
   0.31410980224609375,
   0.3021388649940491,
   0.2701033651828766,
   0.29805809259414673,
   0.3296472728252411,
   0.3471183478832245,
   0.3379157483577728,
   0.3710081875324249,
   0.3795190155506134,
   0.4263384938240051,
   0.37096524238586426,
   0.3654140830039978,
   0.3489150106906891,
   0.362874299287796,
   0.34978824853897095,
   0.36977583169937134,
   0.36380070447921753,
   0.3477317690849304,
   0.3264063894748688,
   0.34699708223342896,
   0.3669366240501404,
   0.3751940131187439,
   0.3540540635585785,
   0.3710779547691345,
   0.3812907338142395,
   0.42176827788352966,
   0.39196380972862244,
   0.35808414220809937,
   0.39275965094566345,
   0.37630191445350647,
   0.35558396577835083,
   0.3373139202594757,
   0.3741998076438904,
   0.34873610734939575,
   0.3746967315673828,
   0.3734617829322815,
   0.37652406096458435,
   0.4057425856590271,
   0.38006067276000977,
   0.4109550416469574,
   0.3857841491699219,
   0.47239285707473755,
   0.4405175745487213,
   0.47391852736473083,
   0.4306134283542633,
   0.5212951898574829,
   0.44623810052871704
  ],