{
 "position": 29,
 "sequence_aa": "I",
 "substrate_file": "/Users/djbray/Desktop/esm2/esm2_substrate_facebook_esm2_t33_650M_UR50D/substrate.npz",
 "n_sublayers": 62,
 "n_units": 1280,
 "depth_profiles": {
  "amp_mean": [
   11.197080612182617,
   6.307883262634277,
   6.456185817718506,
   5.091117858886719,
   5.177956581115723,
   4.475611209869385,
   4.544791221618652,
   4.1132683753967285,
   4.133421897888184,
   3.8585243225097656,
   3.9579787254333496,
   3.761234998703003,
   3.931278944015503,
   3.804541826248169,
   4.019549369812012,
   3.941084623336792,
   4.347780704498291,
   4.6134724617004395,
   4.399329662322998,
   4.294798374176025,
   4.362464427947998,
   4.25069522857666,
   4.442627429962158,
   4.51967716217041,
   4.434051513671875,
   4.4422688484191895,
   4.505955696105957,
   4.678929328918457,
   4.576840400695801,
   4.498935699462891,
   4.7799835205078125,
   4.983724117279053,
   4.751859664916992,
   4.795697212219238,
   4.669277191162109,
   4.830096244812012,
   4.962054252624512,
   5.273512840270996,
   5.50655460357666,
   5.516656398773193,
   5.513613700866699,
   5.294081687927246,
   5.39707088470459,
   5.4459991455078125,
   5.43400764465332,
   5.3628950119018555,
   5.542118549346924,
   5.683518409729004,
   5.708349704742432,
   5.613842964172363,
   6.130819797515869,
   6.465725898742676,
   6.323643684387207,
   6.4534101486206055,
   6.623358249664307,
   6.875863552093506,
   7.0718841552734375,
   7.532968997955322,
   7.650559902191162,
   8.470373153686523,
   8.924774169921875,
   12.663348197937012
  ],
  "amp_modulation_mean": [
   1.2912499904632568,
   1.3207542896270752,
   1.3297134637832642,
   1.3249540328979492,
   1.3389241695404053,
   1.3378084897994995,
   1.34122896194458,
   1.3446118831634521,
   1.3411200046539307,
   1.3419029712677002,
   1.3486665487289429,
   1.3476009368896484,
   1.3847030401229858,
   1.383518099784851,
   1.4101518392562866,
   1.4293973445892334,
   1.5158157348632812,
   1.6457126140594482,
   1.4623178243637085,
   1.4504897594451904,
   1.4220030307769775,
   1.377760887145996,
   1.3532034158706665,
   1.3588422536849976,
   1.301112174987793,
   1.2610654830932617,
   1.2643890380859375,
   1.2604459524154663,
   1.2373682260513306,
   1.1859462261199951,
   1.2307898998260498,
   1.235192060470581,
   1.1872495412826538,
   1.1558828353881836,
   1.127252221107483,
   1.1483796834945679,
   1.1576905250549316,
   1.1951345205307007,
   1.2319878339767456,
   1.2223942279815674,
   1.2152464389801025,
   1.1501379013061523,
   1.1538867950439453,
   1.1451547145843506,
   1.1300348043441772,
   1.1125231981277466,
   1.1343193054199219,
   1.16293203830719,
   1.1470760107040405,
   1.1275454759597778,
   1.192862629890442,
   1.257498025894165,
   1.1985183954238892,
   1.2135156393051147,
   1.2040058374404907,
   1.2230888605117798,
   1.2104912996292114,
   1.2263649702072144,
   1.1876261234283447,
   1.2260469198226929,
   1.2082666158676147,
   1.228130578994751
  ],
  "phase_consistency_across_units": [
   0.0084148570895195,
   0.010770573280751705,
   0.02047509327530861,
   0.020470499992370605,
   0.021416988223791122,
   0.02983560599386692,
   0.03642826899886131,
   0.03423671796917915,
   0.03404448181390762,
   0.03787248954176903,
   0.036435000598430634,
   0.02879013679921627,
   0.025266723707318306,
   0.019033027812838554,
   0.031215880066156387,
   0.016309212893247604,
   0.023510023951530457,
   0.020440341904759407,
   0.009833327494561672,
   0.03364187851548195,
   0.03231698274612427,
   0.0160205215215683,
   0.01858767680823803,
   0.021278701722621918,
   0.017339037731289864,
   0.02069285325706005,
   0.017481064423918724,
   0.010854640044271946,
   0.01426760945469141,
   0.012085739523172379,
   0.011037707328796387,
   0.005477879662066698,
   0.012621274217963219,
   0.016041159629821777,
   0.011964814737439156,
   0.0031721116974949837,
   0.012500924989581108,
   0.009221179410815239,
   0.014481770806014538,
   0.014728743582963943,
   0.0067202430218458176,
   0.0026501244865357876,
   0.0020516994409263134,
   0.0023050119634717703,
   0.005948565900325775,
   0.010795801877975464,
   0.004372701980173588,
   0.004692814778536558,
   0.00798396673053503,
   0.005955394823104143,
   0.014626985415816307,
   0.010675419121980667,
   0.008302377536892891,
   0.0066704717464745045,
   0.017448637634515762,
   0.023564642295241356,
   0.02574063464999199,
   0.018986254930496216,
   0.018559258431196213,
   0.011839155107736588,
   0.023330003023147583,
   0.014292284846305847
  ],
  "freq_mean": [
   0.16767720878124237,
   0.04637463018298149,
   0.15518386662006378,
   0.04385413974523544,
   0.14410507678985596,
   0.06463330239057541,
   0.14258192479610443,
   0.06253847479820251,
   0.11346111446619034,
   0.07383488118648529,
   0.10426688194274902,
   0.05393026024103165,
   0.16719818115234375,
   0.07756246626377106,
   0.14944973587989807,
   0.06782761216163635,
   0.2955126166343689,
   0.25505027174949646,
   0.16771605610847473,
   0.1539604216814041,
   0.21146011352539062,
   0.12255066633224487,
   0.25902605056762695,
   0.15828922390937805,
   0.20915313065052032,
   0.1187506690621376,
   0.2233264446258545,
   0.1856163740158081,
   0.17887642979621887,
   0.12887601554393768,
   0.2433355152606964,
   0.1748836189508438,
   0.19184954464435577,
   0.16479167342185974,
   0.16040387749671936,
   0.19179315865039825,
   0.2044951468706131,
   0.23913438618183136,
   0.24683761596679688,
   0.2304021120071411,
   0.18788139522075653,
   0.1692260205745697,
   0.2133006602525711,
   0.19288048148155212,
   0.18476615846157074,
   0.1472068727016449,
   0.22813160717487335,
   0.19777241349220276,
   0.17002446949481964,
   0.1763957291841507,
   0.3249562382698059,
   0.23699542880058289,
   0.25592857599258423,
   0.22026380896568298,
   0.2924899458885193,
   0.2086542844772339,
   0.33688730001449585,
   0.1806478202342987,
   0.3013145923614502,
   0.17072708904743195,
   0.4736820161342621
  ],
  "freq_deviation_abs_mean": [
   0.33199071884155273,
   0.22039754688739777,
   0.23939204216003418,
   0.22404280304908752,
   0.20797863602638245,
   0.20718583464622498,
   0.2129342257976532,
   0.22070498764514923,
   0.20592844486236572,
   0.21096238493919373,
   0.20179906487464905,
   0.23644781112670898,
   0.22344689071178436,
   0.30112892389297485,
   0.29543596506118774,
   0.33293282985687256,
   0.3622487485408783,
   0.4432452321052551,
   0.4036497473716736,
   0.3795481324195862,
   0.3477114140987396,
   0.37473374605178833,
   0.3479700982570648,
   0.3739039897918701,
   0.3272626996040344,
   0.35484105348587036,
   0.32942864298820496,
   0.3396821916103363,
   0.29703283309936523,
   0.354914128780365,
   0.3704236149787903,
   0.360686719417572,
   0.347426176071167,
   0.351121187210083,
   0.3599351942539215,
   0.337062805891037,
   0.35738953948020935,
   0.3942330479621887,
   0.40194350481033325,
   0.375619113445282,
   0.36673256754875183,
   0.3443525731563568,
   0.330552875995636,
   0.3393247425556183,
   0.3197628855705261,
   0.3231044411659241,
   0.3122856020927429,
   0.3520176410675049,
   0.3291110396385193,
   0.38378921151161194,
   0.3915424942970276,
   0.4372345507144928,
   0.40591245889663696,
   0.43516698479652405,
   0.4050878584384918,
   0.45740145444869995,
   0.40306052565574646,
   0.43686217069625854,
   0.37927451729774475,
   0.44643640518188477,
   0.4419178068637848
  ]
 },
 "top_units_by_amp_modulation_max": [
  {
   "unit": 432,
   "max_amp_mod": 6.0745134353637695,
   "argmax_sublayer": 17
  },
  {
   "unit": 709,
   "max_amp_mod": 5.95811128616333,
   "argmax_sublayer": 0
  },
  {
   "unit": 54,
   "max_amp_mod": 5.405365943908691,
   "argmax_sublayer": 1
  },
  {
   "unit": 1162,
   "max_amp_mod": 5.288247585296631,
   "argmax_sublayer": 17
  },
  {
   "unit": 279,
   "max_amp_mod": 5.24027681350708,