{
 "position": 67,
 "sequence_aa": "H",
 "substrate_file": "/Users/djbray/Desktop/esm2/esm2_substrate_facebook_esm2_t33_650M_UR50D/substrate.npz",
 "n_sublayers": 62,
 "n_units": 1280,
 "depth_profiles": {
  "amp_mean": [
   10.995752334594727,
   6.208957195281982,
   6.25668478012085,
   4.935478687286377,
   4.975963592529297,
   4.291960716247559,
   4.352587699890137,
   3.9276981353759766,
   3.964892625808716,
   3.696725368499756,
   3.7524852752685547,
   3.596073865890503,
   3.6626524925231934,
   3.553823947906494,
   3.727970838546753,
   3.584606885910034,
   3.7851409912109375,
   3.684403896331787,
   3.7777457237243652,
   3.8164381980895996,
   3.969024181365967,
   3.9556472301483154,
   4.390904426574707,
   4.649789333343506,
   4.352108955383301,
   4.323225021362305,
   4.508482933044434,
   4.7932233810424805,
   4.720442295074463,
   4.738651752471924,
   4.922970771789551,
   5.023951530456543,
   4.938193321228027,
   4.853933811187744,
   4.842291831970215,
   4.903023719787598,
   4.971682071685791,
   4.937375545501709,
   5.230646133422852,
   5.626412868499756,
   5.476940155029297,
   5.4029035568237305,
   5.5932207107543945,
   5.814151763916016,
   5.978036403656006,
   6.005719184875488,
   6.038641929626465,
   6.151059627532959,
   6.066330909729004,
   6.067177772521973,
   6.232535362243652,
   6.159663200378418,
   6.3980607986450195,
   6.549988746643066,
   6.596505641937256,
   6.888741970062256,
   7.2891082763671875,
   7.781884670257568,
   8.152783393859863,
   8.721818923950195,
   9.24565601348877,
   12.774699211120605
  ],
  "amp_modulation_mean": [
   1.2820889949798584,
   1.3150150775909424,
   1.2994474172592163,
   1.2934534549713135,
   1.2954270839691162,
   1.2922172546386719,
   1.2937376499176025,
   1.2939521074295044,
   1.2952481508255005,
   1.2941632270812988,
   1.2873303890228271,
   1.2980899810791016,
   1.2976369857788086,
   1.299954891204834,
   1.318017840385437,
   1.3047711849212646,
   1.3218705654144287,
   1.3139625787734985,
   1.263688325881958,
   1.295779824256897,
   1.3014973402023315,
   1.2884974479675293,
   1.3462584018707275,
   1.4121627807617188,
   1.2887042760849,
   1.2407197952270508,
   1.2779641151428223,
   1.3028886318206787,
   1.2838385105133057,
   1.257857084274292,
   1.2770315408706665,
   1.253814935684204,
   1.2408841848373413,
   1.1768648624420166,
   1.1757729053497314,
   1.171432614326477,
   1.165437936782837,
   1.1227256059646606,
   1.1753038167953491,
   1.2538143396377563,
   1.2140905857086182,
   1.1815375089645386,
   1.2039531469345093,
   1.2296699285507202,
   1.2514636516571045,
   1.2545616626739502,
   1.2433202266693115,
   1.2648595571517944,
   1.226196527481079,
   1.2250467538833618,
   1.2200453281402588,
   1.2019144296646118,
   1.2168468236923218,
   1.235821008682251,
   1.2059755325317383,
   1.2318570613861084,
   1.2562055587768555,
   1.2768676280975342,
   1.2764036655426025,
   1.272128701210022,
   1.2605884075164795,
   1.2524473667144775
  ],
  "phase_consistency_across_units": [
   0.006132392678409815,
   0.008370772935450077,
   0.02120119333267212,
   0.01357908733189106,
   0.02300788275897503,
   0.02565350942313671,
   0.013544787652790546,
   0.0260859876871109,
   0.012105625122785568,
   0.02555409073829651,
   0.00966702401638031,
   0.0162836741656065,
   0.01628134399652481,
   0.014523935504257679,
   0.015480791218578815,
   0.0127500519156456,
   0.02498786337673664,
   0.020968608558177948,
   0.011454946361482143,
   0.01801523007452488,
   0.005496196914464235,
   0.01603642664849758,
   0.025103533640503883,
   0.024131687358021736,
   0.012786410748958588,
   0.02180553413927555,
   0.015930041670799255,
   0.00996751431375742,
   0.009014657698571682,
   0.010477510280907154,
   0.006782528944313526,
   0.008921701461076736,
   0.011892515234649181,
   0.009095463901758194,
   0.0169504564255476,
   0.011751470156013966,
   0.013178975321352482,
   0.016964050009846687,
   0.01902357116341591,
   0.01843671314418316,
   0.024137146770954132,
   0.028127599507570267,
   0.019856179133057594,
   0.012223309837281704,
   0.013605751097202301,
   0.008875035680830479,
   0.019244680181145668,
   0.005950049497187138,
   0.009851439855992794,
   0.009418250992894173,
   0.009097143076360226,
   0.00920808594673872,
   0.011508919298648834,
   0.005376031156629324,
   0.012094544246792793,
   0.015146173536777496,
   0.015244491398334503,
   0.012428432703018188,
   0.010711544193327427,
   0.011127931997179985,
   0.0030178113374859095,
   0.006049640942364931
  ],
  "freq_mean": [
   0.14526905119419098,
   0.03989546373486519,
   0.14248397946357727,
   0.03596431389451027,
   0.12266381084918976,
   0.06129804253578186,
   0.1363515853881836,
   0.0598306767642498,
   0.12729264795780182,
   0.05921860784292221,
   0.13669836521148682,
   0.0830206498503685,
   0.12403865903615952,
   0.09077520668506622,
   0.15563717484474182,
   0.08542541414499283,
   0.21709629893302917,
   0.0768173560500145,
   0.1897343546152115,
   0.08664597570896149,
   0.1791255921125412,
   0.07395876944065094,
   0.3051336407661438,
   0.21317598223686218,
   0.1682010293006897,
   0.09969541430473328,
   0.211435005068779,
   0.22115615010261536,
   0.16907058656215668,
   0.19379977881908417,
   0.2259969264268875,
   0.1889915019273758,
   0.20756685733795166,
   0.15316224098205566,
   0.1994769275188446,
   0.19478781521320343,
   0.1834178864955902,
   0.12444701045751572,
   0.2505963444709778,
   0.2578437924385071,
   0.1532011479139328,
   0.19615617394447327,
   0.2036045491695404,
   0.22821836173534393,
   0.24129176139831543,
   0.19891268014907837,
   0.22571392357349396,
   0.21991977095603943,
   0.21400730311870575,
   0.2170727699995041,
   0.21924178302288055,
   0.1762525737285614,
   0.2509189546108246,
   0.20939168334007263,
   0.24009215831756592,
   0.1973849982023239,
   0.28087663650512695,
   0.25589776039123535,
   0.32479971647262573,
   0.20250049233436584,
   0.49065297842025757
  ],
  "freq_deviation_abs_mean": [
   0.3204330801963806,
   0.1966758519411087,
   0.21553869545459747,
   0.2218462973833084,
   0.2015535533428192,
   0.2268616259098053,
   0.2087995558977127,
   0.2093115597963333,
   0.21843771636486053,
   0.23762357234954834,
   0.22102861106395721,
   0.23496727645397186,
   0.2225703001022339,
   0.2727647125720978,
   0.28006553649902344,
   0.3106280267238617,
   0.3004111349582672,
   0.3455093801021576,
   0.3036873936653137,
   0.3534609377384186,
   0.3093619644641876,
   0.35041290521621704,
   0.3615160882472992,
   0.40226301550865173,
   0.33220338821411133,
   0.33939021825790405,
   0.34567928314208984,
   0.34797540307044983,
   0.35159650444984436,
   0.36823177337646484,
   0.36932486295700073,
   0.3525223135948181,
   0.3147163987159729,
   0.339625746011734,
   0.3496103882789612,
   0.37372979521751404,
   0.33222007751464844,
   0.34697455167770386,
   0.36747246980667114,
   0.3434375524520874,
   0.3435240089893341,
   0.343313992023468,
   0.36747443675994873,
   0.3650457561016083,
   0.3498381972312927,
   0.33715659379959106,
   0.3673483729362488,
   0.3820217549800873,
   0.3693143427371979,
   0.37476783990859985,
   0.3709055781364441,
   0.3784168064594269,
   0.36090248823165894,
   0.41087740659713745,
   0.388283908367157,
   0.39377713203430176,
   0.3800097107887268,
   0.4059203267097473,
   0.4034558832645416,
   0.4608321189880371,
   0.44007986783981323
  ]
 },
 "top_units_by_amp_modulation_max": [
  {
   "unit": 965,
   "max_amp_mod": 5.811708450317383,
   "argmax_sublayer": 1
  },
  {
   "unit": 534,
   "max_amp_mod": 5.387747287750244,
   "argmax_sublayer": 0
  },
  {
   "unit": 697,
   "max_amp_mod": 4.963360786437988,
   "argmax_sublayer": 13
  },
  {
   "unit": 681,
   "max_amp_mod": 4.910242080688477,
   "argmax_sublayer": 0
  },
  {
   "unit": 843,
   "max_amp_mod": 4.76216459274292,