{
 "position": 73,
 "sequence_aa": "R",
 "substrate_file": "/Users/djbray/Desktop/esm2/esm2_substrate_facebook_esm2_t33_650M_UR50D/substrate.npz",
 "n_sublayers": 62,
 "n_units": 1280,
 "depth_profiles": {
  "amp_mean": [
   9.208697319030762,
   5.049126625061035,
   5.123591423034668,
   4.025967597961426,
   4.077454090118408,
   3.502958297729492,
   3.566652297973633,
   3.2196335792541504,
   3.2424569129943848,
   3.0140624046325684,
   3.0715062618255615,
   2.9293909072875977,
   2.9812748432159424,
   2.889101505279541,
   3.048473834991455,
   2.933755397796631,
   3.048640489578247,
   2.9682209491729736,
   3.1928622722625732,
   3.136119842529297,
   3.316791534423828,
   3.2830917835235596,
   3.634894847869873,
   3.7594127655029297,
   3.6847984790802,
   3.67938494682312,
   3.7359626293182373,
   3.8493480682373047,
   3.885134220123291,
   4.038084983825684,
   3.9390830993652344,
   4.011303901672363,
   3.8774142265319824,
   3.8863182067871094,
   3.9689841270446777,
   4.0314812660217285,
   4.24001407623291,
   4.3708367347717285,
   4.498310089111328,
   4.769956588745117,
   4.779183387756348,
   4.821369171142578,
   4.942413330078125,
   5.079514503479004,
   5.044528007507324,
   5.059323787689209,
   5.043253421783447,
   5.09088659286499,
   5.247188568115234,
   5.299706935882568,
   5.595667362213135,
   5.88592529296875,
   6.025936126708984,
   6.085829734802246,
   6.197628021240234,
   6.149039268493652,
   6.325287342071533,
   6.592153072357178,
   6.933011054992676,
   7.681147575378418,
   8.460832595825195,
   11.157160758972168
  ],
  "amp_modulation_mean": [
   1.0629726648330688,
   1.0578601360321045,
   1.0541807413101196,
   1.0455877780914307,
   1.0520637035369873,
   1.0429948568344116,
   1.0501587390899658,
   1.049556016921997,
   1.050125241279602,
   1.0452607870101929,
   1.0455962419509888,
   1.0487310886383057,
   1.0472214221954346,
   1.0479991436004639,
   1.069837212562561,
   1.0603275299072266,
   1.0576751232147217,
   1.049623966217041,
   1.0617740154266357,
   1.0584083795547485,
   1.0797897577285767,
   1.0607017278671265,
   1.1076176166534424,
   1.131521463394165,
   1.0812170505523682,
   1.0461496114730835,
   1.0503581762313843,
   1.0384124517440796,
   1.0496095418930054,
   1.0663468837738037,
   1.016495704650879,
   0.9959422945976257,
   0.9690898656845093,
   0.9391727447509766,
   0.9590870141983032,
   0.9597139358520508,
   0.9907684326171875,
   0.9915868639945984,
   1.007157564163208,
   1.062240719795227,
   1.0583950281143188,
   1.0525224208831787,
   1.0612437725067139,
   1.0717339515686035,
   1.051793098449707,
   1.0527775287628174,
   1.0342752933502197,
   1.0434633493423462,
   1.057805061340332,
   1.0668261051177979,
   1.0928703546524048,
   1.1470379829406738,
   1.1443859338760376,
   1.1461519002914429,
   1.1289432048797607,
   1.0936510562896729,
   1.0839179754257202,
   1.0755444765090942,
   1.0787367820739746,
   1.1127595901489258,
   1.1472136974334717,
   1.0860130786895752
  ],
  "phase_consistency_across_units": [
   0.01251678355038166,
   0.008848593570291996,
   0.013728495687246323,
   0.018186936154961586,
   0.01751682534813881,
   0.044525016099214554,
   0.027405591681599617,
   0.03618955984711647,
   0.024786287918686867,
   0.03317112848162651,
   0.03032853454351425,
   0.02885950542986393,
   0.02881171740591526,
   0.027170900255441666,
   0.03434198349714279,
   0.018416743725538254,
   0.017342278733849525,
   0.019558344036340714,
   0.021088967099785805,
   0.02178487554192543,
   0.018859267234802246,
   0.02829873189330101,
   0.0196464154869318,
   0.023082170635461807,
   0.018806926906108856,
   0.022755350917577744,
   0.01758517324924469,
   0.025276288390159607,
   0.02762784995138645,
   0.014325346797704697,
   0.012863469310104847,
   0.009854965843260288,
   0.015774214640259743,
   0.018209632486104965,
   0.012134574353694916,
   0.01885698363184929,
   0.02414707839488983,
   0.03674688562750816,
   0.02914181537926197,
   0.002429479965940118,
   0.0032199008855968714,
   0.007212231867015362,
   0.023157933726906776,
   0.01865469105541706,
   0.012592863291501999,
   0.00938177015632391,
   0.00961341056972742,
   0.013856182806193829,
   0.014956483617424965,
   0.015347194857895374,
   0.003928817342966795,
   0.008627267554402351,
   0.008098595775663853,
   0.005914399400353432,
   0.013630191795527935,
   0.013751067221164703,
   0.011259526945650578,
   0.01359703578054905,
   0.01412008237093687,
   0.019526056945323944,
   0.010342312976717949,
   0.004133655223995447
  ],
  "freq_mean": [
   0.15548543632030487,
   0.04952380806207657,
   0.16385169327259064,
   0.06429733335971832,
   0.15356983244419098,
   0.0490233488380909,
   0.16018542647361755,
   0.0668582171201706,
   0.11769375950098038,
   0.07089664041996002,
   0.1185440868139267,
   0.0885472372174263,
   0.08522939682006836,
   0.10596563667058945,
   0.15557582676410675,
   0.1194520816206932,
   0.1522405445575714,
   0.12785138189792633,
   0.19746194779872894,
   0.11796252429485321,
   0.214606374502182,
   0.11557208001613617,
   0.2810758650302887,
   0.17743143439292908,
   0.20482492446899414,
   0.14539536833763123,
   0.23435287177562714,
   0.1977749764919281,
   0.23472754657268524,
   0.22312617301940918,
   0.19920289516448975,
   0.17534810304641724,
   0.17973199486732483,
   0.18707427382469177,
   0.16705036163330078,
   0.19227595627307892,
   0.24386735260486603,
   0.20582716166973114,
   0.24637606739997864,
   0.24516034126281738,
   0.2379031926393509,
   0.21112719178199768,
   0.24494433403015137,
   0.23359036445617676,
   0.23304462432861328,
   0.2200694978237152,
   0.1811765879392624,
   0.22547969222068787,
   0.23243558406829834,
   0.2248537838459015,
   0.2591554522514343,
   0.2609153687953949,
   0.25723618268966675,
   0.25754985213279724,
   0.2602662444114685,
   0.18793195486068726,
   0.28331995010375977,
   0.2160201519727707,
   0.3522108495235443,
   0.262596070766449,
   0.5660756826400757
  ],
  "freq_deviation_abs_mean": [
   0.38075143098831177,
   0.24614791572093964,
   0.2694075107574463,
   0.25977903604507446,
   0.23691940307617188,
   0.24825146794319153,
   0.2565198540687561,
   0.26356786489486694,
   0.24775514006614685,
   0.25324368476867676,
   0.2443501055240631,
   0.26572316884994507,
   0.26726746559143066,
   0.28239402174949646,
   0.3225829303264618,
   0.32503271102905273,
   0.28952282667160034,
   0.31772714853286743,
   0.3359854817390442,
   0.37845954298973083,
   0.3309018909931183,
   0.37695956230163574,
   0.37397149205207825,
   0.41439151763916016,
   0.3468047082424164,
   0.35597437620162964,
   0.36274558305740356,
   0.3706221580505371,
   0.3532628118991852,
   0.35599347949028015,
   0.3390268087387085,
   0.3346662223339081,
   0.339080810546875,
   0.31974881887435913,
   0.3458988666534424,
   0.3866211175918579,
   0.38699132204055786,
   0.4028960168361664,
   0.39613842964172363,
   0.3911176919937134,
   0.39027276635169983,
   0.40056633949279785,
   0.40115728974342346,
   0.4000104069709778,
   0.36397287249565125,
   0.3563639223575592,
   0.3519931435585022,
   0.3528212606906891,
   0.3736654818058014,
   0.4341433048248291,
   0.4340968132019043,
   0.4362899661064148,
   0.4153563380241394,
   0.4168587327003479,
   0.3927921652793884,
   0.4131174087524414,
   0.40207403898239136,
   0.4330379366874695,
   0.4175761342048645,
   0.5352851748466492,
   0.4897868037223816
  ]
 },
 "top_units_by_amp_modulation_max": [
  {
   "unit": 840,
   "max_amp_mod": 4.548163890838623,
   "argmax_sublayer": 22
  },
  {
   "unit": 1165,
   "max_amp_mod": 4.454254150390625,
   "argmax_sublayer": 8
  },
  {
   "unit": 614,
   "max_amp_mod": 4.184646129608154,
   "argmax_sublayer": 0
  },
  {
   "unit": 369,
   "max_amp_mod": 4.085190296173096,
   "argmax_sublayer": 11
  },
  {
   "unit": 404,
   "max_amp_mod": 4.04670524597168,