{
 "position": 46,
 "sequence_aa": "G",
 "substrate_file": "/home/dbrayjr5/esm2-osc/esm2_substrate_facebook_esm2_t33_650M_UR50D/substrate.npz",
 "n_sublayers": 62,
 "n_units": 1280,
 "validity_floor": {
  "quantile": 0.1,
  "absolute_value": 2.7328476905822754,
  "n_valid_cells": 71424,
  "n_total_cells": 79360,
  "fraction_valid": 0.9
 },
 "depth_profiles": {
  "amp_modulation_mean": [
   1.422666311264038,
   1.462865948677063,
   1.4508464336395264,
   1.455141305923462,
   1.455735206604004,
   1.4573218822479248,
   1.4417641162872314,
   1.4611479043960571,
   1.4459469318389893,
   1.4724065065383911,
   1.4608488082885742,
   1.5391790866851807,
   1.5064525604248047,
   1.563492774963379,
   1.5183887481689453,
   1.5136157274246216,
   1.458791971206665,
   1.4257303476333618,
   1.403814435005188,
   1.4165022373199463,
   1.4374659061431885,
   1.4524924755096436,
   1.5140349864959717,
   1.6108505725860596,
   1.4609220027923584,
   1.468758225440979,
   1.448102355003357,
   1.350142002105713,
   1.346426248550415,
   1.2730414867401123,
   1.3498618602752686,
   1.3399097919464111,
   1.3434123992919922,
   1.3184725046157837,
   1.2460615634918213,
   1.2389137744903564,
   1.264611005783081,
   1.2454153299331665,
   1.2518665790557861,
   1.2685829401016235,
   1.229770541191101,
   1.2802402973175049,
   1.2818816900253296,
   1.2752540111541748,
   1.2900234460830688,
   1.351681113243103,
   1.3721752166748047,
   1.3325440883636475,
   1.3184711933135986,
   1.2945152521133423,
   1.294541597366333,
   1.282600998878479,
   1.2607886791229248,
   1.2996490001678467,
   1.295933485031128,
   1.3347365856170654,
   1.3333758115768433,
   1.3062868118286133,
   1.2912609577178955,
   1.3318653106689453,
   1.338781714439392,
   1.3619451522827148
  ],
  "amp_modulation_mean_valid_only": [
   1.422666311264038,
   1.462865948677063,
   1.4508464336395264,
   1.455141305923462,
   1.455735206604004,
   1.4548704624176025,
   1.4417641162872314,
   1.4404429197311401,
   1.442319393157959,
   1.420960545539856,
   1.4191826581954956,
   1.5250028371810913,
   1.4724476337432861,
   1.502985954284668,
   1.4416611194610596,
   1.441998839378357,
   1.3916561603546143,
   1.3435635566711426,
   1.3791950941085815,
   1.386330246925354,
   1.4182941913604736,
   1.4507944583892822,
   1.5140349864959717,
   1.6108505725860596,
   1.4609220027923584,
   1.468758225440979,
   1.448102355003357,
   1.350142002105713,
   1.346426248550415,
   1.2730414867401123,
   1.3498618602752686,
   1.3399097919464111,
   1.3434123992919922,
   1.3184725046157837,
   1.2460615634918213,
   1.2389137744903564,
   1.264611005783081,
   1.2454153299331665,
   1.2518665790557861,
   1.2685829401016235,
   1.229770541191101,
   1.2802402973175049,
   1.2818816900253296,
   1.2752540111541748,
   1.2900234460830688,
   1.351681113243103,
   1.3721752166748047,
   1.3325440883636475,
   1.3184711933135986,
   1.2945152521133423,
   1.294541597366333,
   1.282600998878479,
   1.2607886791229248,
   1.2996490001678467,
   1.295933485031128,
   1.3347365856170654,
   1.3333758115768433,
   1.3062868118286133,
   1.2912609577178955,
   1.3318653106689453,
   1.338781714439392,
   1.3619451522827148
  ],
  "phase_consistency_across_units": [
   0.005647212266921997,
   0.004352827090770006,
   0.01168728619813919,
   0.017742972820997238,
   0.013677620328962803,
   0.022501768544316292,
   0.010434751398861408,
   0.023836877197027206,
   0.017582105472683907,
   0.02791639044880867,
   0.02142372541129589,
   0.02220369316637516,
   0.016554998233914375,
   0.0118459677323699,
   0.02950010448694229,
   0.02443663589656353,
   0.022115817293524742,
   0.022801930084824562,
   0.010627842508256435,
   0.01659768633544445,
   0.00542019959539175,
   0.012873806990683079,
   0.013705269433557987,
   0.01101442240178585,
   0.014283857308328152,
   0.008235066197812557,
   0.008327855728566647,
   0.02356131561100483,
   0.021982641890645027,
   0.01717761717736721,
   0.008510068990290165,
   0.007606985047459602,
   0.011338128708302975,
   0.007093054708093405,
   0.010164206847548485,
   0.020648248493671417,
   0.009039141237735748,
   0.009889032691717148,
   0.00848547276109457,
   0.005464910063892603,
   0.008371123112738132,
   0.01714388281106949,
   0.011454658582806587,
   0.006951977964490652,
   0.01861252635717392,
   0.012008847668766975,
   0.006372885778546333,
   0.005393580533564091,
   0.009610233828425407,
   0.015887627378106117,
   0.007702053524553776,
   0.0016841008327901363,
   0.01733504794538021,
   0.010689210146665573,
   0.010877973400056362,
   0.012234755791723728,
   0.007520709186792374,
   0.005536302458494902,
   0.016840694472193718,
   0.005647727753967047,
   0.01808515563607216,
   0.0034010482486337423
  ],
  "freq_mean": [
   0.18224048614501953,
   0.030497724190354347,
   0.149881511926651,
   0.030290868133306503,
   0.14955927431583405,
   0.025324493646621704,
   0.14160211384296417,
   0.036785662174224854,
   0.1196422204375267,
   0.05717916414141655,
   0.14605748653411865,
   0.12817665934562683,
   0.15797092020511627,
   0.17147257924079895,
   0.1724790781736374,
   0.15249809622764587,
   0.14390929043293,
   0.09208521991968155,
   0.18731865286827087,
   0.09149355441331863,
   0.19607852399349213,
   0.07833737134933472,
   0.3178578019142151,
   0.21766772866249084,
   0.15712381899356842,
   0.21980194747447968,
   0.1920691579580307,
   0.16822341084480286,
   0.13862784206867218,
   0.13622596859931946,
   0.26814737915992737,
   0.15525197982788086,
   0.25530117750167847,
   0.17441456019878387,
   0.13362929224967957,
   0.1752208024263382,
   0.20315703749656677,
   0.1783641278743744,
   0.20725378394126892,
   0.16456547379493713,
   0.16818547248840332,
   0.21442008018493652,
   0.1860434114933014,
   0.15988925099372864,
   0.2099456787109375,
   0.2286231517791748,
   0.23671694099903107,
   0.20781473815441132,
   0.21936210989952087,
   0.17952506244182587,
   0.2408965528011322,
   0.15827645361423492,
   0.21769967675209045,
   0.19718028604984283,
   0.2786959707736969,
   0.21911966800689697,
   0.3279402256011963,
   0.17197784781455994,
   0.2984296977519989,
   0.15423163771629333,
   0.485386461019516
  ],
  "freq_deviation_abs_mean": [
   0.30341053009033203,
   0.17666944861412048,
   0.21690230071544647,
   0.20281319320201874,
   0.2097046822309494,
   0.1979229897260666,
   0.19601690769195557,
   0.2145005166530609,
   0.2080458700656891,
   0.21862253546714783,
   0.23211447894573212,
   0.2517946660518646,
   0.2580702304840088,
   0.32978564500808716,
   0.3651788830757141,
   0.33725792169570923,
   0.33583468198776245,
   0.3283172845840454,
   0.32425230741500854,
   0.3257763087749481,
   0.2973078787326813,
   0.3718833327293396,
   0.3495517671108246,
   0.3763154149055481,
   0.3705655038356781,
   0.36010318994522095,
   0.3574250340461731,
   0.3309377133846283,
   0.29085618257522583,
   0.3295866549015045,
   0.3589952290058136,
   0.37817731499671936,
   0.3582070767879486,
   0.33237704634666443,
   0.3208524286746979,
   0.35378241539001465,
   0.341295063495636,
   0.3494408428668976,
   0.35914430022239685,
   0.3703935742378235,
   0.35183295607566833,
   0.3490239381790161,
   0.3435543477535248,
   0.3424023687839508,
   0.34935715794563293,
   0.37108463048934937,
   0.38469216227531433,
   0.38626933097839355,
   0.36538052558898926,
   0.3939635455608368,
   0.3668619990348816,
   0.3920484483242035,
   0.3693065941333771,
   0.4101065695285797,
   0.39210644364356995,
   0.4358972907066345,
   0.3780336380004883,
   0.43339863419532776,
   0.38733363151550293,
   0.4478492736816406,
   0.43929624557495117
  ],