{
 "position": 60,
 "sequence_aa": "I",
 "substrate_file": "/Users/djbray/Desktop/esm2/esm2_substrate_facebook_esm2_t33_650M_UR50D/substrate.npz",
 "n_sublayers": 62,
 "n_units": 1280,
 "depth_profiles": {
  "amp_mean": [
   11.071640968322754,
   6.031046390533447,
   6.194307804107666,
   4.788458347320557,
   4.850282192230225,
   4.153439521789551,
   4.24731969833374,
   3.8109829425811768,
   3.8484935760498047,
   3.5884976387023926,
   3.6644890308380127,
   3.449359893798828,
   3.513140916824341,
   3.4043946266174316,
   3.579455614089966,
   3.413252353668213,
   3.5523483753204346,
   3.490259885787964,
   3.6554317474365234,
   3.615177869796753,
   3.8154823780059814,
   3.768505573272705,
   4.1780571937561035,
   4.280808448791504,
   4.2924418449401855,
   4.315295219421387,
   4.336846351623535,
   4.359334468841553,
   4.458487510681152,
   4.541366100311279,
   4.60206413269043,
   4.73622989654541,
   4.522286891937256,
   4.505804061889648,
   4.695743083953857,
   4.750875949859619,
   4.866206169128418,
   4.942357063293457,
   5.439575672149658,
   5.870436191558838,
   5.718804359436035,
   5.736598014831543,
   5.908200263977051,
   5.956049919128418,
   5.7328033447265625,
   5.860949993133545,
   5.916651248931885,
   5.888062477111816,
   5.911818504333496,
   5.988545894622803,
   6.198709011077881,
   6.574531555175781,
   6.81891393661499,
   6.739208221435547,
   6.72613525390625,
   7.075274467468262,
   7.477646827697754,
   8.068781852722168,
   8.439164161682129,
   8.926594734191895,
   9.361111640930176,
   12.986821174621582
  ],
  "amp_modulation_mean": [
   1.2812740802764893,
   1.2670978307724,
   1.2781022787094116,
   1.2477630376815796,
   1.2556333541870117,
   1.2414684295654297,
   1.255171537399292,
   1.2465250492095947,
   1.250262975692749,
   1.248724341392517,
   1.2510324716567993,
   1.2373082637786865,
   1.2363288402557373,
   1.2377283573150635,
   1.2601583003997803,
   1.2411844730377197,
   1.2358880043029785,
   1.241132140159607,
   1.2147603034973145,
   1.2232345342636108,
   1.2433655261993408,
   1.219539999961853,
   1.274865984916687,
   1.293147325515747,
   1.2661635875701904,
   1.2319438457489014,
   1.2224290370941162,
   1.1777151823043823,
   1.2063863277435303,
   1.2017897367477417,
   1.1883864402770996,
   1.177685022354126,
   1.1332290172576904,
   1.0898544788360596,
   1.1377090215682983,
   1.1328150033950806,
   1.13864266872406,
   1.1218373775482178,
   1.2213752269744873,
   1.305975317955017,
   1.2654374837875366,
   1.2513314485549927,
   1.269554853439331,
   1.257409691810608,
   1.196427583694458,
   1.2223405838012695,
   1.2168620824813843,
   1.209850549697876,
   1.1938297748565674,
   1.2066587209701538,
   1.2114442586898804,
   1.2824985980987549,
   1.294891357421875,
   1.2710291147232056,
   1.227713704109192,
   1.2643004655838013,
   1.2868318557739258,
   1.3230006694793701,
   1.3178237676620483,
   1.3002662658691406,
   1.2729276418685913,
   1.2649662494659424
  ],
  "phase_consistency_across_units": [
   0.01747298240661621,
   0.01480836421251297,
   0.019715093076229095,
   0.01920696534216404,
   0.024005478248000145,
   0.032015904784202576,
   0.02766113169491291,
   0.03255428001284599,
   0.037507038563489914,
   0.03746162727475166,
   0.035642579197883606,
   0.03696488216519356,
   0.03538406640291214,
   0.027975190430879593,
   0.040000591427087784,
   0.01127110980451107,
   0.03140329197049141,
   0.009658590890467167,
   0.019915591925382614,
   0.024653298780322075,
   0.02497117780148983,
   0.027196478098630905,
   0.028763331472873688,
   0.02508797124028206,
   0.010576940141618252,
   0.03240479901432991,
   0.031638868153095245,
   0.04280431941151619,
   0.02829170972108841,
   0.01800478808581829,
   0.017623666673898697,
   0.012149947695434093,
   0.01760074682533741,
   0.02409932389855385,
   0.015752313658595085,
   0.023241885006427765,
   0.015697520226240158,
   0.01732759177684784,
   0.01698758825659752,
   0.021730542182922363,
   0.027171814814209938,
   0.01868477836251259,
   0.014812653884291649,
   0.021572943776845932,
   0.017328407615423203,
   0.010161016136407852,
   0.009098058566451073,
   0.01495287474244833,
   0.011179991997778416,
   0.00778716616332531,
   0.014942836947739124,
   0.022351115942001343,
   0.010726707056164742,
   0.014169423840939999,
   0.007120729889720678,
   0.02094818279147148,
   0.01901851035654545,
   0.010401427745819092,
   0.015592488460242748,
   0.029334865510463715,
   0.02973906137049198,
   0.014859398826956749
  ],
  "freq_mean": [
   0.15962353348731995,
   0.03759605810046196,
   0.1727830469608307,
   0.034834228456020355,
   0.1421050876379013,
   0.048463668674230576,
   0.14129409193992615,
   0.05681999772787094,
   0.09778112173080444,
   0.07251162827014923,
   0.10209028422832489,
   0.07665161043405533,
   0.09790424257516861,
   0.10972776263952255,
   0.13721780478954315,
   0.09201519191265106,
   0.15009696781635284,
   0.12277615070343018,
   0.17487892508506775,
   0.12818363308906555,
   0.1558266580104828,
   0.0975838303565979,
   0.2836005687713623,
   0.18369555473327637,
   0.21468296647071838,
   0.1695062816143036,
   0.19089439511299133,
   0.17366242408752441,
   0.22831109166145325,
   0.18193940818309784,
   0.23962447047233582,
   0.18370525538921356,
   0.16196651756763458,
   0.1616225391626358,
   0.203024223446846,
   0.14914928376674652,
   0.1674656867980957,
   0.14530998468399048,
   0.2846096158027649,
   0.2541954517364502,
   0.2066207379102707,
   0.2046002447605133,
   0.28944605588912964,
   0.1943933665752411,
   0.1858910620212555,
   0.21413803100585938,
   0.20092439651489258,
   0.16904541850090027,
   0.1815686672925949,
   0.19501957297325134,
   0.2578943371772766,
   0.2703482508659363,
   0.25550925731658936,
   0.19996292889118195,
   0.23125767707824707,
   0.24300141632556915,
   0.30894166231155396,
   0.27701535820961,
   0.3496583104133606,
   0.2150229960680008,
   0.48710817098617554
  ],
  "freq_deviation_abs_mean": [
   0.3355424106121063,
   0.23213724792003632,
   0.26741090416908264,
   0.25202256441116333,
   0.23884057998657227,
   0.23805801570415497,
   0.22884707152843475,
   0.22818788886070251,
   0.22585253417491913,
   0.23378364741802216,
   0.2152194231748581,
   0.23339828848838806,
   0.22683529555797577,
   0.2517007291316986,
   0.29137036204338074,
   0.31770095229148865,
   0.2736774682998657,
   0.30373328924179077,
   0.3180136978626251,
   0.36499863862991333,
   0.3221530318260193,
   0.3503553569316864,
   0.34784117341041565,
   0.40216273069381714,
   0.3635336756706238,
   0.37625494599342346,
   0.361939013004303,
   0.38837990164756775,
   0.3628273010253906,
   0.3620834946632385,
   0.3743599057197571,
   0.37569454312324524,
   0.3500564396381378,
   0.35871368646621704,
   0.3559137284755707,
   0.3800451159477234,
   0.3447471559047699,
   0.35705989599227905,
   0.37813490629196167,
   0.37548643350601196,
   0.36081480979919434,
   0.3908347487449646,
   0.3670245409011841,
   0.36872121691703796,
   0.34248873591423035,
   0.34170398116111755,
   0.3423430323600769,
   0.35372394323349,
   0.35040944814682007,
   0.3928318917751312,
   0.38320356607437134,
   0.39717596769332886,
   0.37276992201805115,
   0.41853827238082886,
   0.4127179682254791,
   0.42470407485961914,
   0.4001021385192871,
   0.43036967515945435,
   0.4154546856880188,
   0.45518675446510315,
   0.4640233516693115
  ]
 },
 "top_units_by_amp_modulation_max": [
  {
   "unit": 914,
   "max_amp_mod": 4.993450164794922,
   "argmax_sublayer": 3
  },
  {
   "unit": 569,
   "max_amp_mod": 4.9707818031311035,
   "argmax_sublayer": 4
  },
  {
   "unit": 931,
   "max_amp_mod": 4.957228183746338,
   "argmax_sublayer": 0
  },
  {
   "unit": 566,
   "max_amp_mod": 4.821744918823242,
   "argmax_sublayer": 4
  },
  {
   "unit": 509,
   "max_amp_mod": 4.665851593017578,