{
 "position": 68,
 "sequence_aa": "L",
 "substrate_file": "/Users/djbray/Desktop/esm2/esm2_substrate_facebook_esm2_t33_650M_UR50D/substrate.npz",
 "n_sublayers": 62,
 "n_units": 1280,
 "depth_profiles": {
  "amp_mean": [
   11.696592330932617,
   6.584538459777832,
   6.619447231292725,
   5.200568199157715,
   5.210543155670166,
   4.507490634918213,
   4.550285339355469,
   4.08508825302124,
   4.141467094421387,
   3.8454864025115967,
   3.909371852874756,
   3.6993370056152344,
   3.7930397987365723,
   3.66821551322937,
   3.866931915283203,
   3.7031092643737793,
   3.917602062225342,
   3.8229217529296875,
   3.9375452995300293,
   3.973463535308838,
   4.141436576843262,
   4.113469123840332,
   4.546256065368652,
   4.782759666442871,
   4.602771759033203,
   4.582573890686035,
   4.845949649810791,
   5.115906715393066,
   5.014642238616943,
   5.099190711975098,
   5.263193607330322,
   5.476000785827637,
   5.231081008911133,
   5.092103004455566,
   5.115394592285156,
   5.05606746673584,
   5.353199481964111,
   5.430424690246582,
   5.531245708465576,
   5.708253383636475,
   5.581185340881348,
   5.621650695800781,
   5.832808017730713,
   6.105992794036865,
   6.293722629547119,
   6.284422874450684,
   6.1427106857299805,
   6.269161224365234,
   6.20052433013916,
   6.102195739746094,
   6.5154523849487305,
   6.697885990142822,
   6.8365631103515625,
   7.1938323974609375,
   7.165482521057129,
   7.181157112121582,
   7.5775861740112305,
   8.030179023742676,
   8.559375762939453,
   9.147618293762207,
   9.628921508789062,
   13.54185962677002
  ],
  "amp_modulation_mean": [
   1.3544564247131348,
   1.3875868320465088,
   1.367834448814392,
   1.35781991481781,
   1.3509553670883179,
   1.3492248058319092,
   1.3460357189178467,
   1.339580774307251,
   1.3483940362930298,
   1.3417888879776,
   1.3365240097045898,
   1.3295785188674927,
   1.338150978088379,
   1.335327386856079,
   1.3597532510757446,
   1.345262050628662,
   1.3637492656707764,
   1.3607791662216187,
   1.3132355213165283,
   1.3470203876495361,
   1.3532146215438843,
   1.3354322910308838,
   1.3892185688018799,
   1.447505235671997,
   1.3581886291503906,
   1.3115017414093018,
   1.370773434638977,
   1.388878583908081,
   1.3629798889160156,
   1.3527473211288452,
   1.3660404682159424,
   1.3662335872650146,
   1.3142876625061035,
   1.2340383529663086,
   1.2411613464355469,
   1.2071068286895752,
   1.2546590566635132,
   1.2353402376174927,
   1.242689609527588,
   1.272294282913208,
   1.237522840499878,
   1.2295993566513062,
   1.2556030750274658,
   1.2927509546279907,
   1.317615032196045,
   1.3133577108383179,
   1.2639987468719482,
   1.2882258892059326,
   1.2520506381988525,
   1.229567050933838,
   1.2723156213760376,
   1.3057968616485596,
   1.299230933189392,
   1.358317255973816,
   1.3083295822143555,
   1.2820470333099365,
   1.3023464679718018,
   1.3141465187072754,
   1.334532618522644,
   1.3275349140167236,
   1.3081518411636353,
   1.3204729557037354
  ],
  "phase_consistency_across_units": [
   0.026830414310097694,
   0.022541482001543045,
   0.03134557604789734,
   0.029978366568684578,
   0.033230260014534,
   0.0328548438847065,
   0.0342295840382576,
   0.04070492088794708,
   0.04193716496229172,
   0.048823561519384384,
   0.04902571812272072,
   0.04179976508021355,
   0.04265642911195755,
   0.04134616255760193,
   0.029468869790434837,
   0.02839917689561844,
   0.03392590954899788,
   0.024300221353769302,
   0.025962522253394127,
   0.019972164183855057,
   0.008370980620384216,
   0.023054609075188637,
   0.026101035997271538,
   0.017556507140398026,
   0.012866872362792492,
   0.011872099712491035,
   0.015828894451260567,
   0.03177013620734215,
   0.01972237043082714,
   0.013209229335188866,
   0.015905147418379784,
   0.013616375625133514,
   0.015789391472935677,
   0.01564619690179825,
   0.011568274348974228,
   0.013689535669982433,
   0.02132590115070343,
   0.0121702766045928,
   0.02093806304037571,
   0.022497478872537613,
   0.03194265812635422,
   0.03084574081003666,
   0.03418596833944321,
   0.024284912273287773,
   0.01699407398700714,
   0.007064240053296089,
   0.008995446376502514,
   0.006167192943394184,
   0.010026967152953148,
   0.011634176596999168,
   0.01596524752676487,
   0.007071185857057571,
   0.010758043266832829,
   0.012012435123324394,
   0.012240874581038952,
   0.027211366221308708,
   0.012877777218818665,
   0.019627586007118225,
   0.017005983740091324,
   0.01790609583258629,
   0.01573781855404377,
   0.02297205477952957
  ],
  "freq_mean": [
   0.14476889371871948,
   0.04930872097611427,
   0.14045953750610352,
   0.03072645142674446,
   0.12231913954019547,
   0.0571674220263958,
   0.10887955129146576,
   0.06695203483104706,
   0.12445652484893799,
   0.0632416382431984,
   0.08774995058774948,
   0.07412005960941315,
   0.10350754112005234,
   0.1086224690079689,
   0.16326899826526642,
   0.10175319015979767,
   0.21535196900367737,
   0.108664870262146,
   0.19107575714588165,
   0.11308467388153076,
   0.17154532670974731,
   0.09079311788082123,
   0.2781198024749756,
   0.18754754960536957,
   0.16570480167865753,
   0.13699427247047424,
   0.24766495823860168,
   0.2207377403974533,
   0.1742592751979828,
   0.1935628056526184,
   0.22510738670825958,
   0.2336159199476242,
   0.1591164767742157,
   0.20458300411701202,
   0.1572607159614563,
   0.16557994484901428,
   0.21696138381958008,
   0.17716969549655914,
   0.260292112827301,
   0.1831415295600891,
   0.16670624911785126,
   0.17843160033226013,
   0.19890809059143066,
   0.23890642821788788,
   0.26445749402046204,
   0.21312256157398224,
   0.20718522369861603,
   0.21429625153541565,
   0.18024715781211853,
   0.1887752115726471,
   0.2765955626964569,
   0.17163081467151642,
   0.23789472877979279,
   0.24665307998657227,
   0.20193025469779968,
   0.1880510151386261,
   0.26710593700408936,
   0.22921006381511688,
   0.31808561086654663,
   0.1553393304347992,
   0.48423218727111816
  ],
  "freq_deviation_abs_mean": [
   0.29643306136131287,
   0.19217140972614288,
   0.2153054177761078,
   0.22135496139526367,
   0.2071162760257721,
   0.21521873772144318,
   0.20153288543224335,
   0.2111625224351883,
   0.2132326066493988,
   0.22511687874794006,
   0.20642726123332977,
   0.22430887818336487,
   0.21712668240070343,
   0.26655399799346924,
   0.3003755807876587,
   0.31003135442733765,
   0.28609082102775574,
   0.3170371353626251,
   0.30268213152885437,
   0.34038010239601135,
   0.30691513419151306,
   0.3446238040924072,
   0.35215097665786743,
   0.3929666578769684,
   0.3550431728363037,
   0.3381426930427551,
   0.33477598428726196,
   0.3517148196697235,
   0.35657161474227905,
   0.34769997000694275,
   0.37217217683792114,
   0.3479163646697998,
   0.3351448178291321,
   0.3315095901489258,
   0.3267062306404114,
   0.3635541498661041,
   0.3585219383239746,
   0.37927255034446716,
   0.3596409261226654,
   0.3474755585193634,
   0.31604087352752686,
   0.3451750874519348,
   0.3672191798686981,
   0.3513970971107483,
   0.3565237522125244,
   0.37082549929618835,
   0.39151665568351746,
   0.3643515706062317,
   0.3334624171257019,
   0.3816165030002594,
   0.38107675313949585,
   0.3978511691093445,
   0.4204460084438324,
   0.4151955544948578,
   0.3908540606498718,
   0.4094226360321045,
   0.42918911576271057,
   0.4371045231819153,
   0.37462443113327026,
   0.40608128905296326,
   0.40000325441360474
  ]
 },
 "top_units_by_amp_modulation_max": [
  {
   "unit": 1146,
   "max_amp_mod": 5.904973030090332,
   "argmax_sublayer": 1
  },
  {
   "unit": 513,
   "max_amp_mod": 5.525784969329834,
   "argmax_sublayer": 54
  },
  {
   "unit": 1037,
   "max_amp_mod": 5.231888771057129,
   "argmax_sublayer": 0
  },
  {
   "unit": 281,
   "max_amp_mod": 5.226004123687744,
   "argmax_sublayer": 20
  },
  {
   "unit": 389,
   "max_amp_mod": 5.21176290512085,