{
 "position": 57,
 "sequence_aa": "D",
 "substrate_file": "/home/dbrayjr5/esm2-osc/esm2_substrate_facebook_esm2_t33_650M_UR50D/substrate.npz",
 "n_sublayers": 62,
 "n_units": 1280,
 "validity_floor": {
  "quantile": 0.1,
  "absolute_value": 2.7328476905822754,
  "n_valid_cells": 71424,
  "n_total_cells": 79360,
  "fraction_valid": 0.9
 },
 "depth_profiles": {
  "amp_modulation_mean": [
   1.1596810817718506,
   1.1189618110656738,
   1.1401681900024414,
   1.1068627834320068,
   1.130704402923584,
   1.1165305376052856,
   1.1263909339904785,
   1.1161277294158936,
   1.1250677108764648,
   1.1180737018585205,
   1.118487000465393,
   1.1059104204177856,
   1.1090161800384521,
   1.0999977588653564,
   1.1257673501968384,
   1.1092876195907593,
   1.1095020771026611,
   1.1052186489105225,
   1.1042817831039429,
   1.104346513748169,
   1.1334874629974365,
   1.0989346504211426,
   1.1675430536270142,
   1.1857739686965942,
   1.1388590335845947,
   1.1152747869491577,
   1.137878656387329,
   1.0892313718795776,
   1.1228086948394775,
   1.1418836116790771,
   1.0931004285812378,
   1.0927075147628784,
   1.102523922920227,
   1.0954910516738892,
   1.0973906517028809,
   1.124798059463501,
   1.0854666233062744,
   1.02939772605896,
   1.1491197347640991,
   1.1968215703964233,
   1.1337203979492188,
   1.1275451183319092,
   1.1149908304214478,
   1.1480611562728882,
   1.0913290977478027,
   1.0869756937026978,
   1.0801348686218262,
   1.050836205482483,
   1.0623875856399536,
   1.060711145401001,
   1.0904630422592163,
   1.113434076309204,
   1.134570837020874,
   1.1907193660736084,
   1.1840490102767944,
   1.1251847743988037,
   1.1320139169692993,
   1.1566565036773682,
   1.1414731740951538,
   1.2023591995239258,
   1.2141594886779785,
   1.165675401687622
  ],
  "amp_modulation_mean_valid_only": [
   1.1596810817718506,
   1.1189618110656738,
   1.1401681900024414,
   1.1068627834320068,
   1.130704402923584,
   1.1172528266906738,
   1.1263909339904785,
   1.1029466390609741,
   1.1129928827285767,
   1.062078833580017,
   1.0736453533172607,
   1.0587513446807861,
   1.0663692951202393,
   1.077566385269165,
   1.0803382396697998,
   1.0727020502090454,
   1.064241886138916,
   1.0910236835479736,
   1.0901672840118408,
   1.0880625247955322,
   1.123755931854248,
   1.0947214365005493,
   1.1675430536270142,
   1.1857739686965942,
   1.1388590335845947,
   1.1152747869491577,
   1.137878656387329,
   1.0892313718795776,
   1.1228086948394775,
   1.1418836116790771,
   1.0931004285812378,
   1.0927075147628784,
   1.102523922920227,
   1.0954910516738892,
   1.0973906517028809,
   1.124798059463501,
   1.0854666233062744,
   1.02939772605896,
   1.1491197347640991,
   1.1968215703964233,
   1.1337203979492188,
   1.1275451183319092,
   1.1149908304214478,
   1.1480611562728882,
   1.0913290977478027,
   1.0869756937026978,
   1.0801348686218262,
   1.050836205482483,
   1.0623875856399536,
   1.060711145401001,
   1.0904630422592163,
   1.113434076309204,
   1.134570837020874,
   1.1907193660736084,
   1.1840490102767944,
   1.1251847743988037,
   1.1320139169692993,
   1.1566565036773682,
   1.1414731740951538,
   1.2023591995239258,
   1.2141594886779785,
   1.165675401687622
  ],
  "phase_consistency_across_units": [
   0.004522944800555706,
   0.020361963659524918,
   0.028443636372685432,
   0.02883177436888218,
   0.01929015852510929,
   0.036826346069574356,
   0.024094972759485245,
   0.04295272007584572,
   0.036283984780311584,
   0.03781551122665405,
   0.04875989630818367,
   0.04809900000691414,
   0.050559815019369125,
   0.04390951618552208,
   0.0480179600417614,
   0.0480508990585804,
   0.04510020464658737,
   0.041020605713129044,
   0.048588816076517105,
   0.04007403925061226,
   0.03291422128677368,
   0.03753826767206192,
   0.028069723397493362,
   0.03365441411733627,
   0.020108383148908615,
   0.008615539409220219,
   0.016619062051177025,
   0.015331165865063667,
   0.016466200351715088,
   0.01666860468685627,
   0.014593743719160557,
   0.01070734579116106,
   0.019750865176320076,
   0.029178844764828682,
   0.022548826411366463,
   0.015674680471420288,
   0.01879529096186161,
   0.009618429467082024,
   0.016850043088197708,
   0.011442961171269417,
   0.021703634411096573,
   0.015212757512927055,
   0.018895011395215988,
   0.023265359923243523,
   0.019833052530884743,
   0.024193568155169487,
   0.019822850823402405,
   0.03398282453417778,
   0.03006414696574211,
   0.02445603534579277,
   0.0019351746886968613,
   0.026666436344385147,
   0.024966267868876457,
   0.013945527374744415,
   0.013291546143591404,
   0.0208146870136261,
   0.01570875197649002,
   0.012198555283248425,
   0.026727840304374695,
   0.01913878321647644,
   0.0033971958328038454,
   0.009565601125359535
  ],
  "freq_mean": [
   0.14206799864768982,
   0.04319288581609726,
   0.15716612339019775,
   0.053534090518951416,
   0.14922209084033966,
   0.04993094131350517,
   0.13723906874656677,
   0.06087313964962959,
   0.12395042181015015,
   0.08001770824193954,
   0.10552386939525604,
   0.08550228178501129,
   0.0977725237607956,
   0.10679075866937637,
   0.16631388664245605,
   0.10253510624170303,
   0.15929920971393585,
   0.1411086469888687,
   0.1946684718132019,
   0.13107264041900635,
   0.17583726346492767,
   0.11322037130594254,
   0.29209551215171814,
   0.1613282710313797,
   0.20242634415626526,
   0.1778087317943573,
   0.22066903114318848,
   0.14007499814033508,
   0.27345794439315796,
   0.1605241596698761,
   0.1895172894001007,
   0.194112628698349,
   0.19364362955093384,
   0.22902700304985046,
   0.205609530210495,
   0.24768872559070587,
   0.13663288950920105,
   0.16957524418830872,
   0.3223632276058197,
   0.24635300040245056,
   0.22508403658866882,
   0.199019655585289,
   0.24200668931007385,
   0.26289257407188416,
   0.16841574013233185,
   0.23587021231651306,
   0.18983790278434753,
   0.19795604050159454,
   0.2014307975769043,
   0.19488590955734253,
   0.2506488859653473,
   0.22759470343589783,
   0.27716511487960815,
   0.3038998246192932,
   0.2764793336391449,
   0.17198991775512695,
   0.3190547525882721,
   0.24541306495666504,
   0.35826197266578674,
   0.3047986924648285,
   0.5530362129211426
  ],
  "freq_deviation_abs_mean": [
   0.37234729528427124,
   0.23646163940429688,
   0.27083808183670044,
   0.26705339550971985,
   0.25625452399253845,
   0.24060499668121338,
   0.23713693022727966,
   0.24449655413627625,
   0.24526932835578918,
   0.24195316433906555,
   0.2551496624946594,
   0.265546590089798,
   0.2600376605987549,
   0.27291783690452576,
   0.28696903586387634,
   0.3133006691932678,
   0.30167219042778015,
   0.3102360665798187,
   0.33014389872550964,
   0.38496485352516174,
   0.3378778100013733,
   0.38684573769569397,
   0.3776760697364807,
   0.4110889434814453,
   0.34671005606651306,
   0.37672218680381775,
   0.36295413970947266,
   0.3941379487514496,
   0.3523240089416504,
   0.36347252130508423,
   0.3337957561016083,
   0.35027727484703064,
   0.38207104802131653,
   0.361289918422699,
   0.35510462522506714,
   0.371699720621109,
   0.332461953163147,
   0.3602885603904724,
   0.4046769142150879,
   0.38336095213890076,
   0.3676920533180237,
   0.39221006631851196,
   0.3703114986419678,
   0.35511505603790283,
   0.3586586117744446,
   0.33798614144325256,
   0.3685407042503357,
   0.37783733010292053,
   0.3562155067920685,
   0.4052061438560486,
   0.41383832693099976,
   0.4163243770599365,
   0.43468302488327026,
   0.4638158679008484,
   0.39524298906326294,
   0.4290177822113037,
   0.3917197287082672,
   0.4595812261104584,
   0.46582943201065063,
   0.5278837084770203,
   0.47314509749412537
  ],