{
 "position": 8,
 "sequence_aa": "T",
 "substrate_file": "/home/dbrayjr5/esm2-osc/esm2_substrate_facebook_esm2_t33_650M_UR50D/substrate.npz",
 "n_sublayers": 62,
 "n_units": 1280,
 "validity_floor": {
  "quantile": 0.1,
  "absolute_value": 2.7328476905822754,
  "n_valid_cells": 71424,
  "n_total_cells": 79360,
  "fraction_valid": 0.9
 },
 "depth_profiles": {
  "amp_modulation_mean": [
   1.1274081468582153,
   1.1042349338531494,
   1.109910249710083,
   1.0958313941955566,
   1.0994179248809814,
   1.091906189918518,
   1.0913269519805908,
   1.0864646434783936,
   1.0893388986587524,
   1.0789592266082764,
   1.0941654443740845,
   1.0930016040802002,
   1.099273920059204,
   1.091615080833435,
   1.112598180770874,
   1.1043435335159302,
   1.0999027490615845,
   1.1126433610916138,
   1.1171610355377197,
   1.1130578517913818,
   1.1465084552764893,
   1.128537893295288,
   1.2072217464447021,
   1.212308645248413,
   1.1245355606079102,
   1.1104482412338257,
   1.1035048961639404,
   1.0578176975250244,
   1.0558702945709229,
   1.0660473108291626,
   1.0642845630645752,
   1.0182493925094604,
   0.9988827705383301,
   0.9694364666938782,
   0.9994348287582397,
   1.0282224416732788,
   1.0546029806137085,
   1.0750333070755005,
   1.0817599296569824,
   1.1230285167694092,
   1.0929330587387085,
   1.0720453262329102,
   1.069136381149292,
   1.056584358215332,
   1.0533756017684937,
   1.0715135335922241,
   1.0608079433441162,
   1.0785123109817505,
   1.0673516988754272,
   1.0715630054473877,
   1.0754187107086182,
   1.0771971940994263,
   1.0812413692474365,
   1.098212480545044,
   1.0775301456451416,
   1.1151132583618164,
   1.115452766418457,
   1.1067683696746826,
   1.1037791967391968,
   1.1083310842514038,
   1.1081260442733765,
   1.1200960874557495
  ],
  "amp_modulation_mean_valid_only": [
   1.1274081468582153,
   1.1042349338531494,
   1.109910249710083,
   1.0958313941955566,
   1.0994179248809814,
   1.090428352355957,
   1.0913269519805908,
   1.0775270462036133,
   1.0797619819641113,
   1.047297477722168,
   1.0608025789260864,
   1.0693080425262451,
   1.0514038801193237,
   1.046045184135437,
   1.075547218322754,
   1.0929615497589111,
   1.0626627206802368,
   1.0660431385040283,
   1.0961748361587524,
   1.1164277791976929,
   1.1445485353469849,
   1.1248730421066284,
   1.2072217464447021,
   1.212308645248413,
   1.1245355606079102,
   1.1104482412338257,
   1.1035048961639404,
   1.0578176975250244,
   1.0558702945709229,
   1.0660473108291626,
   1.0642845630645752,
   1.0182493925094604,
   0.9988827705383301,
   0.9694364666938782,
   0.9994348287582397,
   1.0282224416732788,
   1.0546029806137085,
   1.0750333070755005,
   1.0817599296569824,
   1.1230285167694092,
   1.0929330587387085,
   1.0720453262329102,
   1.069136381149292,
   1.056584358215332,
   1.0533756017684937,
   1.0715135335922241,
   1.0608079433441162,
   1.0785123109817505,
   1.0673516988754272,
   1.0715630054473877,
   1.0754187107086182,
   1.0771971940994263,
   1.0812413692474365,
   1.098212480545044,
   1.0775301456451416,
   1.1151132583618164,
   1.115452766418457,
   1.1067683696746826,
   1.1037791967391968,
   1.1083310842514038,
   1.1081260442733765,
   1.1200960874557495
  ],
  "phase_consistency_across_units": [
   0.013233722187578678,
   0.012657293118536472,
   0.020194850862026215,
   0.025339316576719284,
   0.023910513147711754,
   0.024494115263223648,
   0.021580969914793968,
   0.03157129883766174,
   0.03024110198020935,
   0.03630309924483299,
   0.03193235769867897,
   0.021447578445076942,
   0.031515274196863174,
   0.0301522109657526,
   0.03281068429350853,
   0.02305462956428528,
   0.02849266678094864,
   0.018584158271551132,
   0.02805955894291401,
   0.031249312683939934,
   0.03279921039938927,
   0.029497608542442322,
   0.027966490015387535,
   0.03469489514827728,
   0.028978794813156128,
   0.03232361003756523,
   0.029680049046874046,
   0.028095131739974022,
   0.03604022040963173,
   0.02881813794374466,
   0.02182149700820446,
   0.020534949377179146,
   0.021352548152208328,
   0.029412541538476944,
   0.007591163739562035,
   0.01238244492560625,
   0.01741083338856697,
   0.02243829146027565,
   0.016512563452124596,
   0.02312934771180153,
   0.02452756091952324,
   0.024956999346613884,
   0.02243766188621521,
   0.010625402443110943,
   0.01812147907912731,
   0.015947790816426277,
   0.02178756706416607,
   0.019370829686522484,
   0.006188738625496626,
   0.014816364273428917,
   0.007240655366331339,
   0.029393330216407776,
   0.011254149489104748,
   0.010201130993664265,
   0.003147433279082179,
   0.013375313952565193,
   0.008742804639041424,
   0.0073315734043717384,
   0.01272189524024725,
   0.02407391183078289,
   0.00817582942545414,
   0.003223835490643978
  ],
  "freq_mean": [
   0.1726842224597931,
   0.014566963538527489,
   0.15826432406902313,
   0.04182463884353638,
   0.1408756673336029,
   0.07541953027248383,
   0.1255168318748474,
   0.06641379743814468,
   0.09776444733142853,
   0.07383684068918228,
   0.14891788363456726,
   0.08304691314697266,
   0.10872308164834976,
   0.09107918292284012,
   0.15358459949493408,
   0.08136548101902008,
   0.14819695055484772,
   0.12983159720897675,
   0.19270089268684387,
   0.13326585292816162,
   0.18007692694664001,
   0.09829916059970856,
   0.32617196440696716,
   0.1627700924873352,
   0.20719599723815918,
   0.18462955951690674,
   0.20527763664722443,
   0.14455321431159973,
   0.1921531707048416,
   0.21034082770347595,
   0.2247779667377472,
   0.18242430686950684,
   0.15975891053676605,
   0.17703601717948914,
   0.19870539009571075,
   0.20314407348632812,
   0.22969624400138855,
   0.21800586581230164,
   0.2776918113231659,
   0.25716423988342285,
   0.198321133852005,
   0.23894810676574707,
   0.22210678458213806,
   0.2175561934709549,
   0.21278977394104004,
   0.1844439059495926,
   0.22075410187244415,
   0.22730675339698792,
   0.2236585170030594,
   0.20292501151561737,
   0.24781008064746857,
   0.194159135222435,
   0.2489701211452484,
   0.2158476859331131,
   0.28118619322776794,
   0.24341705441474915,
   0.2730027735233307,
   0.2178540974855423,
   0.3420208692550659,
   0.19280318915843964,
   0.5763541460037231
  ],
  "freq_deviation_abs_mean": [
   0.42408958077430725,
   0.26659440994262695,
   0.2926413416862488,
   0.2757142186164856,
   0.2694304883480072,
   0.2727295458316803,
   0.24654948711395264,
   0.25710034370422363,
   0.24279499053955078,
   0.2626333236694336,
   0.25698885321617126,
   0.26618528366088867,
   0.2347680777311325,
   0.2698773145675659,
   0.29110127687454224,
   0.31007522344589233,
   0.28141841292381287,
   0.32089585065841675,
   0.3410024344921112,
   0.3758217990398407,
   0.3487311005592346,
   0.4031509459018707,
   0.3614705204963684,
   0.3913268446922302,
   0.331432044506073,
   0.36699268221855164,
   0.35258397459983826,
   0.34650880098342896,
   0.3571883738040924,
   0.39826419949531555,
   0.36714911460876465,
   0.34132635593414307,
   0.32381829619407654,
   0.3410171866416931,
   0.36260226368904114,
   0.39110201597213745,
   0.39472803473472595,
   0.3865829408168793,
   0.3971385359764099,
   0.43663278222084045,
   0.411715030670166,
   0.35488444566726685,
   0.36877402663230896,
   0.35431450605392456,
   0.34682586789131165,
   0.3711341619491577,
   0.3858327269554138,
   0.3897877335548401,
   0.38432613015174866,
   0.3918783664703369,
   0.369627982378006,
   0.38123828172683716,
   0.36515089869499207,
   0.39753904938697815,
   0.38889795541763306,
   0.442683607339859,
   0.4274103045463562,
   0.4382554888725281,
   0.41912955045700073,
   0.49065542221069336,
   0.4777824878692627
  ],