{
 "position": 58,
 "sequence_aa": "Y",
 "substrate_file": "/home/dbrayjr5/esm2-osc/esm2_substrate_facebook_esm2_t33_650M_UR50D/substrate.npz",
 "n_sublayers": 62,
 "n_units": 1280,
 "validity_floor": {
  "quantile": 0.1,
  "absolute_value": 2.7328476905822754,
  "n_valid_cells": 71424,
  "n_total_cells": 79360,
  "fraction_valid": 0.9
 },
 "depth_profiles": {
  "amp_modulation_mean": [
   1.299119234085083,
   1.2720911502838135,
   1.2756025791168213,
   1.2450711727142334,
   1.257089614868164,
   1.2398823499679565,
   1.2444794178009033,
   1.2329366207122803,
   1.2428432703018188,
   1.233133316040039,
   1.2137982845306396,
   1.1973686218261719,
   1.2044925689697266,
   1.2057831287384033,
   1.2207202911376953,
   1.1968401670455933,
   1.1912450790405273,
   1.1938763856887817,
   1.1837356090545654,
   1.1739153861999512,
   1.205256462097168,
   1.164438009262085,
   1.2374505996704102,
   1.2433955669403076,
   1.201144814491272,
   1.1663275957107544,
   1.2235448360443115,
   1.1735315322875977,
   1.1787958145141602,
   1.1713570356369019,
   1.1379377841949463,
   1.1338145732879639,
   1.1193304061889648,
   1.0900049209594727,
   1.124637246131897,
   1.171635389328003,
   1.135643720626831,
   1.0804170370101929,
   1.172210454940796,
   1.2165553569793701,
   1.253816843032837,
   1.248788595199585,
   1.317320704460144,
   1.3980151414871216,
   1.2672828435897827,
   1.2492334842681885,
   1.2395737171173096,
   1.2281041145324707,
   1.2170383930206299,
   1.2544376850128174,
   1.2634942531585693,
   1.2680175304412842,
   1.2760157585144043,
   1.298322081565857,
   1.3157312870025635,
   1.3419708013534546,
   1.3414325714111328,
   1.3457999229431152,
   1.3249177932739258,
   1.3221057653427124,
   1.3479286432266235,
   1.3132412433624268
  ],
  "amp_modulation_mean_valid_only": [
   1.299119234085083,
   1.2720911502838135,
   1.2756025791168213,
   1.2450711727142334,
   1.257089614868164,
   1.2405911684036255,
   1.2444794178009033,
   1.2387440204620361,
   1.239358901977539,
   1.1884390115737915,
   1.1855740547180176,
   1.1947383880615234,
   1.1845591068267822,
   1.2266629934310913,
   1.1836199760437012,
   1.1675211191177368,
   1.15045964717865,
   1.1918567419052124,
   1.1768748760223389,
   1.1692914962768555,
   1.195210337638855,
   1.1622360944747925,
   1.2374505996704102,
   1.2433955669403076,
   1.201144814491272,
   1.1663275957107544,
   1.2235448360443115,
   1.1735315322875977,
   1.1787958145141602,
   1.1713570356369019,
   1.1379377841949463,
   1.1338145732879639,
   1.1193304061889648,
   1.0900049209594727,
   1.124637246131897,
   1.171635389328003,
   1.135643720626831,
   1.0804170370101929,
   1.172210454940796,
   1.2165553569793701,
   1.253816843032837,
   1.248788595199585,
   1.317320704460144,
   1.3980151414871216,
   1.2672828435897827,
   1.2492334842681885,
   1.2395737171173096,
   1.2281041145324707,
   1.2170383930206299,
   1.2544376850128174,
   1.2634942531585693,
   1.2680175304412842,
   1.2760157585144043,
   1.298322081565857,
   1.3157312870025635,
   1.3419708013534546,
   1.3414325714111328,
   1.3457999229431152,
   1.3249177932739258,
   1.3221057653427124,
   1.3479286432266235,
   1.3132412433624268
  ],
  "phase_consistency_across_units": [
   0.028525233268737793,
   0.02001221664249897,
   0.03395161032676697,
   0.03689589351415634,
   0.033100709319114685,
   0.04551967605948448,
   0.04903388023376465,
   0.05658978968858719,
   0.04996255040168762,
   0.05514047294855118,
   0.04700129106640816,
   0.04960758611559868,
   0.04696083441376686,
   0.0435161255300045,
   0.03729648143053055,
   0.034339673817157745,
   0.037215638905763626,
   0.028009288012981415,
   0.03376096114516258,
   0.0372130312025547,
   0.029744941741228104,
   0.03644758462905884,
   0.020126091316342354,
   0.023108262568712234,
   0.006453847978264093,
   0.007317729294300079,
   0.022880977019667625,
   0.012375292368233204,
   0.007070594467222691,
   0.008877787739038467,
   0.007108618505299091,
   0.009130910038948059,
   0.020290452986955643,
   0.015110564418137074,
   0.01554812677204609,
   0.025652535259723663,
   0.029936404898762703,
   0.01181786973029375,
   0.01628716103732586,
   0.022696761414408684,
   0.022469710558652878,
   0.013528523035347462,
   0.032174065709114075,
   0.03754536062479019,
   0.034594446420669556,
   0.01893753558397293,
   0.013006364926695824,
   0.0228801891207695,
   0.020607922226190567,
   0.014565223827958107,
   0.01330981682986021,
   0.023225639015436172,
   0.030290883034467697,
   0.01832597702741623,
   0.019294768571853638,
   0.01656414195895195,
   0.021782003343105316,
   0.01117843296378851,
   0.012319263070821762,
   0.02622557058930397,
   0.020287882536649704,
   0.03141646087169647
  ],
  "freq_mean": [
   0.12681643664836884,
   0.04743135720491409,
   0.144236221909523,
   0.038785725831985474,
   0.14486345648765564,
   0.07351446151733398,
   0.13913169503211975,
   0.06321455538272858,
   0.14010509848594666,
   0.07576383650302887,
   0.1042722836136818,
   0.07768212258815765,
   0.10614441335201263,
   0.10981263965368271,
   0.15974161028862,
   0.08805058896541595,
   0.14561507105827332,
   0.09674564003944397,
   0.17911314964294434,
   0.1330907642841339,
   0.1670037806034088,
   0.10662412643432617,
   0.2747136056423187,
   0.18607307970523834,
   0.16867569088935852,
   0.18517348170280457,
   0.2504732310771942,
   0.1471061408519745,
   0.22024473547935486,
   0.1590045839548111,
   0.19500859081745148,
   0.1850971281528473,
   0.16926440596580505,
   0.14665231108665466,
   0.21095697581768036,
   0.2348875105381012,
   0.13717396557331085,
   0.15804049372673035,
   0.22224397957324982,
   0.22523453831672668,
   0.230821892619133,
   0.19333921372890472,
   0.31776556372642517,
   0.26908308267593384,
   0.1661100834608078,
   0.2180076539516449,
   0.1968199461698532,
   0.2026766538619995,
   0.21304769814014435,
   0.22505736351013184,
   0.2596983015537262,
   0.20057335495948792,
   0.2598763108253479,
   0.20984753966331482,
   0.3098572790622711,
   0.22424209117889404,
   0.3018558919429779,
   0.2611709535121918,
   0.2939424514770508,
   0.235788494348526,
   0.5396955609321594
  ],
  "freq_deviation_abs_mean": [
   0.34739869832992554,
   0.22268076241016388,
   0.23532314598560333,
   0.24259492754936218,
   0.23034076392650604,
   0.2242099791765213,
   0.23230433464050293,
   0.23786552250385284,
   0.24143366515636444,
   0.2428087294101715,
   0.2288881242275238,
   0.24712936580181122,
   0.24105051159858704,
   0.27044862508773804,
   0.2946876883506775,
   0.31039148569107056,
   0.26138928532600403,
   0.2961105704307556,
   0.3247276246547699,
   0.3709561228752136,
   0.33423811197280884,
   0.358879417181015,
   0.382318377494812,
   0.3994899094104767,
   0.3298715651035309,
   0.3546921908855438,
   0.37119847536087036,
   0.4004172682762146,
   0.3327316641807556,
   0.3312613368034363,
   0.33574479818344116,
   0.34493663907051086,
   0.3668880760669708,
   0.3674137592315674,
   0.36139312386512756,
   0.36249592900276184,
   0.31641048192977905,
   0.3384785056114197,
   0.3875496983528137,
   0.37355536222457886,
   0.3563167452812195,
   0.41216880083084106,
   0.3980575203895569,
   0.352225661277771,
   0.33604615926742554,
   0.32732969522476196,
   0.3509906828403473,
   0.3549598455429077,
   0.3692161440849304,
   0.3562588095664978,
   0.351998507976532,
   0.39365458488464355,
   0.39749690890312195,
   0.4087755084037781,
   0.3831486105918884,
   0.3983447551727295,
   0.3815005421638489,
   0.4282911419868469,
   0.44000568985939026,
   0.47810983657836914,
   0.4256552755832672
  ],