{
 "position": 34,
 "sequence_aa": "G",
 "substrate_file": "/Users/djbray/Desktop/esm2/esm2_substrate_facebook_esm2_t33_650M_UR50D/substrate.npz",
 "n_sublayers": 62,
 "n_units": 1280,
 "depth_profiles": {
  "amp_mean": [
   9.577460289001465,
   5.231226444244385,
   5.3633012771606445,
   4.187859535217285,
   4.2476959228515625,
   3.647636890411377,
   3.712625026702881,
   3.327801465988159,
   3.363248348236084,
   3.142303466796875,
   3.188660144805908,
   3.0167667865753174,
   3.1208486557006836,
   2.998760223388672,
   3.170297145843506,
   3.084712266921997,
   3.1836130619049072,
   3.13010573387146,
   3.3582122325897217,
   3.295309066772461,
   3.5487091541290283,
   3.5215137004852295,
   3.60493540763855,
   3.6580448150634766,
   3.839277744293213,
   3.9465324878692627,
   4.095632553100586,
   4.264462471008301,
   4.010860443115234,
   3.976383924484253,
   3.9307799339294434,
   4.056435585021973,
   3.99906849861145,
   4.098506927490234,
   4.074112892150879,
   4.235101699829102,
   4.321434497833252,
   4.418837070465088,
   4.6556220054626465,
   4.949226379394531,
   4.956977844238281,
   5.073033809661865,
   5.204253196716309,
   5.181273460388184,
   5.133720397949219,
   5.154373645782471,
   5.2551751136779785,
   5.361091613769531,
   5.402310371398926,
   5.303563594818115,
   5.7031660079956055,
   5.585335731506348,
   5.555118560791016,
   5.592947959899902,
   5.709142208099365,
   5.908290863037109,
   6.011087417602539,
   6.32590389251709,
   6.585348606109619,
   7.40704345703125,
   7.836676120758057,
   11.081985473632812
  ],
  "amp_modulation_mean": [
   1.0990560054779053,
   1.0900812149047852,
   1.0983392000198364,
   1.0829541683197021,
   1.0900307893753052,
   1.0815110206604004,
   1.086090326309204,
   1.0790858268737793,
   1.0816289186477661,
   1.0825482606887817,
   1.0769522190093994,
   1.071221113204956,
   1.0884641408920288,
   1.0796045064926147,
   1.1054484844207764,
   1.109600305557251,
   1.097963571548462,
   1.1031285524368286,
   1.1084678173065186,
   1.1082364320755005,
   1.149902582168579,
   1.1331580877304077,
   1.0918917655944824,
   1.0965397357940674,
   1.1225090026855469,
   1.118363380432129,
   1.1452524662017822,
   1.1461468935012817,
   1.0814779996871948,
   1.0467822551727295,
   1.0108245611190796,
   1.002963662147522,
   0.9975994229316711,
   0.9879533648490906,
   0.9832183718681335,
   1.0078238248825073,
   1.0098190307617188,
   1.00197172164917,
   1.0431251525878906,
   1.0996267795562744,
   1.0951855182647705,
   1.1052696704864502,
   1.1152249574661255,
   1.0903294086456299,
   1.0679737329483032,
   1.0697870254516602,
   1.0751606225967407,
   1.0966663360595703,
   1.084771990776062,
   1.0641756057739258,
   1.109177827835083,
   1.0821740627288818,
   1.0484777688980103,
   1.0473601818084717,
   1.0353177785873413,
   1.0469105243682861,
   1.0257689952850342,
   1.0278904438018799,
   1.0188089609146118,
   1.0697665214538574,
   1.0548183917999268,
   1.069211721420288
  ],
  "phase_consistency_across_units": [
   0.008373725228011608,
   0.01702435314655304,
   0.02332027070224285,
   0.028046470135450363,
   0.02413308247923851,
   0.03786543756723404,
   0.039435725659132004,
   0.04652347043156624,
   0.05334314703941345,
   0.055306192487478256,
   0.04813084378838539,
   0.03646503761410713,
   0.03184590861201286,
   0.026055190712213516,
   0.036794643849134445,
   0.0194037277251482,
   0.03951891511678696,
   0.019333260133862495,
   0.018664516508579254,
   0.02554412931203842,
   0.03701552003622055,
   0.044902876019477844,
   0.020179383456707,
   0.023168083280324936,
   0.025118546560406685,
   0.03766024857759476,
   0.024326641112565994,
   0.03544093668460846,
   0.04475938528776169,
   0.035968419164419174,
   0.032102130353450775,
   0.03071337193250656,
   0.030802913010120392,
   0.039809249341487885,
   0.025938360020518303,
   0.02162638120353222,
   0.011976876296103,
   0.016583098098635674,
   0.022389668971300125,
   0.012297957204282284,
   0.012294367887079716,
   0.006995555479079485,
   0.012406719848513603,
   0.0050670248456299305,
   0.018481586128473282,
   0.014737233519554138,
   0.01996777206659317,
   0.011450093239545822,
   0.020111601799726486,
   0.023195363581180573,
   0.017773576080799103,
   0.025364644825458527,
   0.021027179434895515,
   0.020795658230781555,
   0.014317273162305355,
   0.02387639880180359,
   0.026830246672034264,
   0.023699022829532623,
   0.02307904325425625,
   0.020454132929444313,
   0.010112396441400051,
   0.006032572593539953
  ],
  "freq_mean": [
   0.18122835457324982,
   0.032951049506664276,
   0.17529606819152832,
   0.04239735007286072,
   0.15924997627735138,
   0.05729562044143677,
   0.1522165983915329,
   0.051003456115722656,
   0.14057457447052002,
   0.07829119265079498,
   0.12660610675811768,
   0.07914700359106064,
   0.13794462382793427,
   0.10417748987674713,
   0.19156770408153534,
   0.09058455377817154,
   0.16395637392997742,
   0.14461976289749146,
   0.21121613681316376,
   0.1472354680299759,
   0.27107664942741394,
   0.15880854427814484,
   0.22190842032432556,
   0.15279808640480042,
   0.23533277213573456,
   0.16891911625862122,
   0.271239697933197,
   0.21714982390403748,
   0.18167254328727722,
   0.16081972420215607,
   0.20082207024097443,
   0.20570144057273865,
   0.18829922378063202,
   0.1665499061346054,
   0.18884333968162537,
   0.20397667586803436,
   0.18354341387748718,
   0.18457695841789246,
   0.23940567672252655,
   0.24650678038597107,
   0.21485528349876404,
   0.23620720207691193,
   0.25462064146995544,
   0.21714317798614502,
   0.21772341430187225,
   0.20624585449695587,
   0.2111535370349884,
   0.2555676996707916,
   0.1928405910730362,
   0.25072020292282104,
   0.3097492754459381,
   0.18379583954811096,
   0.22751832008361816,
   0.2029007375240326,
   0.26464247703552246,
   0.18420442938804626,
   0.27985572814941406,
   0.18456923961639404,
   0.34860292077064514,
   0.2251836359500885,
   0.5077522397041321
  ],
  "freq_deviation_abs_mean": [
   0.34596800804138184,
   0.22336283326148987,
   0.23564346134662628,
   0.24513454735279083,
   0.24785009026527405,
   0.2415430247783661,
   0.22596196830272675,
   0.23565220832824707,
   0.22408685088157654,
   0.2432986944913864,
   0.2459094524383545,
   0.27513647079467773,
   0.2637118995189667,
   0.3110899031162262,
   0.32486802339553833,
   0.3291517496109009,
   0.2974820137023926,
   0.36135515570640564,
   0.3639337420463562,
   0.3887936472892761,
   0.3871798515319824,
   0.42117562890052795,
   0.3637687563896179,
   0.39854392409324646,
   0.3444213271141052,
   0.37640151381492615,
   0.3851085305213928,
   0.3824494481086731,
   0.3554076552391052,
   0.3375430703163147,
   0.3463156819343567,
   0.36333519220352173,
   0.36645030975341797,
   0.37043607234954834,
   0.3567425310611725,
   0.3723158836364746,
   0.34293752908706665,
   0.35897669196128845,
   0.3997853100299835,
   0.3715048134326935,
   0.3850836157798767,
   0.40189623832702637,
   0.3943827748298645,
   0.4081224501132965,
   0.38789719343185425,
   0.37558048963546753,
   0.37733298540115356,
   0.3618532419204712,
   0.38889190554618835,
   0.41289082169532776,
   0.4154192805290222,
   0.4233672022819519,
   0.3762167990207672,
   0.3878285586833954,
   0.37287044525146484,
   0.39145922660827637,
   0.38552579283714294,
   0.4334188997745514,
   0.39728623628616333,
   0.4833455979824066,
   0.4593620300292969
  ]
 },
 "top_units_by_amp_modulation_max": [
  {
   "unit": 980,
   "max_amp_mod": 4.8550801277160645,
   "argmax_sublayer": 0
  },
  {
   "unit": 154,
   "max_amp_mod": 4.559908390045166,
   "argmax_sublayer": 1
  },
  {
   "unit": 1204,
   "max_amp_mod": 4.161407470703125,
   "argmax_sublayer": 20
  },
  {
   "unit": 818,
   "max_amp_mod": 4.147314548492432,
   "argmax_sublayer": 0
  },
  {
   "unit": 814,
   "max_amp_mod": 4.0741987228393555,