{
 "position": 18,
 "sequence_aa": "P",
 "substrate_file": "/home/dbrayjr5/esm2-osc/esm2_substrate_facebook_esm2_t33_650M_UR50D/substrate.npz",
 "n_sublayers": 62,
 "n_units": 1280,
 "validity_floor": {
  "quantile": 0.1,
  "absolute_value": 2.7328476905822754,
  "n_valid_cells": 71424,
  "n_total_cells": 79360,
  "fraction_valid": 0.9
 },
 "depth_profiles": {
  "amp_modulation_mean": [
   1.1476510763168335,
   1.1328405141830444,
   1.1418654918670654,
   1.1181877851486206,
   1.1367696523666382,
   1.1229832172393799,
   1.1264474391937256,
   1.111818552017212,
   1.1105905771255493,
   1.111823320388794,
   1.116700530052185,
   1.11098313331604,
   1.1192840337753296,
   1.1081421375274658,
   1.1532788276672363,
   1.1367340087890625,
   1.1635805368423462,
   1.196947693824768,
   1.1888020038604736,
   1.1842864751815796,
   1.182690978050232,
   1.1600394248962402,
   1.1812200546264648,
   1.1984138488769531,
   1.1616421937942505,
   1.1597874164581299,
   1.0966516733169556,
   1.0594654083251953,
   1.039069414138794,
   1.0193055868148804,
   0.991176962852478,
   0.976559042930603,
   0.9825308918952942,
   0.9563499689102173,
   1.0381146669387817,
   1.078964114189148,
   1.0658249855041504,
   1.097477674484253,
   1.1159240007400513,
   1.2410236597061157,
   1.1891107559204102,
   1.10591721534729,
   1.1219559907913208,
   1.0818029642105103,
   1.1129848957061768,
   1.1300650835037231,
   1.0926148891448975,
   1.0872576236724854,
   1.0803747177124023,
   1.0760093927383423,
   1.0689737796783447,
   1.0956919193267822,
   1.0896157026290894,
   1.1202733516693115,
   1.1192169189453125,
   1.0988614559173584,
   1.0930618047714233,
   1.1426879167556763,
   1.1233370304107666,
   1.1444088220596313,
   1.1359144449234009,
   1.1185388565063477
  ],
  "amp_modulation_mean_valid_only": [
   1.1476510763168335,
   1.1328405141830444,
   1.1418654918670654,
   1.1181877851486206,
   1.1367696523666382,
   1.123970866203308,
   1.1264474391937256,
   1.1214814186096191,
   1.1108601093292236,
   1.1253342628479004,
   1.1237655878067017,
   1.1242237091064453,
   1.1040624380111694,
   1.1019890308380127,
   1.142625093460083,
   1.1250189542770386,
   1.145313024520874,
   1.1680291891098022,
   1.1721923351287842,
   1.1818046569824219,
   1.1818281412124634,
   1.1606600284576416,
   1.1812200546264648,
   1.1984138488769531,
   1.1616421937942505,
   1.1597874164581299,
   1.0966516733169556,
   1.0594654083251953,
   1.039069414138794,
   1.0193055868148804,
   0.991176962852478,
   0.976559042930603,
   0.9825308918952942,
   0.9563499689102173,
   1.0381146669387817,
   1.078964114189148,
   1.0658249855041504,
   1.097477674484253,
   1.1159240007400513,
   1.2410236597061157,
   1.1891107559204102,
   1.10591721534729,
   1.1219559907913208,
   1.0818029642105103,
   1.1129848957061768,
   1.1300650835037231,
   1.0926148891448975,
   1.0872576236724854,
   1.0803747177124023,
   1.0760093927383423,
   1.0689737796783447,
   1.0956919193267822,
   1.0896157026290894,
   1.1202733516693115,
   1.1192169189453125,
   1.0988614559173584,
   1.0930618047714233,
   1.1426879167556763,
   1.1233370304107666,
   1.1444088220596313,
   1.1359144449234009,
   1.1185388565063477
  ],
  "phase_consistency_across_units": [
   0.01625789701938629,
   0.02013087272644043,
   0.029246123507618904,
   0.026712749153375626,
   0.034287553280591965,
   0.03589371219277382,
   0.030853264033794403,
   0.03693182393908501,
   0.014981312677264214,
   0.017376484349370003,
   0.0080407140776515,
   0.02234736457467079,
   0.006887240335345268,
   0.004333931487053633,
   0.0169918742030859,
   0.004351221490651369,
   0.0036046444438397884,
   0.019219979643821716,
   0.01072324812412262,
   0.018874844536185265,
   0.008584540337324142,
   0.014589051716029644,
   0.007145313546061516,
   0.016502102836966515,
   0.014541362412273884,
   0.01661452278494835,
   0.03443705663084984,
   0.023596854880452156,
   0.028392696753144264,
   0.024425296112895012,
   0.02234707772731781,
   0.023829219862818718,
   0.026166025549173355,
   0.03436743840575218,
   0.01854221522808075,
   0.0136498361825943,
   0.014673098921775818,
   0.029425999149680138,
   0.026047691702842712,
   0.026533961296081543,
   0.008663713000714779,
   0.01768179051578045,
   0.02144787646830082,
   0.02229265868663788,
   0.020203622058033943,
   0.014048382639884949,
   0.012283075600862503,
   0.00837086420506239,
   0.006918160244822502,
   0.023533010855317116,
   0.01066424697637558,
   0.0014379125786945224,
   0.01819140650331974,
   0.012121204286813736,
   0.01475378405302763,
   0.007167219650000334,
   0.0040563736110925674,
   0.009856978431344032,
   0.0029158499091863632,
   0.015619350597262383,
   0.007619854062795639,
   0.014818140305578709
  ],
  "freq_mean": [
   0.19834402203559875,
   0.030106747522950172,
   0.1662771850824356,
   0.05315747857093811,
   0.16804471611976624,
   0.057375408709049225,
   0.16771243512630463,
   0.03166099637746811,
   0.11828011274337769,
   0.06348517537117004,
   0.13230256736278534,
   0.0731443539261818,
   0.11490633338689804,
   0.10945945978164673,
   0.19767943024635315,
   0.09541066735982895,
   0.2413773089647293,
   0.16850335896015167,
   0.24901115894317627,
   0.16325585544109344,
   0.23173800110816956,
   0.12417938560247421,
   0.28307661414146423,
   0.1702442616224289,
   0.2458859384059906,
   0.19229921698570251,
   0.1899625062942505,
   0.17019477486610413,
   0.18118837475776672,
   0.16840820014476776,
   0.15706685185432434,
   0.1664358675479889,
   0.13018032908439636,
   0.14640572667121887,
   0.24823430180549622,
   0.15316687524318695,
   0.20664601027965546,
   0.21465806663036346,
   0.24920228123664856,
   0.3310878574848175,
   0.18032781779766083,
   0.19239342212677002,
   0.19984585046768188,
   0.1766466498374939,
   0.2873471677303314,
   0.23550200462341309,
   0.2162279337644577,
   0.21382386982440948,
   0.20228683948516846,
   0.18904408812522888,
   0.2187674343585968,
   0.21645888686180115,
   0.22985145449638367,
   0.23238034546375275,
   0.2928953170776367,
   0.15848374366760254,
   0.2947838306427002,
   0.24127891659736633,
   0.3093264698982239,
   0.20209312438964844,
   0.49711617827415466
  ],
  "freq_deviation_abs_mean": [
   0.34508997201919556,
   0.21960575878620148,
   0.2409251630306244,
   0.2307203710079193,
   0.22304511070251465,
   0.22779874503612518,
   0.2313002645969391,
   0.2580294907093048,
   0.2303914576768875,
   0.24660234153270721,
   0.2246360331773758,
   0.257464200258255,
   0.2419583797454834,
   0.29509416222572327,
   0.3224406838417053,
   0.36646920442581177,
   0.34889790415763855,
   0.42509859800338745,
   0.3706679940223694,
   0.39257198572158813,
   0.36571961641311646,
   0.40607190132141113,
   0.409975528717041,
   0.3867599666118622,
   0.3505430221557617,
   0.3938743472099304,
   0.37326470017433167,
   0.35034745931625366,
   0.3174766004085541,
   0.3172714114189148,
   0.34621506929397583,
   0.3425976037979126,
   0.3191728889942169,
   0.34091511368751526,
   0.3664822578430176,
   0.36004358530044556,
   0.3444104790687561,
   0.36983722448349,
   0.41742315888404846,
   0.39069509506225586,
   0.34095439314842224,
   0.3512236177921295,
   0.3528539538383484,
   0.3505924344062805,
   0.3612930476665497,
   0.4147738516330719,
   0.3767128884792328,
   0.36319205164909363,
   0.350864976644516,
   0.3649296462535858,
   0.3692665994167328,
   0.38321730494499207,
   0.4202019274234772,
   0.42671599984169006,
   0.38289880752563477,
   0.45157748460769653,
   0.4268679618835449,
   0.4366324543952942,
   0.40884965658187866,
   0.46333009004592896,
   0.4505508542060852
  ],