{
 "position": 52,
 "sequence_aa": "G",
 "substrate_file": "/home/dbrayjr5/esm2-osc/esm2_substrate_facebook_esm2_t33_650M_UR50D/substrate.npz",
 "n_sublayers": 62,
 "n_units": 1280,
 "validity_floor": {
  "quantile": 0.1,
  "absolute_value": 2.7328476905822754,
  "n_valid_cells": 71424,
  "n_total_cells": 79360,
  "fraction_valid": 0.9
 },
 "depth_profiles": {
  "amp_modulation_mean": [
   1.2284212112426758,
   1.218008041381836,
   1.2276979684829712,
   1.2061296701431274,
   1.2169063091278076,
   1.1938450336456299,
   1.2037208080291748,
   1.18890380859375,
   1.190614938735962,
   1.1718344688415527,
   1.1680914163589478,
   1.156334638595581,
   1.1739495992660522,
   1.1626031398773193,
   1.1927635669708252,
   1.1786044836044312,
   1.1837222576141357,
   1.1612131595611572,
   1.1685583591461182,
   1.1643235683441162,
   1.168068289756775,
   1.1408162117004395,
   1.17046058177948,
   1.159391164779663,
   1.133807897567749,
   1.1171761751174927,
   1.1439069509506226,
   1.1109555959701538,
   1.1161444187164307,
   1.116756796836853,
   1.08688485622406,
   1.0602495670318604,
   1.085523247718811,
   1.0764529705047607,
   1.1222498416900635,
   1.1767628192901611,
   1.1488310098648071,
   1.1080758571624756,
   1.16023850440979,
   1.1899144649505615,
   1.2225803136825562,
   1.2759846448898315,
   1.3765407800674438,
   1.487499475479126,
   1.3781204223632812,
   1.4118661880493164,
   1.3535274267196655,
   1.332692265510559,
   1.3609695434570312,
   1.3015562295913696,
   1.323325753211975,
   1.3114217519760132,
   1.2677555084228516,
   1.2700318098068237,
   1.286487340927124,
   1.3186113834381104,
   1.2639039754867554,
   1.2500323057174683,
   1.2439390420913696,
   1.256669044494629,
   1.2392981052398682,
   1.2150331735610962
  ],
  "amp_modulation_mean_valid_only": [
   1.2284212112426758,
   1.218008041381836,
   1.2276979684829712,
   1.2061296701431274,
   1.2169063091278076,
   1.1944694519042969,
   1.2037208080291748,
   1.1922212839126587,
   1.194063663482666,
   1.1670222282409668,
   1.149412751197815,
   1.1497970819473267,
   1.1549559831619263,
   1.1621078252792358,
   1.1829383373260498,
   1.159615159034729,
   1.184718370437622,
   1.1563236713409424,
   1.174820065498352,
   1.1673648357391357,
   1.1703375577926636,
   1.1419878005981445,
   1.17046058177948,
   1.159391164779663,
   1.133807897567749,
   1.1171761751174927,
   1.1439069509506226,
   1.1109555959701538,
   1.1161444187164307,
   1.116756796836853,
   1.08688485622406,
   1.0602495670318604,
   1.085523247718811,
   1.0764529705047607,
   1.1222498416900635,
   1.1767628192901611,
   1.1488310098648071,
   1.1080758571624756,
   1.16023850440979,
   1.1899144649505615,
   1.2225803136825562,
   1.2759846448898315,
   1.3765407800674438,
   1.487499475479126,
   1.3781204223632812,
   1.4118661880493164,
   1.3535274267196655,
   1.332692265510559,
   1.3609695434570312,
   1.3015562295913696,
   1.323325753211975,
   1.3114217519760132,
   1.2677555084228516,
   1.2700318098068237,
   1.286487340927124,
   1.3186113834381104,
   1.2639039754867554,
   1.2500323057174683,
   1.2439390420913696,
   1.256669044494629,
   1.2392981052398682,
   1.2150331735610962
  ],
  "phase_consistency_across_units": [
   0.006625593174248934,
   0.02670382522046566,
   0.02300887368619442,
   0.028434516862034798,
   0.0238253865391016,
   0.04129282385110855,
   0.03332977369427681,
   0.04086825251579285,
   0.034078653901815414,
   0.04495413601398468,
   0.034902606159448624,
   0.043408047407865524,
   0.04010932147502899,
   0.03445854038000107,
   0.03890222683548927,
   0.03103693388402462,
   0.03596741333603859,
   0.021063311025500298,
   0.0260133258998394,
   0.025406019762158394,
   0.011896022595465183,
   0.022921303287148476,
   0.01262265257537365,
   0.021841177716851234,
   0.010103926993906498,
   0.001614021835848689,
   0.014508360996842384,
   0.013852679170668125,
   0.007359842769801617,
   0.008155175484716892,
   0.0056828698143363,
   0.01621609926223755,
   0.010195460170507431,
   0.015147821977734566,
   0.0287779550999403,
   0.022894561290740967,
   0.028340499848127365,
   0.020654039457440376,
   0.02320902608335018,
   0.019319681450724602,
   0.016988586634397507,
   0.025371147319674492,
   0.0149485869333148,
   0.012340073473751545,
   0.015688395127654076,
   0.006352496333420277,
   0.0016454019350931048,
   0.007775655947625637,
   0.014721485786139965,
   0.007913743145763874,
   0.01125304214656353,
   0.007451214361935854,
   0.010989299044013023,
   0.010368279181420803,
   0.008911896497011185,
   0.011453197337687016,
   0.013123629614710808,
   0.01720399409532547,
   0.019033905118703842,
   0.007645398378372192,
   0.027810335159301758,
   0.026764944195747375
  ],
  "freq_mean": [
   0.16508418321609497,
   0.04568944498896599,
   0.1414165198802948,
   0.04976148158311844,
   0.14639966189861298,
   0.05261349678039551,
   0.1528097540140152,
   0.046010129153728485,
   0.10613314807415009,
   0.062296319752931595,
   0.09705929458141327,
   0.08640768378973007,
   0.1146664246916771,
   0.11228527873754501,
   0.16780395805835724,
   0.09699435532093048,
   0.17028383910655975,
   0.09151508659124374,
   0.22299155592918396,
   0.1380092203617096,
   0.19842949509620667,
   0.12504971027374268,
   0.26688510179519653,
   0.1659785658121109,
   0.19740751385688782,
   0.1392073631286621,
   0.22657839953899384,
   0.15803447365760803,
   0.20423009991645813,
   0.19835305213928223,
   0.1922716200351715,
   0.15110571682453156,
   0.17617356777191162,
   0.14591515064239502,
   0.2563490867614746,
   0.2366054803133011,
   0.17548421025276184,
   0.16785115003585815,
   0.20658902823925018,
   0.1865972876548767,
   0.22144444286823273,
   0.20206651091575623,
   0.3394949436187744,
   0.3258552551269531,
   0.1966795027256012,
   0.2974647581577301,
   0.15061993896961212,
   0.28032779693603516,
   0.18359097838401794,
   0.19681809842586517,
   0.27571335434913635,
   0.21347041428089142,
   0.22654767334461212,
   0.22507742047309875,
   0.2994360029697418,
   0.2372473180294037,
   0.2892967164516449,
   0.2422088086605072,
   0.3617474138736725,
   0.2271965742111206,
   0.5505221486091614
  ],
  "freq_deviation_abs_mean": [
   0.3433641493320465,
   0.22993871569633484,
   0.2587415277957916,
   0.24682922661304474,
   0.23687557876110077,
   0.22385554015636444,
   0.2320716381072998,
   0.24411506950855255,
   0.21671807765960693,
   0.22747091948986053,
   0.21980345249176025,
   0.24236145615577698,
   0.24543985724449158,
   0.2902335226535797,
   0.3248586058616638,
   0.3352482318878174,
   0.2750251889228821,
   0.3119404911994934,
   0.33676570653915405,
   0.3798784613609314,
   0.34099704027175903,
   0.3832259774208069,
   0.37045806646347046,
   0.39888396859169006,
   0.3504347801208496,
   0.38892802596092224,
   0.35916391015052795,
   0.36495035886764526,
   0.3533739447593689,
   0.3389979600906372,
   0.3427277207374573,
   0.3356197774410248,
   0.3566998243331909,
   0.37133198976516724,
   0.36027541756629944,
   0.38337603211402893,
   0.34062081575393677,
   0.36571845412254333,
   0.3632805347442627,
   0.36648088693618774,
   0.38845109939575195,
   0.4467201828956604,
   0.4405575692653656,
   0.3757208585739136,
   0.41190338134765625,
   0.35677164793014526,
   0.3801630437374115,
   0.3698808550834656,
   0.38071268796920776,
   0.38674625754356384,
   0.4020441174507141,
   0.3904857039451599,
   0.41198015213012695,
   0.45753830671310425,
   0.46521371603012085,
   0.4593590795993805,
   0.41158729791641235,
   0.4527973532676697,
   0.4224441647529602,
   0.5067693591117859,
   0.4537607729434967
  ],