{
 "position": 54,
 "sequence_aa": "T",
 "substrate_file": "/home/dbrayjr5/esm2-osc/esm2_substrate_facebook_esm2_t33_650M_UR50D/substrate.npz",
 "n_sublayers": 62,
 "n_units": 1280,
 "validity_floor": {
  "quantile": 0.1,
  "absolute_value": 2.7328476905822754,
  "n_valid_cells": 71424,
  "n_total_cells": 79360,
  "fraction_valid": 0.9
 },
 "depth_profiles": {
  "amp_modulation_mean": [
   1.2477240562438965,
   1.2185773849487305,
   1.2217191457748413,
   1.193050503730774,
   1.1986753940582275,
   1.1865551471710205,
   1.1848564147949219,
   1.176018476486206,
   1.1775901317596436,
   1.1618064641952515,
   1.1675113439559937,
   1.1520370244979858,
   1.1640228033065796,
   1.1535981893539429,
   1.1848448514938354,
   1.1617639064788818,
   1.1538591384887695,
   1.146836519241333,
   1.1603835821151733,
   1.169811487197876,
   1.1849790811538696,
   1.1458791494369507,
   1.2048299312591553,
   1.228006362915039,
   1.214625597000122,
   1.1996026039123535,
   1.1730197668075562,
   1.1486202478408813,
   1.1374671459197998,
   1.141735315322876,
   1.119508147239685,
   1.0994579792022705,
   1.1130473613739014,
   1.105939507484436,
   1.1220273971557617,
   1.153181791305542,
   1.1065127849578857,
   1.0461708307266235,
   1.1134703159332275,
   1.1443936824798584,
   1.159783124923706,
   1.1864114999771118,
   1.1316536664962769,
   1.138466477394104,
   1.143132209777832,
   1.1584924459457397,
   1.1647247076034546,
   1.1932638883590698,
   1.2426068782806396,
   1.2772639989852905,
   1.2794179916381836,
   1.4030197858810425,
   1.4281294345855713,
   1.4565328359603882,
   1.441423773765564,
   1.321459174156189,
   1.3416064977645874,
   1.3708522319793701,
   1.3216580152511597,
   1.2765405178070068,
   1.292570948600769,
   1.2659428119659424
  ],
  "amp_modulation_mean_valid_only": [
   1.2477240562438965,
   1.2185773849487305,
   1.2217191457748413,
   1.193050503730774,
   1.1986753940582275,
   1.1869888305664062,
   1.1848564147949219,
   1.1813609600067139,
   1.1733044385910034,
   1.1219749450683594,
   1.1339112520217896,
   1.130995273590088,
   1.131345272064209,
   1.1111974716186523,
   1.1605339050292969,
   1.1469701528549194,
   1.1416760683059692,
   1.134790062904358,
   1.15326988697052,
   1.1593388319015503,
   1.1833627223968506,
   1.1486684083938599,
   1.2048299312591553,
   1.228006362915039,
   1.214625597000122,
   1.1996026039123535,
   1.1730197668075562,
   1.1486202478408813,
   1.1374671459197998,
   1.141735315322876,
   1.119508147239685,
   1.0994579792022705,
   1.1130473613739014,
   1.105939507484436,
   1.1220273971557617,
   1.153181791305542,
   1.1065127849578857,
   1.0461708307266235,
   1.1134703159332275,
   1.1443936824798584,
   1.159783124923706,
   1.1864114999771118,
   1.1316536664962769,
   1.138466477394104,
   1.143132209777832,
   1.1584924459457397,
   1.1647247076034546,
   1.1932638883590698,
   1.2426068782806396,
   1.2772639989852905,
   1.2794179916381836,
   1.4030197858810425,
   1.4281294345855713,
   1.4565328359603882,
   1.441423773765564,
   1.321459174156189,
   1.3416064977645874,
   1.3708522319793701,
   1.3216580152511597,
   1.2765405178070068,
   1.292570948600769,
   1.2659428119659424
  ],
  "phase_consistency_across_units": [
   0.0085982671007514,
   0.0015291349263861775,
   0.009293605573475361,
   0.013228664174675941,
   0.011158269830048084,
   0.014548422768712044,
   0.01238880306482315,
   0.017918366938829422,
   0.009617568925023079,
   0.014807921834290028,
   0.017604948952794075,
   0.017111456021666527,
   0.02965601533651352,
   0.016228608787059784,
   0.0350421778857708,
   0.02242014743387699,
   0.028233837336301804,
   0.025396419689059258,
   0.036416132003068924,
   0.040940213948488235,
   0.03486331179738045,
   0.035970788449048996,
   0.03676379472017288,
   0.014263561926782131,
   0.0071519226767122746,
   0.011035404168069363,
   0.023949449881911278,
   0.032257940620183945,
   0.020955968648195267,
   0.023419514298439026,
   0.025130003690719604,
   0.02868855930864811,
   0.01891733519732952,
   0.022792739793658257,
   0.019416198134422302,
   0.01851542294025421,
   0.03016415424644947,
   0.017844710499048233,
   0.02334810420870781,
   0.023716460913419724,
   0.02311730571091175,
   0.01717446558177471,
   0.013574649579823017,
   0.008932096883654594,
   0.018799034878611565,
   0.019284140318632126,
   0.018644141033291817,
   0.017630472779273987,
   0.003772131400182843,
   0.013629857450723648,
   0.015637578442692757,
   0.018164316192269325,
   0.026790888980031013,
   0.02263709157705307,
   0.02566293254494667,
   0.022994818165898323,
   0.017628325149416924,
   0.03464091196656227,
   0.0076362998224794865,
   0.013370931148529053,
   0.009515962563455105,
   0.008008243516087532
  ],
  "freq_mean": [
   0.15884800255298615,
   0.04033401608467102,
   0.1610831767320633,
   0.04600605368614197,
   0.12421341985464096,
   0.05404607579112053,
   0.11715255677700043,
   0.05764191225171089,
   0.11160938441753387,
   0.05831767991185188,
   0.1335197240114212,
   0.05400841683149338,
   0.10780401527881622,
   0.08702179044485092,
   0.16942501068115234,
   0.07088428735733032,
   0.14436103403568268,
   0.10178475081920624,
   0.17178305983543396,
   0.11965388059616089,
   0.17622053623199463,
   0.07001633942127228,
   0.2864968180656433,
   0.20544636249542236,
   0.2402905523777008,
   0.16745904088020325,
   0.19231389462947845,
   0.1652444750070572,
   0.1747446358203888,
   0.17123422026634216,
   0.2066631317138672,
   0.17441609501838684,
   0.20571990311145782,
   0.21214409172534943,
   0.21571843326091766,
   0.2233576774597168,
   0.15061399340629578,
   0.12444555759429932,
   0.2564132809638977,
   0.18739619851112366,
   0.2713240385055542,
   0.23798732459545135,
   0.1797262281179428,
   0.21510708332061768,
   0.20105299353599548,
   0.169936403632164,
   0.18727992475032806,
   0.22362709045410156,
   0.2666705548763275,
   0.1928236484527588,
   0.24045391380786896,
   0.2908201813697815,
   0.29089269042015076,
   0.32345908880233765,
   0.26665565371513367,
   0.20343494415283203,
   0.3418167531490326,
   0.26722264289855957,
   0.3051386773586273,
   0.20345953106880188,
   0.5670387148857117
  ],
  "freq_deviation_abs_mean": [
   0.35925936698913574,
   0.24240152537822723,
   0.26192784309387207,
   0.24600914120674133,
   0.23097750544548035,
   0.22381243109703064,
   0.22906628251075745,
   0.22765688598155975,
   0.2220013439655304,
   0.254725843667984,
   0.2392614632844925,
   0.25491541624069214,
   0.22581294178962708,
   0.26529285311698914,
   0.29881414771080017,
   0.34497958421707153,
   0.2658837139606476,
   0.3055689334869385,
   0.31630295515060425,
   0.34748387336730957,
   0.30494916439056396,
   0.3438571095466614,
   0.33789879083633423,
   0.4055446982383728,
   0.3625621199607849,
   0.36102163791656494,
   0.3624597489833832,
   0.35141733288764954,
   0.3360576927661896,
   0.34393277764320374,
   0.3464488089084625,
   0.36443474888801575,
   0.36534133553504944,
   0.3673659563064575,
   0.37766745686531067,
   0.3821224868297577,
   0.34396952390670776,
   0.3806377947330475,
   0.36316680908203125,
   0.36976736783981323,
   0.3817080557346344,
   0.3683950901031494,
   0.3507346212863922,
   0.35873883962631226,
   0.3687015473842621,
   0.36777013540267944,
   0.36128541827201843,
   0.36572402715682983,
   0.3713601231575012,
   0.42431697249412537,
   0.42525559663772583,
   0.41969823837280273,
   0.40664616227149963,
   0.45424968004226685,
   0.4173364043235779,
   0.41981372237205505,
   0.4054858088493347,
   0.4272378087043762,
   0.40295758843421936,
   0.47676390409469604,
   0.4412115216255188
  ],