{
 "position": 23,
 "sequence_aa": "E",
 "substrate_file": "/Users/djbray/Desktop/esm2/esm2_substrate_facebook_esm2_t33_650M_UR50D/substrate.npz",
 "n_sublayers": 62,
 "n_units": 1280,
 "depth_profiles": {
  "amp_mean": [
   9.593951225280762,
   5.192261695861816,
   5.346350193023682,
   4.137169361114502,
   4.251077175140381,
   3.6496384143829346,
   3.7160019874572754,
   3.3545784950256348,
   3.406158924102783,
   3.170576572418213,
   3.2645351886749268,
   3.080076217651367,
   3.2153122425079346,
   3.113144636154175,
   3.396915912628174,
   3.302488327026367,
   3.684530735015869,
   3.9911980628967285,
   3.9695632457733154,
   3.7127997875213623,
   3.711876392364502,
   3.495556354522705,
   3.5812277793884277,
   3.600813627243042,
   3.615683078765869,
   3.6742470264434814,
   3.567288875579834,
   3.6532065868377686,
   3.5392162799835205,
   3.6037750244140625,
   3.7472922801971436,
   3.814210891723633,
   3.791222333908081,
   3.8331756591796875,
   3.9760990142822266,
   4.162227630615234,
   4.180472373962402,
   4.372949123382568,
   4.329834938049316,
   4.497264862060547,
   4.429670810699463,
   4.371223449707031,
   4.4535088539123535,
   4.473271369934082,
   4.665963649749756,
   4.88765811920166,
   4.826796054840088,
   4.733372211456299,
   4.851779937744141,
   4.804657936096191,
   5.186583518981934,
   5.351125240325928,
   5.573309421539307,
   5.741931915283203,
   5.90664529800415,
   6.127525806427002,
   6.493779182434082,
   7.060186862945557,
   7.2363080978393555,
   7.9137725830078125,
   8.473421096801758,
   11.316794395446777
  ],
  "amp_modulation_mean": [
   1.1039001941680908,
   1.0816709995269775,
   1.0958911180496216,
   1.0681179761886597,
   1.0905330181121826,
   1.08051335811615,
   1.0873117446899414,
   1.0871245861053467,
   1.0959923267364502,
   1.09176504611969,
   1.1029964685440063,
   1.095213770866394,
   1.1228135824203491,
   1.122759222984314,
   1.183978796005249,
   1.1870105266571045,
   1.276593565940857,
   1.4163823127746582,
   1.3179446458816528,
   1.247097134590149,
   1.2048814296722412,
   1.1271404027938843,
   1.083181381225586,
   1.0736668109893799,
   1.0560680627822876,
   1.0398123264312744,
   0.996105968952179,
   0.9771186709403992,
   0.9493595361709595,
   0.9449612498283386,
   0.9613164663314819,
   0.9422515630722046,
   0.9435610771179199,
   0.9211462140083313,
   0.9573688507080078,
   0.9861143827438354,
   0.9715714454650879,
   0.9864446520805359,
   0.9643841981887817,
   0.9948877096176147,
   0.975324273109436,
   0.9506548047065735,
   0.952714741230011,
   0.9392663240432739,
   0.9706325531005859,
   1.0154438018798828,
   0.9888887405395508,
   0.9688636660575867,
   0.9759209752082825,
   0.9646580815315247,
   1.0112946033477783,
   1.0406681299209595,
   1.0567420721054077,
   1.0805367231369019,
   1.0751540660858154,
   1.091500997543335,
   1.1138969659805298,
   1.1555564403533936,
   1.124657392501831,
   1.148876667022705,
   1.146291971206665,
   1.0956337451934814
  ],
  "phase_consistency_across_units": [
   0.021730851382017136,
   0.025743938982486725,
   0.016593724489212036,
   0.03232971206307411,
   0.030510203912854195,
   0.03928793966770172,
   0.02106481045484543,
   0.037140168249607086,
   0.027109095826745033,
   0.033466555178165436,
   0.028458451852202415,
   0.026618408039212227,
   0.03296113386750221,
   0.026674870401620865,
   0.043867576867341995,
   0.026219751685857773,
   0.026016708463430405,
   0.02698427066206932,
   0.040800437331199646,
   0.039316900074481964,
   0.02097494713962078,
   0.0370594747364521,
   0.02727794088423252,
   0.029058704152703285,
   0.01590343937277794,
   0.010843495838344097,
   0.011692244559526443,
   0.014299280941486359,
   0.018930545076727867,
   0.01474495604634285,
   0.0042901309207081795,
   0.005738282576203346,
   0.010690922848880291,
   0.02283715456724167,
   0.010997777804732323,
   0.013243801891803741,
   0.005124636925756931,
   0.007807402405887842,
   0.016705643385648727,
   0.0032093292102217674,
   0.010349472984671593,
   0.015448537655174732,
   0.00992560014128685,
   0.013355529867112637,
   0.007870590314269066,
   0.010298398323357105,
   0.005817299708724022,
   0.01743866130709648,
   0.019763801246881485,
   0.01916280761361122,
   0.01834600605070591,
   0.007011700887233019,
   0.006954484153538942,
   0.008705600164830685,
   0.011591458693146706,
   0.014552908949553967,
   0.008446558378636837,
   0.006722693331539631,
   0.02564045786857605,
   0.012067225761711597,
   0.03401166573166847,
   0.03804904967546463
  ],
  "freq_mean": [
   0.15854041278362274,
   0.05143740773200989,
   0.17262962460517883,
   0.04663311317563057,
   0.14767339825630188,
   0.07925111055374146,
   0.14867368340492249,
   0.07350931316614151,
   0.11415338516235352,
   0.07506124675273895,
   0.12886564433574677,
   0.08385612070560455,
   0.1362265646457672,
   0.09685005247592926,
   0.184763103723526,
   0.09351879358291626,
   0.3192988336086273,
   0.27231359481811523,
   0.2914794683456421,
   0.19241508841514587,
   0.29021936655044556,
   0.15477624535560608,
   0.2684714198112488,
   0.17471623420715332,
   0.2612239122390747,
   0.1925850808620453,
   0.20893582701683044,
   0.16964438557624817,
   0.1462278813123703,
   0.1920231580734253,
   0.25475043058395386,
   0.17990368604660034,
   0.20519933104515076,
   0.16824358701705933,
   0.2127181589603424,
   0.19312863051891327,
   0.25098663568496704,
   0.21174125373363495,
   0.2361508309841156,
   0.2421571910381317,
   0.1779809445142746,
   0.2055058777332306,
   0.20443037152290344,
   0.16794054210186005,
   0.2508723735809326,
   0.2633626461029053,
   0.21454544365406036,
   0.2117881327867508,
   0.20098543167114258,
   0.19569650292396545,
   0.305852472782135,
   0.221869558095932,
   0.26840734481811523,
   0.21274366974830627,
   0.30759337544441223,
   0.2146388590335846,
   0.3426237106323242,
   0.2773441970348358,
   0.32741498947143555,
   0.2793634831905365,
   0.5159648060798645
  ],
  "freq_deviation_abs_mean": [
   0.3480643332004547,
   0.23453864455223083,
   0.25815922021865845,
   0.2559341788291931,
   0.27360013127326965,
   0.253737211227417,
   0.23762266337871552,
   0.24380500614643097,
   0.22399044036865234,
   0.2524079382419586,
   0.23981007933616638,
   0.27487263083457947,
   0.27092888951301575,
   0.33473968505859375,
   0.3405912518501282,
   0.3778461813926697,
   0.40594682097435,
   0.5168035626411438,
   0.4186127781867981,
   0.45927533507347107,
   0.39392533898353577,
   0.448277086019516,
   0.40426358580589294,
   0.41889485716819763,
   0.37289056181907654,
   0.38898056745529175,
   0.36485204100608826,
   0.3494071960449219,
   0.33427339792251587,
   0.350080668926239,
   0.3462787866592407,
   0.3381896913051605,
   0.33116406202316284,
   0.3611578643321991,
   0.38982853293418884,
   0.391145795583725,
   0.35545334219932556,
   0.3668150007724762,
   0.372253954410553,
   0.3921787142753601,
   0.38621577620506287,
   0.36893829703330994,
   0.3737144470214844,
   0.4187905192375183,
   0.39985233545303345,
   0.36286479234695435,
   0.3638981282711029,
   0.39105546474456787,
   0.3778655529022217,
   0.42146748304367065,
   0.42780256271362305,
   0.42931079864501953,
   0.39898180961608887,
   0.4370645582675934,
   0.4167824387550354,
   0.4716137945652008,
   0.4510642886161804,
   0.47385120391845703,
   0.4467252790927887,
   0.5009115934371948,
   0.47506919503211975
  ]
 },
 "top_units_by_amp_modulation_max": [
  {
   "unit": 738,
   "max_amp_mod": 5.170190811157227,
   "argmax_sublayer": 17
  },
  {
   "unit": 804,
   "max_amp_mod": 4.601269245147705,
   "argmax_sublayer": 17
  },
  {
   "unit": 498,
   "max_amp_mod": 4.337062835693359,
   "argmax_sublayer": 19
  },
  {
   "unit": 17,
   "max_amp_mod": 4.248814105987549,
   "argmax_sublayer": 22
  },
  {
   "unit": 112,
   "max_amp_mod": 4.219832897186279,