{
 "position": 14,
 "sequence_aa": "L",
 "substrate_file": "/home/dbrayjr5/esm2-osc/esm2_substrate_facebook_esm2_t33_650M_UR50D/substrate.npz",
 "n_sublayers": 62,
 "n_units": 1280,
 "validity_floor": {
  "quantile": 0.1,
  "absolute_value": 2.7328476905822754,
  "n_valid_cells": 71424,
  "n_total_cells": 79360,
  "fraction_valid": 0.9
 },
 "depth_profiles": {
  "amp_modulation_mean": [
   1.185049057006836,
   1.177315354347229,
   1.185763955116272,
   1.1682263612747192,
   1.1762183904647827,
   1.1629542112350464,
   1.1710180044174194,
   1.1578532457351685,
   1.1810261011123657,
   1.161400556564331,
   1.1669697761535645,
   1.1581425666809082,
   1.1637718677520752,
   1.1490329504013062,
   1.1794712543487549,
   1.1730502843856812,
   1.1627180576324463,
   1.1677343845367432,
   1.1774603128433228,
   1.1804462671279907,
   1.178168535232544,
   1.1620543003082275,
   1.2166922092437744,
   1.2203060388565063,
   1.164440393447876,
   1.1272891759872437,
   1.1916884183883667,
   1.186650276184082,
   1.1743255853652954,
   1.174304485321045,
   1.0860812664031982,
   1.0655786991119385,
   1.0439794063568115,
   1.0049383640289307,
   1.032511591911316,
   1.046778678894043,
   1.0359148979187012,
   1.0356876850128174,
   1.069825530052185,
   1.1180986166000366,
   1.1197706460952759,
   1.1482889652252197,
   1.130815863609314,
   1.0844099521636963,
   1.0640009641647339,
   1.1010156869888306,
   1.1061252355575562,
   1.0853135585784912,
   1.112109899520874,
   1.1612751483917236,
   1.1455869674682617,
   1.100653886795044,
   1.1053907871246338,
   1.1729848384857178,
   1.136272668838501,
   1.0912953615188599,
   1.1651649475097656,
   1.2211318016052246,
   1.1603513956069946,
   1.1519488096237183,
   1.1159833669662476,
   1.146388292312622
  ],
  "amp_modulation_mean_valid_only": [
   1.185049057006836,
   1.177315354347229,
   1.185763955116272,
   1.1682263612747192,
   1.1762183904647827,
   1.1635991334915161,
   1.1710180044174194,
   1.1536099910736084,
   1.174626111984253,
   1.1467922925949097,
   1.1727019548416138,
   1.1194093227386475,
   1.1548740863800049,
   1.1088263988494873,
   1.1643853187561035,
   1.1758904457092285,
   1.1574735641479492,
   1.183625340461731,
   1.171828031539917,
   1.1765546798706055,
   1.1710208654403687,
   1.1521899700164795,
   1.2166922092437744,
   1.2203060388565063,
   1.164440393447876,
   1.1272891759872437,
   1.1916884183883667,
   1.186650276184082,
   1.1743255853652954,
   1.174304485321045,
   1.0860812664031982,
   1.0655786991119385,
   1.0439794063568115,
   1.0049383640289307,
   1.032511591911316,
   1.046778678894043,
   1.0359148979187012,
   1.0356876850128174,
   1.069825530052185,
   1.1180986166000366,
   1.1197706460952759,
   1.1482889652252197,
   1.130815863609314,
   1.0844099521636963,
   1.0640009641647339,
   1.1010156869888306,
   1.1061252355575562,
   1.0853135585784912,
   1.112109899520874,
   1.1612751483917236,
   1.1455869674682617,
   1.100653886795044,
   1.1053907871246338,
   1.1729848384857178,
   1.136272668838501,
   1.0912953615188599,
   1.1651649475097656,
   1.2211318016052246,
   1.1603513956069946,
   1.1519488096237183,
   1.1159833669662476,
   1.146388292312622
  ],
  "phase_consistency_across_units": [
   0.018461083993315697,
   0.01950995810329914,
   0.016694325953722,
   0.024473801255226135,
   0.017884064465761185,
   0.03700036555528641,
   0.02735026180744171,
   0.03192819654941559,
   0.03402276337146759,
   0.04569553956389427,
   0.03541651368141174,
   0.026486201211810112,
   0.03418675437569618,
   0.042590633034706116,
   0.04061894863843918,
   0.02491079457104206,
   0.040545377880334854,
   0.02740512602031231,
   0.036163732409477234,
   0.028330156579613686,
   0.03835957124829292,
   0.054008301347494125,
   0.03182736411690712,
   0.02937193587422371,
   0.03413845971226692,
   0.037749387323856354,
   0.033400170505046844,
   0.019815105944871902,
   0.04168068990111351,
   0.026225116103887558,
   0.02008388750255108,
   0.025716064497828484,
   0.029342856258153915,
   0.02026609145104885,
   0.011675949208438396,
   0.016287781298160553,
   0.022186007350683212,
   0.023780573159456253,
   0.015281807631254196,
   0.014568855054676533,
   0.017577385529875755,
   0.01939314790070057,
   0.01720983162522316,
   0.012824653647840023,
   0.023126212880015373,
   0.023606261238455772,
   0.018728362396359444,
   0.02758617512881756,
   0.025602487847208977,
   0.03166292607784271,
   0.032569386065006256,
   0.017337901517748833,
   0.030983369797468185,
   0.028848223388195038,
   0.022486617788672447,
   0.01924939826130867,
   0.025530748069286346,
   0.01601375639438629,
   0.006185805890709162,
   0.025309249758720398,
   0.0019051625858992338,
   0.011199808679521084
  ],
  "freq_mean": [
   0.1503896713256836,
   0.013101640157401562,
   0.15992560982704163,
   0.046951014548540115,
   0.13510043919086456,
   0.05269486829638481,
   0.15342919528484344,
   0.06133810430765152,
   0.154384046792984,
   0.069414883852005,
   0.13110153377056122,
   0.09628884494304657,
   0.11080024391412735,
   0.08682063966989517,
   0.19501248002052307,
   0.06807009875774384,
   0.15134915709495544,
   0.09250696748495102,
   0.223099023103714,
   0.10093579441308975,
   0.19630765914916992,
   0.12274841219186783,
   0.3021865785121918,
   0.1534752994775772,
   0.19322578608989716,
   0.1456121951341629,
   0.27597784996032715,
   0.17896632850170135,
   0.25317659974098206,
   0.19556313753128052,
   0.17587658762931824,
   0.199044331908226,
   0.17103160917758942,
   0.16707822680473328,
   0.20455774664878845,
   0.17921972274780273,
   0.2056480199098587,
   0.2075238674879074,
   0.26868176460266113,
   0.2309597283601761,
   0.24586722254753113,
   0.26527154445648193,
   0.21997198462486267,
   0.17518489062786102,
   0.19078466296195984,
   0.22937269508838654,
   0.2102500945329666,
   0.17698660492897034,
   0.21417327225208282,
   0.261989951133728,
   0.2194744050502777,
   0.18515996634960175,
   0.24883131682872772,
   0.27611079812049866,
   0.19722242653369904,
   0.1303810179233551,
   0.349124938249588,
   0.25255972146987915,
   0.312690794467926,
   0.14711782336235046,
   0.44720807671546936
  ],
  "freq_deviation_abs_mean": [
   0.33089980483055115,
   0.21128129959106445,
   0.24806232750415802,
   0.23905238509178162,
   0.22304654121398926,
   0.23431840538978577,
   0.21206820011138916,
   0.24724335968494415,
   0.2647072374820709,
   0.30169567465782166,
   0.24947400391101837,
   0.27593135833740234,
   0.2602800726890564,
   0.3111887276172638,
   0.3020385205745697,
   0.3257811963558197,
   0.28134942054748535,
   0.32498082518577576,
   0.3274126946926117,
   0.3885899484157562,
   0.32455164194107056,
   0.3868256211280823,
   0.3631271421909332,
   0.390535444021225,
   0.333315908908844,
   0.3636757731437683,
   0.3618292212486267,
   0.36905983090400696,
   0.3451707065105438,
   0.3628404140472412,
   0.35896405577659607,
   0.3384256064891815,
   0.3186359107494354,
   0.35076531767845154,
   0.37170591950416565,
   0.3708530366420746,
   0.35870078206062317,
   0.41245976090431213,
   0.42130184173583984,
   0.3927760720252991,
   0.3780283033847809,
   0.36790159344673157,
   0.3548119068145752,
   0.3580061197280884,
   0.3664160966873169,
   0.3598337769508362,
   0.3425293266773224,
   0.37788477540016174,
   0.3754451274871826,
   0.3768501281738281,
   0.38235944509506226,
   0.4122546315193176,
   0.41060781478881836,
   0.38755732774734497,
   0.35834208130836487,
   0.4568921625614166,
   0.43557238578796387,
   0.45255669951438904,
   0.3828614354133606,
   0.44128885865211487,
   0.44341030716896057
  ],