{
 "position": 9,
 "sequence_aa": "G",
 "substrate_file": "/Users/djbray/Desktop/esm2/esm2_substrate_facebook_esm2_t33_650M_UR50D/substrate.npz",
 "n_sublayers": 62,
 "n_units": 1280,
 "depth_profiles": {
  "amp_mean": [
   9.955680847167969,
   5.480235576629639,
   5.565830230712891,
   4.360238075256348,
   4.412962913513184,
   3.7894015312194824,
   3.824693202972412,
   3.4393386840820312,
   3.499394655227661,
   3.240161180496216,
   3.333636522293091,
   3.1545352935791016,
   3.2390549182891846,
   3.0784754753112793,
   3.2853004932403564,
   3.1872718334198,
   3.244981050491333,
   3.1938250064849854,
   3.433232069015503,
   3.3905632495880127,
   3.6445465087890625,
   3.657757520675659,
   4.035634517669678,
   4.044059753417969,
   3.8219401836395264,
   3.879145860671997,
   3.9845783710479736,
   4.0754594802856445,
   3.9907822608947754,
   4.147975921630859,
   4.220786094665527,
   4.224069595336914,
   4.015844821929932,
   4.0806565284729,
   4.198155403137207,
   4.372903823852539,
   4.542913913726807,
   4.841312408447266,
   5.137959957122803,
   5.661029815673828,
   5.332587242126465,
   5.298399925231934,
   5.221464157104492,
   5.079897403717041,
   5.136543273925781,
   5.050713539123535,
   5.286837577819824,
   5.351494312286377,
   5.348710060119629,
   5.266413688659668,
   5.536003589630127,
   5.454869270324707,
   5.59761905670166,
   5.6675591468811035,
   5.9932427406311035,
   6.190155029296875,
   6.18126916885376,
   6.701499938964844,
   6.845746040344238,
   7.827423095703125,
   8.60900592803955,
   11.642834663391113
  ],
  "amp_modulation_mean": [
   1.1488401889801025,
   1.1474177837371826,
   1.1448705196380615,
   1.1326669454574585,
   1.138361930847168,
   1.1290093660354614,
   1.1260449886322021,
   1.1214367151260376,
   1.133716344833374,
   1.1237541437149048,
   1.1335943937301636,
   1.1265348196029663,
   1.1364625692367554,
   1.1146695613861084,
   1.150356411933899,
   1.1520576477050781,
   1.1258480548858643,
   1.1309674978256226,
   1.1378090381622314,
   1.1411393880844116,
   1.183118462562561,
   1.1811237335205078,
   1.2283899784088135,
   1.2175542116165161,
   1.121790885925293,
   1.1045295000076294,
   1.1172773838043213,
   1.0960712432861328,
   1.078639030456543,
   1.0965430736541748,
   1.0890934467315674,
   1.0480022430419922,
   1.0037944316864014,
   0.9857643246650696,
   1.015760064125061,
   1.0427157878875732,
   1.0631434917449951,
   1.0998824834823608,
   1.1543668508529663,
   1.2614330053329468,
   1.18036949634552,
   1.1565921306610107,
   1.1197431087493896,
   1.0698035955429077,
   1.0689574480056763,
   1.0486253499984741,
   1.082338809967041,
   1.0939395427703857,
   1.0737035274505615,
   1.0553191900253296,
   1.0754696130752563,
   1.055734634399414,
   1.0567611455917358,
   1.0615650415420532,
   1.0874228477478027,
   1.0985381603240967,
   1.057016372680664,
   1.0920161008834839,
   1.0635488033294678,
   1.1344010829925537,
   1.1684285402297974,
   1.131723403930664
  ],
  "phase_consistency_across_units": [
   0.012094143778085709,
   0.00267247436568141,
   0.004025735426694155,
   0.016104523092508316,
   0.011312393471598625,
   0.024418234825134277,
   0.017268666997551918,
   0.027015039697289467,
   0.022688312456011772,
   0.030275408178567886,
   0.025371406227350235,
   0.016041282564401627,
   0.022815311327576637,
   0.017994996160268784,
   0.021393069997429848,
   0.00594122800976038,
   0.008855151012539864,
   0.008012747392058372,
   0.010269113816320896,
   0.011041778139770031,
   0.0076821912080049515,
   0.0180041566491127,
   0.0056441426277160645,
   0.021213363856077194,
   0.01373127568513155,
   0.017420249059796333,
   0.012958687730133533,
   0.02439209073781967,
   0.030857259407639503,
   0.016521846875548363,
   0.019123131409287453,
   0.019729914143681526,
   0.010699081234633923,
   0.017597995698451996,
   0.012124852277338505,
   0.00538236228749156,
   0.002530557569116354,
   0.012831158936023712,
   0.016207965090870857,
   0.002606603316962719,
   0.017878731712698936,
   0.015055655501782894,
   0.005919600371271372,
   0.01955074444413185,
   0.02349018305540085,
   0.01853136718273163,
   0.007964191026985645,
   0.011739338748157024,
   0.014252182096242905,
   0.017155662178993225,
   0.023205626755952835,
   0.0063505396246910095,
   0.021089784801006317,
   0.021686671301722527,
   0.00843810848891735,
   0.014204559847712517,
   0.016737444326281548,
   0.00786680169403553,
   0.005342506803572178,
   0.017063237726688385,
   0.013206820003688335,
   0.008597910404205322
  ],
  "freq_mean": [
   0.19100581109523773,
   0.04155154153704643,
   0.15844908356666565,
   0.03144356608390808,
   0.14824926853179932,
   0.035556141287088394,
   0.13646969199180603,
   0.05333418771624565,
   0.10670290142297745,
   0.058151137083768845,
   0.11791541427373886,
   0.08860515803098679,
   0.11899926513433456,
   0.06534890085458755,
   0.20154504477977753,
   0.1105634942650795,
   0.14938850700855255,
   0.10018910467624664,
   0.2001800835132599,
   0.11182866245508194,
   0.24519118666648865,
   0.135870099067688,
   0.31725752353668213,
   0.16207756102085114,
   0.1867091804742813,
   0.16685374081134796,
   0.1904042661190033,
   0.15722891688346863,
   0.18326392769813538,
   0.19778569042682648,
   0.2145504504442215,
   0.16057397425174713,
   0.17821505665779114,
   0.15027481317520142,
   0.2030731737613678,
   0.1647036373615265,
   0.22646161913871765,
   0.2047385722398758,
   0.28461340069770813,
   0.3194549083709717,
   0.1806858777999878,
   0.2664741575717926,
   0.16234345734119415,
   0.19815555214881897,
   0.18681538105010986,
   0.21259286999702454,
   0.2520703673362732,
   0.24944467842578888,
   0.17868071794509888,
   0.1871991753578186,
   0.22616291046142578,
   0.17525263130664825,
   0.24470630288124084,
   0.19531294703483582,
   0.3102547228336334,
   0.17115168273448944,
   0.3060920238494873,
   0.19067959487438202,
   0.3117050528526306,
   0.2680729031562805,
   0.5231508016586304
  ],
  "freq_deviation_abs_mean": [
   0.35437461733818054,
   0.22393079102039337,
   0.24263222515583038,
   0.2375292330980301,
   0.2346564531326294,
   0.2369421273469925,
   0.22289034724235535,
   0.25032296776771545,
   0.23466941714286804,
   0.249846413731575,
   0.2347732037305832,
   0.2541632056236267,
   0.24353590607643127,
   0.30475372076034546,
   0.3287651836872101,
   0.33069854974746704,
   0.30016613006591797,
   0.3278670907020569,
   0.34100666642189026,
   0.374127060174942,
   0.3676247000694275,
   0.4317623972892761,
   0.36736223101615906,
   0.37797534465789795,
   0.3285295069217682,
   0.33961325883865356,
   0.3422378897666931,
   0.3409617245197296,
   0.35091426968574524,
   0.3681544363498688,
   0.3609028458595276,
   0.340942919254303,
   0.32255858182907104,
   0.3541638255119324,
   0.36407792568206787,
   0.3877721428871155,
   0.36657118797302246,
   0.39401745796203613,
   0.4190285801887512,
   0.4152911603450775,
   0.4245510697364807,
   0.36636215448379517,
   0.36124053597450256,
   0.3424885869026184,
   0.3328796327114105,
   0.34792959690093994,
   0.3991880714893341,
   0.37261438369750977,
   0.3653316795825958,
   0.38736993074417114,
   0.37160763144493103,
   0.37594157457351685,
   0.3390604257583618,
   0.4032055735588074,
   0.3832046389579773,
   0.440434992313385,
   0.3935709297657013,
   0.43066057562828064,
   0.42039602994918823,
   0.512689471244812,
   0.4799104630947113
  ]
 },
 "top_units_by_amp_modulation_max": [
  {
   "unit": 417,
   "max_amp_mod": 5.272244930267334,
   "argmax_sublayer": 0
  },
  {
   "unit": 1176,
   "max_amp_mod": 4.884875297546387,
   "argmax_sublayer": 0
  },
  {
   "unit": 344,
   "max_amp_mod": 4.60136604309082,
   "argmax_sublayer": 9
  },
  {
   "unit": 507,
   "max_amp_mod": 4.497614860534668,
   "argmax_sublayer": 0
  },
  {
   "unit": 89,
   "max_amp_mod": 4.308701038360596,