{
 "position": 52,
 "sequence_aa": "G",
 "substrate_file": "/Users/djbray/Desktop/esm2/esm2_substrate_facebook_esm2_t33_650M_UR50D/substrate.npz",
 "n_sublayers": 62,
 "n_units": 1280,
 "depth_profiles": {
  "amp_mean": [
   10.618184089660645,
   5.81120491027832,
   5.952044486999512,
   4.633212089538574,
   4.7106828689575195,
   4.004424095153809,
   4.086611747741699,
   3.6443259716033936,
   3.6787033081054688,
   3.3809657096862793,
   3.435443162918091,
   3.2365825176239014,
   3.346531391143799,
   3.2047553062438965,
   3.393523693084717,
   3.2593185901641846,
   3.41389536857605,
   3.28825306892395,
   3.5348944664001465,
   3.4606406688690186,
   3.601118564605713,
   3.538712739944458,
   3.8530361652374268,
   3.860762119293213,
   3.8690338134765625,
   3.9307315349578857,
   4.0781049728393555,
   4.132046699523926,
   4.134257793426514,
   4.228318691253662,
   4.215411186218262,
   4.2734479904174805,
   4.341078281402588,
   4.4601006507873535,
   4.638480186462402,
   4.940337657928467,
   4.912542819976807,
   4.882624626159668,
   5.170875072479248,
   5.3507256507873535,
   5.522222995758057,
   5.8339619636535645,
   6.392840385437012,
   7.025465488433838,
   6.591085910797119,
   6.763169765472412,
   6.581298828125,
   6.4909772872924805,
   6.746803283691406,
   6.461629390716553,
   6.768548488616943,
   6.732316017150879,
   6.693423271179199,
   6.74813985824585,
   7.063938140869141,
   7.404284477233887,
   7.372676849365234,
   7.6545820236206055,
   8.000207901000977,
   8.656511306762695,
   9.147690773010254,
   12.505268096923828
  ],
  "amp_modulation_mean": [
   1.2284214496612549,
   1.2180079221725464,
   1.2276979684829712,
   1.2061296701431274,
   1.2169064283370972,
   1.1938451528549194,
   1.2037209272384644,
   1.188904047012329,
   1.1906150579452515,
   1.1718345880508423,
   1.1680914163589478,
   1.156334638595581,
   1.1739495992660522,
   1.1626031398773193,
   1.192763328552246,
   1.1786043643951416,
   1.1837222576141357,
   1.1612132787704468,
   1.1685583591461182,
   1.1643238067626953,
   1.168068289756775,
   1.1408159732818604,
   1.1704604625701904,
   1.1593908071517944,
   1.1338077783584595,
   1.1171760559082031,
   1.1439071893692017,
   1.1109559535980225,
   1.1161444187164307,
   1.1167569160461426,
   1.08688485622406,
   1.0602494478225708,
   1.085523247718811,
   1.0764529705047607,
   1.122249960899353,
   1.1767628192901611,
   1.1488310098648071,
   1.1080760955810547,
   1.16023850440979,
   1.1899144649505615,
   1.2225803136825562,
   1.275984764099121,
   1.3765407800674438,
   1.4874995946884155,
   1.3781205415725708,
   1.4118661880493164,
   1.353527545928955,
   1.3326923847198486,
   1.3609695434570312,
   1.3015559911727905,
   1.323325753211975,
   1.3114216327667236,
   1.2677552700042725,
   1.270031452178955,
   1.286487340927124,
   1.3186113834381104,
   1.2639042139053345,
   1.250032663345337,
   1.2439392805099487,
   1.256669282913208,
   1.2392984628677368,
   1.2150332927703857
  ],
  "phase_consistency_across_units": [
   0.006625404581427574,
   0.026703929528594017,
   0.02300899662077427,
   0.028434213250875473,
   0.023825393989682198,
   0.041293028742074966,
   0.03332972899079323,
   0.04086831212043762,
   0.03407851979136467,
   0.044954147189855576,
   0.03490256890654564,
   0.043407782912254333,
   0.04010927304625511,
   0.034458059817552567,
   0.03890208899974823,
   0.03103681653738022,
   0.03596746176481247,
   0.02106316201388836,
   0.026013368740677834,
   0.02540602907538414,
   0.011896003969013691,
   0.022922607138752937,
   0.012622772715985775,
   0.02184111252427101,
   0.010103902779519558,
   0.0016140578081831336,
   0.014508400112390518,
   0.013852782547473907,
   0.007359839975833893,
   0.00815514475107193,
   0.005682758055627346,
   0.016216039657592773,
   0.010195297189056873,
   0.015147732570767403,
   0.028777843341231346,
   0.02289450913667679,
   0.028340553864836693,
   0.020654059946537018,
   0.023209044709801674,
   0.01931959204375744,
   0.016988536342978477,
   0.02537098154425621,
   0.014948595315217972,
   0.012340125627815723,
   0.01568777859210968,
   0.006352472584694624,
   0.0016454819124192,
   0.007775641977787018,
   0.014721447601914406,
   0.007913777604699135,
   0.011253179982304573,
   0.007451141253113747,
   0.010988966561853886,
   0.01036835741251707,
   0.008911815471947193,
   0.01145313959568739,
   0.013123497366905212,
   0.0172039233148098,
   0.01903403550386429,
   0.0076454742811620235,
   0.027810264378786087,
   0.026764916256070137
  ],
  "freq_mean": [
   0.16508419811725616,
   0.04568953067064285,
   0.14141686260700226,
   0.04976103454828262,
   0.1463998258113861,
   0.05261334031820297,
   0.15280991792678833,
   0.04600990563631058,
   0.10613348335027695,
   0.06229590252041817,
   0.09705937653779984,
   0.08640794456005096,
   0.11466578394174576,
   0.11228574812412262,
   0.16780395805835724,
   0.09699435532093048,
   0.17028400301933289,
   0.0915149375796318,
   0.22299203276634216,
   0.13800886273384094,
   0.19842806458473206,
   0.12505118548870087,
   0.2668849527835846,
   0.1659785807132721,
   0.1974075883626938,
   0.1392074078321457,
   0.22657838463783264,
   0.1580343395471573,
   0.20423002541065216,
   0.19835281372070312,
   0.19227159023284912,
   0.15110599994659424,
   0.17617356777191162,
   0.1459151804447174,
   0.25634899735450745,
   0.23660564422607422,
   0.17548426985740662,
   0.16785100102424622,
   0.20658917725086212,
   0.18659736216068268,
   0.22144412994384766,
   0.20206674933433533,
   0.3394947946071625,
   0.3258574604988098,
   0.19667747616767883,
   0.2974646985530853,
   0.1506199985742569,
   0.2803274989128113,
   0.1835910826921463,
   0.19681823253631592,
   0.2757132053375244,
   0.2134699821472168,
   0.2265479862689972,
   0.2250775545835495,
   0.2994360327720642,
   0.23724737763404846,
   0.2892967760562897,
   0.2422090321779251,
   0.36174702644348145,
   0.22719654440879822,
   0.5505224466323853
  ],
  "freq_deviation_abs_mean": [
   0.3433641493320465,
   0.229938343167305,
   0.2587415277957916,
   0.24682903289794922,
   0.23687580227851868,
   0.2238556146621704,
   0.23207159340381622,
   0.24411487579345703,
   0.21671804785728455,
   0.2274707853794098,
   0.21980337798595428,
   0.24236111342906952,
   0.24543924629688263,
   0.2902340590953827,
   0.32485872507095337,
   0.3352477550506592,
   0.27502530813217163,
   0.3119406998157501,
   0.3367660641670227,
   0.3798786699771881,
   0.340998113155365,
   0.38322481513023376,
   0.3704579472541809,
   0.3988837003707886,
   0.3504347503185272,
   0.3889281153678894,
   0.35916417837142944,
   0.3649507164955139,
   0.35337385535240173,
   0.3389981985092163,
   0.3427272439002991,
   0.3356192708015442,
   0.35669976472854614,
   0.3713318705558777,
   0.36027565598487854,
   0.383375883102417,
   0.340620756149292,
   0.36571842432022095,
   0.36328041553497314,
   0.36648091673851013,
   0.3884515166282654,
   0.44672003388404846,
   0.44055742025375366,
   0.3757188320159912,
   0.4119013845920563,
   0.35677164793014526,
   0.38016289472579956,
   0.3698808550834656,
   0.38071268796920776,
   0.386746346950531,
   0.4020441174507141,
   0.39048540592193604,
   0.4119803309440613,
   0.4575379490852356,
   0.46521347761154175,
   0.45935946702957153,
   0.4115872383117676,
   0.4527973532676697,
   0.4224444031715393,
   0.5067692995071411,
   0.45376044511795044
  ]
 },
 "top_units_by_amp_modulation_max": [
  {
   "unit": 1132,
   "max_amp_mod": 5.106410980224609,
   "argmax_sublayer": 59
  },
  {
   "unit": 1004,
   "max_amp_mod": 5.094405651092529,
   "argmax_sublayer": 0
  },
  {
   "unit": 932,
   "max_amp_mod": 5.048636436462402,
   "argmax_sublayer": 3
  },
  {
   "unit": 578,
   "max_amp_mod": 4.999183177947998,
   "argmax_sublayer": 43
  },
  {
   "unit": 189,
   "max_amp_mod": 4.897836685180664,