{
 "position": 73,
 "sequence_aa": "R",
 "substrate_file": "/home/dbrayjr5/esm2-osc/esm2_substrate_facebook_esm2_t33_650M_UR50D/substrate.npz",
 "n_sublayers": 62,
 "n_units": 1280,
 "validity_floor": {
  "quantile": 0.1,
  "absolute_value": 2.7328476905822754,
  "n_valid_cells": 71424,
  "n_total_cells": 79360,
  "fraction_valid": 0.9
 },
 "depth_profiles": {
  "amp_modulation_mean": [
   1.0629727840423584,
   1.0578601360321045,
   1.0541808605194092,
   1.0455878973007202,
   1.0520635843276978,
   1.0429948568344116,
   1.0501587390899658,
   1.049556016921997,
   1.050125241279602,
   1.0452607870101929,
   1.0455963611602783,
   1.0487310886383057,
   1.0472214221954346,
   1.0479991436004639,
   1.0698373317718506,
   1.0603275299072266,
   1.0576751232147217,
   1.049623966217041,
   1.0617740154266357,
   1.0584083795547485,
   1.079789638519287,
   1.060701847076416,
   1.107617974281311,
   1.1315215826034546,
   1.0812171697616577,
   1.0461499691009521,
   1.0503584146499634,
   1.0384126901626587,
   1.0496097803115845,
   1.0663471221923828,
   1.0164958238601685,
   0.9959424734115601,
   0.9690899848937988,
   0.9391727447509766,
   0.959087073802948,
   0.9597141146659851,
   0.990768551826477,
   0.9915868639945984,
   1.0071576833724976,
   1.0622408390045166,
   1.0583951473236084,
   1.0525225400924683,
   1.061244010925293,
   1.0717344284057617,
   1.0517934560775757,
   1.0527777671813965,
   1.0342754125595093,
   1.0434634685516357,
   1.0578052997589111,
   1.0668262243270874,
   1.0928707122802734,
   1.147038221359253,
   1.1443862915039062,
   1.146152138710022,
   1.1289432048797607,
   1.0936510562896729,
   1.0839180946350098,
   1.0755447149276733,
   1.0787369012832642,
   1.1127598285675049,
   1.1472136974334717,
   1.0860130786895752
  ],
  "amp_modulation_mean_valid_only": [
   1.0629727840423584,
   1.0578601360321045,
   1.0541808605194092,
   1.0455878973007202,
   1.0520635843276978,
   1.0416337251663208,
   1.0501587390899658,
   1.0391954183578491,
   1.0457334518432617,
   1.0118364095687866,
   1.013709306716919,
   1.0363502502441406,
   1.0299251079559326,
   1.021798849105835,
   1.046938419342041,
   1.04489004611969,
   1.0279803276062012,
   1.0387773513793945,
   1.0471121072769165,
   1.05229651927948,
   1.0788966417312622,
   1.0534807443618774,
   1.107617974281311,
   1.1315215826034546,
   1.0812171697616577,
   1.0461499691009521,
   1.0503584146499634,
   1.0384126901626587,
   1.0496097803115845,
   1.0663471221923828,
   1.0164958238601685,
   0.9959424734115601,
   0.9690899848937988,
   0.9391727447509766,
   0.959087073802948,
   0.9597141146659851,
   0.990768551826477,
   0.9915868639945984,
   1.0071576833724976,
   1.0622408390045166,
   1.0583951473236084,
   1.0525225400924683,
   1.061244010925293,
   1.0717344284057617,
   1.0517934560775757,
   1.0527777671813965,
   1.0342754125595093,
   1.0434634685516357,
   1.0578052997589111,
   1.0668262243270874,
   1.0928707122802734,
   1.147038221359253,
   1.1443862915039062,
   1.146152138710022,
   1.1289432048797607,
   1.0936510562896729,
   1.0839180946350098,
   1.0755447149276733,
   1.0787369012832642,
   1.1127598285675049,
   1.1472136974334717,
   1.0860130786895752
  ],
  "phase_consistency_across_units": [
   0.012516993097960949,
   0.008848734200000763,
   0.013728455640375614,
   0.01818709261715412,
   0.017516881227493286,
   0.04452504590153694,
   0.027405936270952225,
   0.036189790815114975,
   0.02478652447462082,
   0.033171169459819794,
   0.03032900020480156,
   0.02885974943637848,
   0.02881184034049511,
   0.02717110700905323,
   0.03434222191572189,
   0.01841673068702221,
   0.017342418432235718,
   0.0195583775639534,
   0.02108912728726864,
   0.021785052493214607,
   0.01885947585105896,
   0.02829894796013832,
   0.019646596163511276,
   0.023082217201590538,
   0.018807116895914078,
   0.02275565080344677,
   0.017585348337888718,
   0.025276480242609978,
   0.02762795425951481,
   0.014325417578220367,
   0.012863465584814548,
   0.009855049662292004,
   0.015774231404066086,
   0.018209613859653473,
   0.012134606949985027,
   0.018856972455978394,
   0.024147415533661842,
   0.036746907979249954,
   0.029141902923583984,
   0.002429419429972768,
   0.0032200394198298454,
   0.007212293799966574,
   0.023158162832260132,
   0.018654748797416687,
   0.012592763639986515,
   0.009381268173456192,
   0.009613396599888802,
   0.013856208883225918,
   0.014956451021134853,
   0.015347190201282501,
   0.003928801976144314,
   0.008627321571111679,
   0.0080985426902771,
   0.005914321169257164,
   0.013630133122205734,
   0.013751404359936714,
   0.011259674094617367,
   0.013597315177321434,
   0.014120323583483696,
   0.019526157528162003,
   0.010342307388782501,
   0.00413375161588192
  ],
  "freq_mean": [
   0.15548549592494965,
   0.04952397570014,
   0.16385167837142944,
   0.06429727375507355,
   0.15356996655464172,
   0.04902348294854164,
   0.160185307264328,
   0.06685829907655716,
   0.11769413948059082,
   0.0708964541554451,
   0.11854426562786102,
   0.08854679763317108,
   0.08522941172122955,
   0.1059659942984581,
   0.15557527542114258,
   0.11945237219333649,
   0.1522405594587326,
   0.1278512179851532,
   0.19746187329292297,
   0.11796240508556366,
   0.2146061211824417,
   0.11557245254516602,
   0.28107601404190063,
   0.17743131518363953,
   0.2048250138759613,
   0.14539524912834167,
   0.23435306549072266,
   0.19777490198612213,
   0.23472753167152405,
   0.2231258600950241,
   0.19920308887958527,
   0.17534837126731873,
   0.17973189055919647,
   0.18707415461540222,
   0.16705036163330078,
   0.1922759711742401,
   0.2438676357269287,
   0.20582720637321472,
   0.24637599289417267,
   0.24516017735004425,
   0.23790320754051208,
   0.21112661063671112,
   0.2449450045824051,
   0.23359021544456482,
   0.2330436259508133,
   0.220070481300354,
   0.18117675185203552,
   0.2254793345928192,
   0.23243585228919983,
   0.22485370934009552,
   0.2591555714607239,
   0.26091521978378296,
   0.2572360038757324,
   0.25754985213279724,
   0.26026639342308044,
   0.18793174624443054,
   0.28332021832466125,
   0.2160196751356125,
   0.3522116243839264,
   0.26259565353393555,
   0.5660756230354309
  ],
  "freq_deviation_abs_mean": [
   0.38075166940689087,
   0.24614819884300232,
   0.2694072425365448,
   0.2597792148590088,
   0.23691940307617188,
   0.24825115501880646,
   0.2565193772315979,
   0.2635675370693207,
   0.2477550506591797,
   0.25324350595474243,
   0.24434979259967804,
   0.26572275161743164,
   0.2672673463821411,
   0.282394677400589,
   0.32258349657058716,
   0.3250328302383423,
   0.28952282667160034,
   0.317727267742157,
   0.33598560094833374,
   0.3784593641757965,
   0.330901563167572,
   0.37695980072021484,
   0.3739715814590454,
   0.41439175605773926,
   0.3468048870563507,
   0.3559744358062744,
   0.36274561285972595,
   0.3706219792366028,
   0.3532627522945404,
   0.3559931814670563,
   0.33902648091316223,
   0.33466586470603943,
   0.3390807509422302,
   0.3197488486766815,
   0.3458990752696991,
   0.38662123680114746,
   0.38699057698249817,
   0.4028956890106201,
   0.3961385190486908,
   0.3911179006099701,
   0.39027276635169983,
   0.4005658030509949,
   0.40115681290626526,
   0.4000105857849121,
   0.36397379636764526,
   0.35636287927627563,
   0.35199305415153503,
   0.3528212010860443,
   0.3736651539802551,
   0.4341428875923157,
   0.4340967535972595,
   0.4362902045249939,
   0.4153566360473633,
   0.4168584942817688,
   0.39279240369796753,
   0.41311731934547424,
   0.402073472738266,
   0.4330381453037262,
   0.41757631301879883,
   0.5352853536605835,
   0.4897870123386383
  ],