{
 "position": 62,
 "sequence_aa": "K",
 "substrate_file": "/Users/djbray/Desktop/esm2/esm2_substrate_facebook_esm2_t33_650M_UR50D/substrate.npz",
 "n_sublayers": 62,
 "n_units": 1280,
 "depth_profiles": {
  "amp_mean": [
   10.171066284179688,
   5.607853889465332,
   5.7459940910339355,
   4.486539840698242,
   4.563873767852783,
   3.913417100906372,
   3.9841506481170654,
   3.58186674118042,
   3.6268463134765625,
   3.3786957263946533,
   3.4367637634277344,
   3.259944438934326,
   3.334702253341675,
   3.2286770343780518,
   3.439791202545166,
   3.280083417892456,
   3.4181861877441406,
   3.365428924560547,
   3.4897239208221436,
   3.444082736968994,
   3.607746124267578,
   3.549147129058838,
   4.0090813636779785,
   4.105771064758301,
   4.007884502410889,
   4.00383996963501,
   4.1339111328125,
   4.268074989318848,
   4.353913307189941,
   4.360748291015625,
   4.4550065994262695,
   4.64346170425415,
   4.390830993652344,
   4.335777759552002,
   4.520808696746826,
   4.64162015914917,
   4.755953788757324,
   4.795132637023926,
   5.033233642578125,
   5.338194847106934,
   5.113876819610596,
   5.296797275543213,
   5.601025581359863,
   5.7905707359313965,
   5.728553771972656,
   5.639456748962402,
   5.757088661193848,
   5.8025407791137695,
   5.7927141189575195,
   5.685161590576172,
   5.848227500915527,
   5.999891757965088,
   6.202608108520508,
   6.469491004943848,
   6.5475053787231445,
   6.612934112548828,
   6.77001953125,
   7.265174865722656,
   7.5699357986450195,
   8.049657821655273,
   8.565216064453125,
   11.954629898071289
  ],
  "amp_modulation_mean": [
   1.169122338294983,
   1.1730314493179321,
   1.1788790225982666,
   1.1643508672714233,
   1.174910306930542,
   1.166607141494751,
   1.1724437475204468,
   1.1695339679718018,
   1.1744202375411987,
   1.1741139888763428,
   1.1700525283813477,
   1.166054129600525,
   1.169709324836731,
   1.1709215641021729,
   1.206252098083496,
   1.185362458229065,
   1.1832458972930908,
   1.1903955936431885,
   1.1575454473495483,
   1.1595419645309448,
   1.1725614070892334,
   1.1460115909576416,
   1.219930648803711,
   1.2367446422576904,
   1.1773779392242432,
   1.1396621465682983,
   1.1633094549179077,
   1.1506115198135376,
   1.174769401550293,
   1.1496312618255615,
   1.147222876548767,
   1.1500499248504639,
   1.0959726572036743,
   1.045602560043335,
   1.092076301574707,
   1.104408860206604,
   1.1109039783477783,
   1.086113691329956,
   1.127765417098999,
   1.1848704814910889,
   1.1282504796981812,
   1.1527659893035889,
   1.1999759674072266,
   1.2193965911865234,
   1.1926240921020508,
   1.1732757091522217,
   1.1804959774017334,
   1.1896238327026367,
   1.165895700454712,
   1.1427100896835327,
   1.1385109424591064,
   1.1650786399841309,
   1.1721115112304688,
   1.2142826318740845,
   1.1886708736419678,
   1.1746553182601929,
   1.1595321893692017,
   1.186272144317627,
   1.1767505407333374,
   1.1622836589813232,
   1.1579681634902954,
   1.1581770181655884
  ],
  "phase_consistency_across_units": [
   0.01076631247997284,
   0.017011217772960663,
   0.017979126423597336,
   0.025622399523854256,
   0.017549997195601463,
   0.037705156952142715,
   0.029608819633722305,
   0.03398504480719566,
   0.029885219410061836,
   0.03957751393318176,
   0.02972928248345852,
   0.02959122136235237,
   0.0397857204079628,
   0.03601163625717163,
   0.042338356375694275,
   0.030927147716283798,
   0.030393540859222412,
   0.02771838568150997,
   0.034771885722875595,
   0.02153170481324196,
   0.025969166308641434,
   0.026296185329556465,
   0.012296466156840324,
   0.019176984205842018,
   0.018542196601629257,
   0.018068324774503708,
   0.019936997443437576,
   0.026223812252283096,
   0.01957184635102749,
   0.022614777088165283,
   0.009179666638374329,
   0.005620896816253662,
   0.011685358360409737,
   0.007314779330044985,
   0.0010032111313194036,
   0.014291428029537201,
   0.007970877923071384,
   0.009614133276045322,
   0.011268489062786102,
   0.015532086603343487,
   0.015660757198929787,
   0.00987976510077715,
   0.022348523139953613,
   0.012005683965981007,
   0.017378322780132294,
   0.00978092011064291,
   0.016202690079808235,
   0.019263427704572678,
   0.02563544735312462,
   0.01142349373549223,
   0.025882847607135773,
   0.01727219484746456,
   0.003866668092086911,
   0.0028589481953531504,
   0.01606765203177929,
   0.022157803177833557,
   0.018812375143170357,
   0.008005407638847828,
   0.0035742188338190317,
   0.013261940330266953,
   0.00611628033220768,
   0.015077781863510609
  ],
  "freq_mean": [
   0.12788276374340057,
   0.03897705674171448,
   0.14906318485736847,
   0.05816510319709778,
   0.12539279460906982,
   0.06867013871669769,
   0.13155217468738556,
   0.06997889280319214,
   0.12950363755226135,
   0.07010939717292786,
   0.10731607675552368,
   0.05475468188524246,
   0.09895341098308563,
   0.09899155795574188,
   0.2032279670238495,
   0.07782673835754395,
   0.18047656118869781,
   0.10464228689670563,
   0.16166040301322937,
   0.11948072910308838,
   0.1554187834262848,
   0.104528047144413,
   0.2983023524284363,
   0.2092876136302948,
   0.20561309158802032,
   0.15783709287643433,
   0.2096775472164154,
   0.1851968914270401,
   0.22735626995563507,
   0.12389054149389267,
   0.2565229833126068,
   0.2104138880968094,
   0.14041200280189514,
   0.18951956927776337,
   0.19559721648693085,
   0.1836966574192047,
   0.2126941978931427,
   0.16537444293498993,
   0.29750484228134155,
   0.2227706015110016,
   0.1537857949733734,
   0.24573011696338654,
   0.24635228514671326,
   0.25347429513931274,
   0.21149301528930664,
   0.21049714088439941,
   0.26290765404701233,
   0.2392410784959793,
   0.2059004306793213,
   0.1816622018814087,
   0.2348848283290863,
   0.18855777382850647,
   0.2735801637172699,
   0.2339608371257782,
   0.2684917449951172,
   0.20767493546009064,
   0.26887571811676025,
   0.23890581727027893,
   0.33548083901405334,
   0.18014535307884216,
   0.5458663702011108
  ],
  "freq_deviation_abs_mean": [
   0.33730819821357727,
   0.21291318535804749,
   0.24736523628234863,
   0.24742886424064636,
   0.24007058143615723,
   0.2317655384540558,
   0.22855038940906525,
   0.23175537586212158,
   0.22916853427886963,
   0.22589249908924103,
   0.20679917931556702,
   0.2383461445569992,
   0.21855835616588593,
   0.27562814950942993,
   0.320301353931427,
   0.36232131719589233,
   0.29184451699256897,
   0.3150063455104828,
   0.3246719241142273,
   0.3575839400291443,
   0.3362388014793396,
   0.356910765171051,
   0.35600143671035767,
   0.431788831949234,
   0.35724884271621704,
   0.3638749420642853,
   0.3617585003376007,
   0.35259586572647095,
   0.33346953988075256,
   0.381608247756958,
   0.37602290511131287,
   0.36626115441322327,
   0.34776806831359863,
   0.35078591108322144,
   0.36969292163848877,
   0.37907204031944275,
   0.34248095750808716,
   0.37751054763793945,
   0.397979736328125,
   0.3657904863357544,
   0.3654012382030487,
   0.3859330713748932,
   0.39519280195236206,
   0.38230401277542114,
   0.37312230467796326,
   0.3563764989376068,
   0.3793535828590393,
   0.4092327058315277,
   0.3606979250907898,
   0.37438222765922546,
   0.3977723717689514,
   0.4260137677192688,
   0.40588149428367615,
   0.4218457341194153,
   0.4016430974006653,
   0.4284791052341461,
   0.41995611786842346,
   0.45606812834739685,
   0.4185735583305359,
   0.5030905604362488,
   0.45852845907211304
  ]
 },
 "top_units_by_amp_modulation_max": [
  {
   "unit": 625,
   "max_amp_mod": 4.837244033813477,
   "argmax_sublayer": 22
  },
  {
   "unit": 414,
   "max_amp_mod": 4.808896064758301,
   "argmax_sublayer": 9
  },
  {
   "unit": 344,
   "max_amp_mod": 4.72398042678833,
   "argmax_sublayer": 0
  },
  {
   "unit": 512,
   "max_amp_mod": 4.447831630706787,
   "argmax_sublayer": 15
  },
  {
   "unit": 1077,
   "max_amp_mod": 4.409454822540283,