{
 "position": 27,
 "sequence_aa": "A",
 "substrate_file": "/Users/djbray/Desktop/esm2/esm2_substrate_facebook_esm2_t33_650M_UR50D/substrate.npz",
 "n_sublayers": 62,
 "n_units": 1280,
 "depth_profiles": {
  "amp_mean": [
   8.799448013305664,
   4.817398548126221,
   4.97879695892334,
   3.9059510231018066,
   4.007296085357666,
   3.4661388397216797,
   3.5543525218963623,
   3.2270379066467285,
   3.2718913555145264,
   3.0708069801330566,
   3.161623001098633,
   3.0121586322784424,
   3.132962465286255,
   3.0581746101379395,
   3.3258163928985596,
   3.2572131156921387,
   3.6407978534698486,
   3.9442458152770996,
   3.8805325031280518,
   3.666229248046875,
   3.774378538131714,
   3.6219940185546875,
   3.548475742340088,
   3.525892734527588,
   3.555926561355591,
   3.5833587646484375,
   3.485504627227783,
   3.560413360595703,
   3.4427292346954346,
   3.5142388343811035,
   3.7699458599090576,
   3.9967174530029297,
   3.8742873668670654,
   3.924546718597412,
   3.767364978790283,
   3.9215621948242188,
   3.9650638103485107,
   4.077944278717041,
   4.327556133270264,
   4.64273738861084,
   4.523409366607666,
   4.35959529876709,
   4.335575580596924,
   4.314967155456543,
   4.340399742126465,
   4.407395362854004,
   4.450874328613281,
   4.446662902832031,
   4.613869667053223,
   4.601009368896484,
   4.7422566413879395,
   4.729226589202881,
   4.899564743041992,
   4.875666618347168,
   5.069178104400635,
   5.279107093811035,
   5.535401344299316,
   6.223311901092529,
   6.3643717765808105,
   6.719442844390869,
   7.153968811035156,
   10.214509963989258
  ],
  "amp_modulation_mean": [
   1.0035934448242188,
   0.9987150430679321,
   1.0141500234603882,
   1.0049792528152466,
   1.0234735012054443,
   1.023434042930603,
   1.0364503860473633,
   1.0437400341033936,
   1.049728512763977,
   1.056236982345581,
   1.0655908584594727,
   1.068136215209961,
   1.091183066368103,
   1.1005303859710693,
   1.1562145948410034,
   1.1688058376312256,
   1.2598497867584229,
   1.3974753618240356,
   1.2854251861572266,
   1.2308099269866943,
   1.2250359058380127,
   1.1673951148986816,
   1.072666883468628,
   1.0515239238739014,
   1.0385427474975586,
   1.0129759311676025,
   0.9698160290718079,
   0.9490203857421875,
   0.9210987091064453,
   0.9200771450996399,
   0.9649571180343628,
   0.9856586456298828,
   0.9621032476425171,
   0.9403368234634399,
   0.9027377963066101,
   0.9266307950019836,
   0.9195623397827148,
   0.918365478515625,
   0.9638312458992004,
   1.0263875722885132,
   0.9943102598190308,
   0.9461008310317993,
   0.924477756023407,
   0.9028078317642212,
   0.8981310129165649,
   0.9101934432983398,
   0.9055839776992798,
   0.9037128686904907,
   0.9214065670967102,
   0.9176251292228699,
   0.9174367785453796,
   0.9118582606315613,
   0.9202374219894409,
   0.9094106554985046,
   0.9152129292488098,
   0.933090329170227,
   0.9440369606018066,
   1.0136067867279053,
   0.9804247617721558,
   0.9654380679130554,
   0.9577013254165649,
   0.9786373972892761
  ],
  "phase_consistency_across_units": [
   0.02286333031952381,
   0.024904917925596237,
   0.021117541939020157,
   0.032819680869579315,
   0.02153303474187851,
   0.027108315378427505,
   0.028676919639110565,
   0.043650124222040176,
   0.03922655060887337,
   0.045371346175670624,
   0.042838189750909805,
   0.04228093847632408,
   0.0436263345181942,
   0.039751388132572174,
   0.04778509959578514,
   0.02373872697353363,
   0.03269919008016586,
   0.029617836698889732,
   0.019928215071558952,
   0.012491708621382713,
   0.024282626807689667,
   0.013252140954136848,
   0.033323273062705994,
   0.02970711700618267,
   0.018098440021276474,
   0.02824319712817669,
   0.03197872266173363,
   0.028268368914723396,
   0.024545995518565178,
   0.025660092011094093,
   0.010117506608366966,
   0.01299258228391409,
   0.00858633778989315,
   0.018754811957478523,
   0.01286868005990982,
   0.018456846475601196,
   0.018666286021471024,
   0.0182426068931818,
   0.014097250066697598,
   0.005228887312114239,
   0.01040167361497879,
   0.002788653364405036,
   0.006698720622807741,
   0.019076069816946983,
   0.014072706922888756,
   0.016578994691371918,
   0.013377826660871506,
   0.008862840943038464,
   0.01963956281542778,
   0.012282926589250565,
   0.008248751051723957,
   0.014662045054137707,
   0.01517657283693552,
   0.02173338085412979,
   0.02334057167172432,
   0.01334074605256319,
   0.020220812410116196,
   0.0161677747964859,
   0.019299963489174843,
   0.018120456486940384,
   0.011243728920817375,
   0.02350449562072754
  ],
  "freq_mean": [
   0.14861801266670227,
   0.050090353935956955,
   0.1564919799566269,
   0.04807215556502342,
   0.14129269123077393,
   0.08139535039663315,
   0.13826648890972137,
   0.075641930103302,
   0.11249728500843048,
   0.0784708708524704,
   0.13602451980113983,
   0.09229625761508942,
   0.11889134347438812,
   0.10394537448883057,
   0.21783414483070374,
   0.09793557226657867,
   0.32415372133255005,
   0.32363882660865784,
   0.2704433500766754,
   0.2430434226989746,
   0.2980271875858307,
   0.20061306655406952,
   0.24357712268829346,
   0.17853209376335144,
   0.2637326717376709,
   0.15140140056610107,
   0.20749202370643616,
   0.15738502144813538,
   0.16385461390018463,
   0.14907877147197723,
   0.24679358303546906,
   0.2503228783607483,
   0.20970241725444794,
   0.15536537766456604,
   0.16625605523586273,
   0.21042823791503906,
   0.18898503482341766,
   0.1708652228116989,
   0.27440211176872253,
   0.3032238185405731,
   0.21871843934059143,
   0.20881064236164093,
   0.19238808751106262,
   0.19561156630516052,
   0.19143667817115784,
   0.2474885880947113,
   0.1547556221485138,
   0.21273627877235413,
   0.23051667213439941,
   0.21104112267494202,
   0.2539672553539276,
   0.19829311966896057,
   0.25510692596435547,
   0.17547813057899475,
   0.2901868224143982,
   0.1626027375459671,
   0.36007070541381836,
   0.29157283902168274,
   0.345897376537323,
   0.18268415331840515,
   0.515916109085083
  ],
  "freq_deviation_abs_mean": [
   0.3696514368057251,
   0.2426145076751709,
   0.28762057423591614,
   0.26475751399993896,
   0.24655166268348694,
   0.24725830554962158,
   0.23896639049053192,
   0.23611339926719666,
   0.24015851318836212,
   0.2588612139225006,
   0.24086618423461914,
   0.25501713156700134,
   0.2534177899360657,
   0.3353042006492615,
   0.3451049327850342,
   0.38020575046539307,
   0.4352720379829407,
   0.5299944877624512,
   0.45329946279525757,
   0.4422425329685211,
   0.45227670669555664,
   0.493211567401886,
   0.4044991135597229,
   0.39620158076286316,
   0.37500596046447754,
   0.387484073638916,
   0.358450323343277,
   0.3660765588283539,
   0.3376219868659973,
   0.40506941080093384,
   0.3970743715763092,
   0.3669106662273407,
   0.37251219153404236,
   0.371818482875824,
   0.36332446336746216,
   0.38106459379196167,
   0.35730141401290894,
   0.3956548273563385,
   0.40826672315597534,
   0.39752843976020813,
   0.37570318579673767,
   0.36730021238327026,
   0.36991095542907715,
   0.3572818636894226,
   0.35270577669143677,
   0.3381713628768921,
   0.35316380858421326,
   0.3512724041938782,
   0.3766911029815674,
   0.390547513961792,
   0.38376644253730774,
   0.4106135368347168,
   0.38292500376701355,
   0.42323246598243713,
   0.38970059156417847,
   0.4490829408168793,
   0.4344358444213867,
   0.5036843419075012,
   0.4293977618217468,
   0.4792313575744629,
   0.47162503004074097
  ]
 },
 "top_units_by_amp_modulation_max": [
  {
   "unit": 1176,
   "max_amp_mod": 4.604001522064209,
   "argmax_sublayer": 18
  },
  {
   "unit": 18,
   "max_amp_mod": 4.397603988647461,
   "argmax_sublayer": 18
  },
  {
   "unit": 848,
   "max_amp_mod": 4.28042459487915,
   "argmax_sublayer": 17
  },
  {
   "unit": 69,
   "max_amp_mod": 4.174189567565918,
   "argmax_sublayer": 0
  },
  {
   "unit": 107,
   "max_amp_mod": 4.153545379638672,