{
 "position": 3,
 "sequence_aa": "F",
 "substrate_file": "/home/dbrayjr5/esm2-osc/esm2_substrate_facebook_esm2_t33_650M_UR50D/substrate.npz",
 "n_sublayers": 62,
 "n_units": 1280,
 "validity_floor": {
  "quantile": 0.1,
  "absolute_value": 2.7328476905822754,
  "n_valid_cells": 71424,
  "n_total_cells": 79360,
  "fraction_valid": 0.9
 },
 "depth_profiles": {
  "amp_modulation_mean": [
   1.1614872217178345,
   1.165201187133789,
   1.1640198230743408,
   1.1545964479446411,
   1.1617867946624756,
   1.1564180850982666,
   1.1460827589035034,
   1.1455039978027344,
   1.1573412418365479,
   1.1509974002838135,
   1.1471376419067383,
   1.1454994678497314,
   1.1368069648742676,
   1.1355030536651611,
   1.1538641452789307,
   1.1453343629837036,
   1.1323013305664062,
   1.1423747539520264,
   1.1438261270523071,
   1.1651774644851685,
   1.2012271881103516,
   1.1988694667816162,
   1.2715816497802734,
   1.3012731075286865,
   1.203437328338623,
   1.1879565715789795,
   1.1226909160614014,
   1.064429521560669,
   1.0787887573242188,
   1.052921175956726,
   1.0733318328857422,
   1.0784220695495605,
   1.0829625129699707,
   1.040520191192627,
   1.0588289499282837,
   1.1087830066680908,
   1.0939744710922241,
   1.0634113550186157,
   1.065179467201233,
   1.0628440380096436,
   1.0774061679840088,
   1.1034923791885376,
   1.0613235235214233,
   1.0373783111572266,
   1.0622230768203735,
   1.0790174007415771,
   1.049605131149292,
   1.049798846244812,
   1.0643466711044312,
   1.1310478448867798,
   1.1374456882476807,
   1.1048728227615356,
   1.075510025024414,
   1.0673930644989014,
   1.0721248388290405,
   1.0787136554718018,
   1.1231491565704346,
   1.1702921390533447,
   1.1366134881973267,
   1.1629507541656494,
   1.1549240350723267,
   1.1339263916015625
  ],
  "amp_modulation_mean_valid_only": [
   1.1614872217178345,
   1.165201187133789,
   1.1640198230743408,
   1.1545964479446411,
   1.1617867946624756,
   1.157031536102295,
   1.1460827589035034,
   1.1552358865737915,
   1.1695542335510254,
   1.1538654565811157,
   1.1726027727127075,
   1.1546359062194824,
   1.1461248397827148,
   1.150443434715271,
   1.1404800415039062,
   1.1341280937194824,
   1.113608717918396,
   1.1076287031173706,
   1.1527931690216064,
   1.1644470691680908,
   1.2008016109466553,
   1.1955486536026,
   1.2715816497802734,
   1.3012731075286865,
   1.203437328338623,
   1.1879565715789795,
   1.1226909160614014,
   1.064429521560669,
   1.0787887573242188,
   1.052921175956726,
   1.0733318328857422,
   1.0784220695495605,
   1.0829625129699707,
   1.040520191192627,
   1.0588289499282837,
   1.1087830066680908,
   1.0939744710922241,
   1.0634113550186157,
   1.065179467201233,
   1.0628440380096436,
   1.0774061679840088,
   1.1034923791885376,
   1.0613235235214233,
   1.0373783111572266,
   1.0622230768203735,
   1.0790174007415771,
   1.049605131149292,
   1.049798846244812,
   1.0643466711044312,
   1.1310478448867798,
   1.1374456882476807,
   1.1048728227615356,
   1.075510025024414,
   1.0673930644989014,
   1.0721248388290405,
   1.0787136554718018,
   1.1231491565704346,
   1.1702921390533447,
   1.1366134881973267,
   1.1629507541656494,
   1.1549240350723267,
   1.1339263916015625
  ],
  "phase_consistency_across_units": [
   0.009204298257827759,
   0.012491093017160892,
   0.010001652874052525,
   0.019995657727122307,
   0.015554155223071575,
   0.03575747832655907,
   0.02680298127233982,
   0.03786875680088997,
   0.011645265854895115,
   0.02513767220079899,
   0.020131653174757957,
   0.01878887414932251,
   0.01810937561094761,
   0.020752616226673126,
   0.025985773652791977,
   0.020103031769394875,
   0.024754703044891357,
   0.014882688410580158,
   0.011462770402431488,
   0.013860361650586128,
   0.020306477323174477,
   0.03490278869867325,
   0.03171997517347336,
   0.027685146778821945,
   0.026746248826384544,
   0.024238063022494316,
   0.034273240715265274,
   0.027883095666766167,
   0.016256075352430344,
   0.020756198093295097,
   0.011983863078057766,
   0.009316620416939259,
   0.008470376953482628,
   0.014793409034609795,
   0.013314652256667614,
   0.010838543996214867,
   0.014428089372813702,
   0.013646072708070278,
   0.022740807384252548,
   0.013301197439432144,
   0.016963383182883263,
   0.014652471989393234,
   0.023007232695817947,
   0.013809265568852425,
   0.015896333381533623,
   0.013392648659646511,
   0.0165578443557024,
   0.013206404633820057,
   0.015501266345381737,
   0.007393977604806423,
   0.013153399340808392,
   0.011608749628067017,
   0.01676803268492222,
   0.018246419727802277,
   0.006071092095226049,
   0.009222457185387611,
   0.004692916292697191,
   0.014416568912565708,
   0.012666438706219196,
   0.00358414463698864,
   0.003233449999243021,
   0.015871411189436913
  ],
  "freq_mean": [
   0.193354532122612,
   0.04234868288040161,
   0.1339631974697113,
   0.06809447705745697,
   0.1579524427652359,
   0.05212394520640373,
   0.1247992292046547,
   0.0666397362947464,
   0.13910894095897675,
   0.08311423659324646,
   0.13849927484989166,
   0.09260548651218414,
   0.10394521057605743,
   0.11074688285589218,
   0.18471607565879822,
   0.09573142230510712,
   0.15655045211315155,
   0.1058613508939743,
   0.20723485946655273,
   0.11023713648319244,
   0.20722369849681854,
   0.11678540706634521,
   0.3248508870601654,
   0.2309500277042389,
   0.2334839403629303,
   0.20969900488853455,
   0.14591114223003387,
   0.16486290097236633,
   0.17852318286895752,
   0.11637613922357559,
   0.2285601645708084,
   0.18624255061149597,
   0.20080837607383728,
   0.15397703647613525,
   0.23377306759357452,
   0.22397145628929138,
   0.210852712392807,
   0.2076191008090973,
   0.19928447902202606,
   0.19282850623130798,
   0.2571960389614105,
   0.2383238524198532,
   0.17037129402160645,
   0.1998610496520996,
   0.2480766773223877,
   0.21779099106788635,
   0.1956879049539566,
   0.15460236370563507,
   0.22668015956878662,
   0.2931254506111145,
   0.27184951305389404,
   0.19169440865516663,
   0.23342855274677277,
   0.21794942021369934,
   0.24488067626953125,
   0.2077852040529251,
   0.36552271246910095,
   0.24698977172374725,
   0.3222740590572357,
   0.23865671455860138,
   0.5179387331008911
  ],
  "freq_deviation_abs_mean": [
   0.3289000391960144,
   0.2319319248199463,
   0.25897446274757385,
   0.23785515129566193,
   0.25054001808166504,
   0.23401720821857452,
   0.2218615561723709,
   0.23913519084453583,
   0.24870362877845764,
   0.27731356024742126,
   0.23951859772205353,
   0.25206243991851807,
   0.2294626533985138,
   0.29060298204421997,
   0.3171766698360443,
   0.3462851643562317,
   0.3016315698623657,
   0.32013076543807983,
   0.32961079478263855,
   0.34340381622314453,
   0.3289995789527893,
   0.3738951086997986,
   0.3667106032371521,
   0.39694759249687195,
   0.37779590487480164,
   0.38973504304885864,
   0.35372406244277954,
   0.3256545066833496,
   0.32673031091690063,
   0.3554460108280182,
   0.34002476930618286,
   0.35991233587265015,
   0.3229454457759857,
   0.361777126789093,
   0.3650335669517517,
   0.39242395758628845,
   0.34552502632141113,
   0.36479488015174866,
   0.37945085763931274,
   0.3755139410495758,
   0.37233489751815796,
   0.38789796829223633,
   0.3849312663078308,
   0.3634161651134491,
   0.34841328859329224,
   0.3581881523132324,
   0.35307222604751587,
   0.3987971842288971,
   0.41243353486061096,
   0.40517711639404297,
   0.3803074061870575,
   0.4042355418205261,
   0.39107489585876465,
   0.41938596963882446,
   0.3912331759929657,
   0.4665651321411133,
   0.44482821226119995,
   0.4562387466430664,
   0.40536826848983765,
   0.4650608003139496,
   0.45773905515670776
  ],