{
 "position": 69,
 "sequence_aa": "V",
 "substrate_file": "/Users/djbray/Desktop/esm2/esm2_substrate_facebook_esm2_t33_650M_UR50D/substrate.npz",
 "n_sublayers": 62,
 "n_units": 1280,
 "depth_profiles": {
  "amp_mean": [
   10.3096284866333,
   5.661871910095215,
   5.765369415283203,
   4.5120391845703125,
   4.547738552093506,
   3.9187119007110596,
   4.00766134262085,
   3.613173007965088,
   3.6467292308807373,
   3.389556884765625,
   3.4527618885040283,
   3.286280393600464,
   3.3589935302734375,
   3.2499337196350098,
   3.4208741188049316,
   3.264777421951294,
   3.438960552215576,
   3.3365912437438965,
   3.503735303878784,
   3.4922401905059814,
   3.6223511695861816,
   3.5663986206054688,
   3.964256763458252,
   4.091314792633057,
   3.9912796020507812,
   3.9224936962127686,
   4.057921409606934,
   4.142916679382324,
   4.0681328773498535,
   4.13618278503418,
   4.311120510101318,
   4.480502128601074,
   4.3695268630981445,
   4.523416519165039,
   4.408547878265381,
   4.494950294494629,
   4.681830406188965,
   4.695093154907227,
   4.980499267578125,
   5.336036682128906,
   5.190268039703369,
   5.212374210357666,
   5.396879196166992,
   5.635313987731934,
   5.764433860778809,
   5.908027172088623,
   5.869809150695801,
   5.777676582336426,
   5.772007942199707,
   5.729348659515381,
   5.950970649719238,
   5.991699695587158,
   6.1130876541137695,
   6.111076831817627,
   6.216715335845947,
   6.434475898742676,
   6.746128082275391,
   7.337335109710693,
   7.789727687835693,
   8.445198059082031,
   8.90858268737793,
   12.138492584228516
  ],
  "amp_modulation_mean": [
   1.1944719552993774,
   1.1910511255264282,
   1.1905310153961182,
   1.1751861572265625,
   1.1770079135894775,
   1.1695454120635986,
   1.182929515838623,
   1.1817353963851929,
   1.1851294040679932,
   1.1795282363891602,
   1.1785422563552856,
   1.1800050735473633,
   1.1836940050125122,
   1.1814944744110107,
   1.2014293670654297,
   1.1824381351470947,
   1.1939857006072998,
   1.1823112964630127,
   1.164611577987671,
   1.1798101663589478,
   1.181493878364563,
   1.1539160013198853,
   1.20929753780365,
   1.2344774007797241,
   1.1743381023406982,
   1.1183065176010132,
   1.1432297229766846,
   1.1188974380493164,
   1.100860357284546,
   1.093253254890442,
   1.114673376083374,
   1.1138253211975098,
   1.0948644876480103,
   1.0946013927459717,
   1.0673120021820068,
   1.0715163946151733,
   1.0959022045135498,
   1.0667047500610352,
   1.1180460453033447,
   1.1900635957717896,
   1.1503243446350098,
   1.1398948431015015,
   1.1608197689056396,
   1.1912004947662354,
   1.2059053182601929,
   1.2339584827423096,
   1.208319902420044,
   1.1866945028305054,
   1.1651384830474854,
   1.1556167602539062,
   1.1635348796844482,
   1.1675878763198853,
   1.1617919206619263,
   1.1519927978515625,
   1.1341973543167114,
   1.1489931344985962,
   1.1600542068481445,
   1.2027403116226196,
   1.2163193225860596,
   1.2278388738632202,
   1.2096364498138428,
   1.1841837167739868
  ],
  "phase_consistency_across_units": [
   0.026796728372573853,
   0.04288472235202789,
   0.029300324618816376,
   0.0500059500336647,
   0.039943672716617584,
   0.06444982439279556,
   0.0506812185049057,
   0.05596049875020981,
   0.052030254155397415,
   0.05175314471125603,
   0.0547679178416729,
   0.06127321720123291,
   0.05931311473250389,
   0.06410618871450424,
   0.055543411523103714,
   0.04283782094717026,
   0.05536803603172302,
   0.035673048347234726,
   0.04961995407938957,
   0.05023934319615364,
   0.04684547334909439,
   0.045913636684417725,
   0.04315079748630524,
   0.044210921972990036,
   0.03866045922040939,
   0.0403960719704628,
   0.03519166260957718,
   0.02700202167034149,
   0.02223234623670578,
   0.03238770365715027,
   0.023169541731476784,
   0.0182053092867136,
   0.01623910292983055,
   0.017642559483647346,
   0.00639955373480916,
   0.009703628718852997,
   0.00697022071108222,
   0.014712817035615444,
   0.002672025468200445,
   0.013802675530314445,
   0.02308681420981884,
   0.0074275946244597435,
   0.007544758729636669,
   0.01580737717449665,
   0.0207125935703516,
   0.009062271565198898,
   0.016116293147206306,
   0.011687621474266052,
   0.016964497044682503,
   0.013789249584078789,
   0.010289912112057209,
   0.011026270687580109,
   0.01518955361098051,
   0.016889266669750214,
   0.016051042824983597,
   0.02513647824525833,
   0.029408011585474014,
   0.008139326237142086,
   0.03247210755944252,
   0.03240898624062538,
   0.02984142303466797,
   0.04093782603740692
  ],
  "freq_mean": [
   0.16287466883659363,
   0.027919167652726173,
   0.17409197986125946,
   0.05550525337457657,
   0.0892513245344162,
   0.05638457462191582,
   0.14001691341400146,
   0.055306367576122284,
   0.11315946280956268,
   0.08074687421321869,
   0.12498962879180908,
   0.07751133292913437,
   0.10826124995946884,
   0.11117148399353027,
   0.14837005734443665,
   0.08397062122821808,
   0.17289674282073975,
   0.09421724081039429,
   0.20162472128868103,
   0.11888863891363144,
   0.17216023802757263,
   0.10051003843545914,
   0.27997273206710815,
   0.1899990737438202,
   0.20422613620758057,
   0.09993381798267365,
   0.2249489277601242,
   0.18129713833332062,
   0.15481269359588623,
   0.1633370816707611,
   0.24665291607379913,
   0.18124304711818695,
   0.21165966987609863,
   0.17821004986763,
   0.14586816728115082,
   0.17841053009033203,
   0.18836404383182526,
   0.1386077105998993,
   0.2796255052089691,
   0.2457103431224823,
   0.18443700671195984,
   0.2163282334804535,
   0.20825791358947754,
   0.24443784356117249,
   0.23986300826072693,
   0.22557127475738525,
   0.2046126425266266,
   0.20265474915504456,
   0.16400545835494995,
   0.20929384231567383,
   0.2122485190629959,
   0.2008204460144043,
   0.23229637742042542,
   0.15962156653404236,
   0.24447929859161377,
   0.19474658370018005,
   0.28086143732070923,
   0.24781398475170135,
   0.3377201557159424,
   0.20421139895915985,
   0.5212823748588562
  ],
  "freq_deviation_abs_mean": [
   0.3588819205760956,
   0.2301194667816162,
   0.26100626587867737,
   0.25485673546791077,
   0.2462795525789261,
   0.23479783535003662,
   0.22620615363121033,
   0.2284729927778244,
   0.22277355194091797,
   0.23624329268932343,
   0.21849389374256134,
   0.2541491985321045,
   0.2364543378353119,
   0.26278814673423767,
   0.2865685224533081,
   0.30994337797164917,
   0.2873757481575012,
   0.32872825860977173,
   0.31852275133132935,
   0.35875043272972107,
   0.3359258770942688,
   0.36563950777053833,
   0.37714236974716187,
   0.41998010873794556,
   0.33564576506614685,
   0.3536076247692108,
   0.3486490249633789,
   0.3529951572418213,
   0.3379659354686737,
   0.3445061147212982,
   0.358634889125824,
   0.35833877325057983,
   0.34109631180763245,
   0.3378462493419647,
   0.3406575322151184,
   0.34768709540367126,
   0.3181495666503906,
   0.34654802083969116,
   0.3663104474544525,
   0.3768850564956665,
   0.381096750497818,
   0.3866070806980133,
   0.39179477095603943,
   0.35377877950668335,
   0.3643500506877899,
   0.35727065801620483,
   0.3508537709712982,
   0.3384697437286377,
   0.3413243889808655,
   0.335829496383667,
   0.3564360737800598,
   0.3583764433860779,
   0.3434639573097229,
   0.38308802247047424,
   0.3832164406776428,
   0.4213029742240906,
   0.4228941798210144,
   0.4493575096130371,
   0.4253573417663574,
   0.47579869627952576,
   0.449493408203125
  ]
 },
 "top_units_by_amp_modulation_max": [
  {
   "unit": 1146,
   "max_amp_mod": 5.238464832305908,
   "argmax_sublayer": 7
  },
  {
   "unit": 420,
   "max_amp_mod": 4.967090129852295,
   "argmax_sublayer": 0
  },
  {
   "unit": 119,
   "max_amp_mod": 4.890589237213135,
   "argmax_sublayer": 1
  },
  {
   "unit": 395,
   "max_amp_mod": 4.7262067794799805,
   "argmax_sublayer": 22
  },
  {
   "unit": 1205,
   "max_amp_mod": 4.594474792480469,