{
 "position": 22,
 "sequence_aa": "I",
 "substrate_file": "/home/dbrayjr5/esm2-osc/esm2_substrate_facebook_esm2_t33_650M_UR50D/substrate.npz",
 "n_sublayers": 62,
 "n_units": 1280,
 "validity_floor": {
  "quantile": 0.1,
  "absolute_value": 2.7328476905822754,
  "n_valid_cells": 71424,
  "n_total_cells": 79360,
  "fraction_valid": 0.9
 },
 "depth_profiles": {
  "amp_modulation_mean": [
   1.2441478967666626,
   1.2343982458114624,
   1.238018274307251,
   1.207148790359497,
   1.220320701599121,
   1.2022886276245117,
   1.2099244594573975,
   1.2018095254898071,
   1.2132823467254639,
   1.205578088760376,
   1.2064785957336426,
   1.1903307437896729,
   1.2079423666000366,
   1.2030153274536133,
   1.2677663564682007,
   1.2651187181472778,
   1.339120864868164,
   1.4287829399108887,
   1.3389407396316528,
   1.2930221557617188,
   1.2754918336868286,
   1.2333225011825562,
   1.1816093921661377,
   1.1811015605926514,
   1.1915607452392578,
   1.1788053512573242,
   1.1076860427856445,
   1.0918928384780884,
   1.051844835281372,
   1.0387462377548218,
   1.025305151939392,
   0.9968821406364441,
   1.022193193435669,
   1.0087541341781616,
   1.0396718978881836,
   1.0533597469329834,
   1.0442200899124146,
   1.0557305812835693,
   1.0942010879516602,
   1.185632348060608,
   1.1625328063964844,
   1.1513416767120361,
   1.1401493549346924,
   1.135663390159607,
   1.150216817855835,
   1.1720277070999146,
   1.1516199111938477,
   1.151241660118103,
   1.1739397048950195,
   1.1796343326568604,
   1.2183805704116821,
   1.2985925674438477,
   1.2987695932388306,
   1.2854065895080566,
   1.2703866958618164,
   1.281488060951233,
   1.294329047203064,
   1.265917181968689,
   1.245794653892517,
   1.255323886871338,
   1.2100303173065186,
   1.2178068161010742
  ],
  "amp_modulation_mean_valid_only": [
   1.2441478967666626,
   1.2343982458114624,
   1.238018274307251,
   1.207148790359497,
   1.220320701599121,
   1.2031766176223755,
   1.2099244594573975,
   1.2034538984298706,
   1.2150408029556274,
   1.2061731815338135,
   1.187861442565918,
   1.2046505212783813,
   1.2034353017807007,
   1.2463843822479248,
   1.2727458477020264,
   1.2824852466583252,
   1.3104102611541748,
   1.4048137664794922,
   1.3178191184997559,
   1.2800451517105103,
   1.2711901664733887,
   1.229723334312439,
   1.1816093921661377,
   1.1811015605926514,
   1.1915607452392578,
   1.1788053512573242,
   1.1076860427856445,
   1.0918928384780884,
   1.051844835281372,
   1.0387462377548218,
   1.025305151939392,
   0.9968821406364441,
   1.022193193435669,
   1.0087541341781616,
   1.0396718978881836,
   1.0533597469329834,
   1.0442200899124146,
   1.0557305812835693,
   1.0942010879516602,
   1.185632348060608,
   1.1625328063964844,
   1.1513416767120361,
   1.1401493549346924,
   1.135663390159607,
   1.150216817855835,
   1.1720277070999146,
   1.1516199111938477,
   1.151241660118103,
   1.1739397048950195,
   1.1796343326568604,
   1.2183805704116821,
   1.2985925674438477,
   1.2987695932388306,
   1.2854065895080566,
   1.2703866958618164,
   1.281488060951233,
   1.294329047203064,
   1.265917181968689,
   1.245794653892517,
   1.255323886871338,
   1.2100303173065186,
   1.2178068161010742
  ],
  "phase_consistency_across_units": [
   0.013097821734845638,
   0.018728982657194138,
   0.01867489144206047,
   0.030183183029294014,
   0.013085088692605495,
   0.02879427932202816,
   0.01564096100628376,
   0.03249292075634003,
   0.018383771181106567,
   0.02814481407403946,
   0.01471311692148447,
   0.0176412221044302,
   0.012932960875332355,
   0.008323767222464085,
   0.021524790674448013,
   0.01460993755608797,
   0.020284878090023994,
   0.02923770435154438,
   0.024981869384646416,
   0.020795779302716255,
   0.013879990205168724,
   0.025098692625761032,
   0.028862057253718376,
   0.028399955481290817,
   0.01074709091335535,
   0.004409789107739925,
   0.015202357433736324,
   0.019931962713599205,
   0.02543341927230358,
   0.009360270574688911,
   0.011631889268755913,
   0.01171205099672079,
   0.009118164889514446,
   0.020627547055482864,
   0.019489306956529617,
   0.019382217898964882,
   0.022767193615436554,
   0.02523922547698021,
   0.027231857180595398,
   0.00804157555103302,
   0.015723833814263344,
   0.007845316082239151,
   0.000944597995840013,
   0.009653767570853233,
   0.01194288395345211,
   0.014952467754483223,
   0.01560188364237547,
   0.01808183826506138,
   0.02071615867316723,
   0.02151241898536682,
   0.012526854872703552,
   0.02307019755244255,
   0.01629057340323925,
   0.013874298892915249,
   0.00945628248155117,
   0.01474945992231369,
   0.015188579447567463,
   0.008780201897025108,
   0.015357582829892635,
   0.00755210779607296,
   0.01226138323545456,
   0.010366220958530903
  ],
  "freq_mean": [
   0.15304632484912872,
   0.044190920889377594,
   0.16153617203235626,
   0.02931445837020874,
   0.1388072669506073,
   0.0556623749434948,
   0.15235574543476105,
   0.06379662454128265,
   0.11605076491832733,
   0.08248081058263779,
   0.11625848710536957,
   0.06351642310619354,
   0.1075955182313919,
   0.1005101203918457,
   0.19527558982372284,
   0.102124884724617,
   0.2984016537666321,
   0.23686441779136658,
   0.2596108913421631,
   0.15384165942668915,
   0.254312664270401,
   0.1283375471830368,
   0.24210552871227264,
   0.1722235083580017,
   0.2712326645851135,
   0.18562555313110352,
   0.18407800793647766,
   0.16342875361442566,
   0.14002594351768494,
   0.16417352855205536,
   0.16262641549110413,
   0.16130360960960388,
   0.17422491312026978,
   0.15156002342700958,
   0.1997818499803543,
   0.17653842270374298,
   0.18198175728321075,
   0.17699220776557922,
   0.2599240243434906,
   0.2801033854484558,
   0.20734095573425293,
   0.20620179176330566,
   0.20546436309814453,
   0.2338705062866211,
   0.2325170934200287,
   0.22862866520881653,
   0.2133438140153885,
   0.23836660385131836,
   0.21719853579998016,
   0.1915336400270462,
   0.2591405510902405,
   0.2909674346446991,
   0.2768002450466156,
   0.18821337819099426,
   0.2599571943283081,
   0.21634075045585632,
   0.3000863194465637,
   0.18462097644805908,
   0.36397886276245117,
   0.1717275083065033,
   0.46885156631469727
  ],
  "freq_deviation_abs_mean": [
   0.3059411644935608,
   0.18868401646614075,
   0.22171981632709503,
   0.21497412025928497,
   0.22595958411693573,
   0.22261734306812286,
   0.22000661492347717,
   0.22524432837963104,
   0.22283729910850525,
   0.23228240013122559,
   0.2227153331041336,
   0.24904076755046844,
   0.23862877488136292,
   0.29247188568115234,
   0.3235647678375244,
   0.363640159368515,
   0.3987142741680145,
   0.49982404708862305,
   0.39429548382759094,
   0.40311750769615173,
   0.3814438283443451,
   0.44383716583251953,
   0.36240044236183167,
   0.3832426071166992,
   0.3434261977672577,
   0.36917993426322937,
   0.346487820148468,
   0.32967376708984375,
   0.3235270380973816,
   0.3398450016975403,
   0.3301883339881897,
   0.32980746030807495,
   0.3415895402431488,
   0.3606918752193451,
   0.36491864919662476,
   0.3795616328716278,
   0.3624628484249115,
   0.38607197999954224,
   0.38209325075149536,
   0.3785839378833771,
   0.3732583522796631,
   0.3848347067832947,
   0.3915002942085266,
   0.392586886882782,
   0.38833901286125183,
   0.35534220933914185,
   0.35792359709739685,
   0.3703608512878418,
   0.34634119272232056,
   0.40152913331985474,
   0.44819092750549316,
   0.42054128646850586,
   0.37319421768188477,
   0.39849039912223816,
   0.36991018056869507,
   0.4154682159423828,
   0.392151415348053,
   0.3978838324546814,
   0.3546404242515564,
   0.4272330403327942,
   0.41584792733192444
  ],