{
 "position": 23,
 "sequence_aa": "E",
 "substrate_file": "/home/dbrayjr5/esm2-osc/esm2_substrate_facebook_esm2_t33_650M_UR50D/substrate.npz",
 "n_sublayers": 62,
 "n_units": 1280,
 "validity_floor": {
  "quantile": 0.1,
  "absolute_value": 2.7328476905822754,
  "n_valid_cells": 71424,
  "n_total_cells": 79360,
  "fraction_valid": 0.9
 },
 "depth_profiles": {
  "amp_modulation_mean": [
   1.1039001941680908,
   1.0816707611083984,
   1.095890998840332,
   1.0681178569793701,
   1.090532660484314,
   1.0805132389068604,
   1.0873113870620728,
   1.0871244668960571,
   1.095991849899292,
   1.0917645692825317,
   1.1029961109161377,
   1.0952132940292358,
   1.1228132247924805,
   1.1227589845657349,
   1.1839784383773804,
   1.1870100498199463,
   1.2765929698944092,
   1.4163812398910522,
   1.317943811416626,
   1.247096300125122,
   1.204880714416504,
   1.1271398067474365,
   1.0831807851791382,
   1.0736662149429321,
   1.056067705154419,
   1.0398118495941162,
   0.9961054921150208,
   0.9771183133125305,
   0.9493592381477356,
   0.9449607729911804,
   0.961315929889679,
   0.9422510266304016,
   0.9435604214668274,
   0.9211456179618835,
   0.9573684930801392,
   0.9861139059066772,
   0.9715709686279297,
   0.9864442944526672,
   0.9643839001655579,
   0.9948873519897461,
   0.9753238558769226,
   0.9506545066833496,
   0.9527145624160767,
   0.9392662048339844,
   0.9706323742866516,
   1.0154435634613037,
   0.9888885617256165,
   0.968863308429718,
   0.9759206771850586,
   0.9646579027175903,
   1.0112942457199097,
   1.0406677722930908,
   1.056741714477539,
   1.0805364847183228,
   1.0751537084579468,
   1.0915005207061768,
   1.1138966083526611,
   1.155556321144104,
   1.1246572732925415,
   1.1488763093948364,
   1.1462914943695068,
   1.0956337451934814
  ],
  "amp_modulation_mean_valid_only": [
   1.1039001941680908,
   1.0816707611083984,
   1.095890998840332,
   1.0681178569793701,
   1.090532660484314,
   1.0806776285171509,
   1.0873113870620728,
   1.0781248807907104,
   1.089336633682251,
   1.1017825603485107,
   1.0945539474487305,
   1.0835914611816406,
   1.1021841764450073,
   1.1380975246429443,
   1.1438820362091064,
   1.1783884763717651,
   1.2379571199417114,
   1.3656858205795288,
   1.2873214483261108,
   1.2159994840621948,
   1.190954327583313,
   1.119896650314331,
   1.0831807851791382,
   1.0736662149429321,
   1.056067705154419,
   1.0398118495941162,
   0.9961054921150208,
   0.9771183133125305,
   0.9493592381477356,
   0.9449607729911804,
   0.961315929889679,
   0.9422510266304016,
   0.9435604214668274,
   0.9211456179618835,
   0.9573684930801392,
   0.9861139059066772,
   0.9715709686279297,
   0.9864442944526672,
   0.9643839001655579,
   0.9948873519897461,
   0.9753238558769226,
   0.9506545066833496,
   0.9527145624160767,
   0.9392662048339844,
   0.9706323742866516,
   1.0154435634613037,
   0.9888885617256165,
   0.968863308429718,
   0.9759206771850586,
   0.9646579027175903,
   1.0112942457199097,
   1.0406677722930908,
   1.056741714477539,
   1.0805364847183228,
   1.0751537084579468,
   1.0915005207061768,
   1.1138966083526611,
   1.155556321144104,
   1.1246572732925415,
   1.1488763093948364,
   1.1462914943695068,
   1.0956337451934814
  ],
  "phase_consistency_across_units": [
   0.021731019020080566,
   0.025743424892425537,
   0.016593720763921738,
   0.032329753041267395,
   0.03051011636853218,
   0.039288099855184555,
   0.021064799278974533,
   0.03714029863476753,
   0.027109168469905853,
   0.03346652165055275,
   0.028458569198846817,
   0.026618409901857376,
   0.03296118229627609,
   0.026674970984458923,
   0.043867453932762146,
   0.026219762861728668,
   0.0260168369859457,
   0.026984237134456635,
   0.040800515562295914,
   0.03931684419512749,
   0.020974760875105858,
   0.037059489637613297,
   0.027277877554297447,
   0.029058700427412987,
   0.015903471037745476,
   0.010843351483345032,
   0.011692216619849205,
   0.014299371279776096,
   0.018930649384856224,
   0.014744915999472141,
   0.004290120676159859,
   0.0057383025996387005,
   0.010690904222428799,
   0.022837016731500626,
   0.010997778736054897,
   0.013243886642158031,
   0.005124613177031279,
   0.007807345595210791,
   0.01670566014945507,
   0.0032092316541820765,
   0.01034935936331749,
   0.015448815189301968,
   0.009925764054059982,
   0.01335543766617775,
   0.007870327681303024,
   0.010298256762325764,
   0.005817129276692867,
   0.017438512295484543,
   0.01976362243294716,
   0.019162798300385475,
   0.01834600605070591,
   0.00701152253895998,
   0.006954516749829054,
   0.00870555080473423,
   0.011591323651373386,
   0.014552710577845573,
   0.008446743711829185,
   0.006722507532685995,
   0.02564062736928463,
   0.012067379429936409,
   0.03401162475347519,
   0.03804909437894821
  ],
  "freq_mean": [
   0.15854039788246155,
   0.05143721029162407,
   0.17262974381446838,
   0.046633291989564896,
   0.14767314493656158,
   0.07925117015838623,
   0.14867393672466278,
   0.073509082198143,
   0.11415322124958038,
   0.07506124675273895,
   0.12886571884155273,
   0.0838560238480568,
   0.13622668385505676,
   0.09685005992650986,
   0.1847628653049469,
   0.09351910650730133,
   0.31929856538772583,
   0.2723134458065033,
   0.29147952795028687,
   0.19241543114185333,
   0.2902192175388336,
   0.1547764539718628,
   0.26847144961357117,
   0.1747158318758011,
   0.26122432947158813,
   0.1925852745771408,
   0.2089356631040573,
   0.16964411735534668,
   0.14622806012630463,
   0.1920228898525238,
   0.2547506093978882,
   0.17990359663963318,
   0.2051992416381836,
   0.16824382543563843,
   0.21271808445453644,
   0.19312846660614014,
   0.25098660588264465,
   0.2117414027452469,
   0.23615074157714844,
   0.24215713143348694,
   0.17798125743865967,
   0.20550589263439178,
   0.20442993938922882,
   0.1679411232471466,
   0.25087180733680725,
   0.26336273550987244,
   0.21454575657844543,
   0.2117878943681717,
   0.200985386967659,
   0.19569683074951172,
   0.3058519959449768,
   0.2218700349330902,
   0.2684071660041809,
   0.21274355053901672,
   0.3075936436653137,
   0.21463879942893982,
   0.3426234722137451,
   0.27734389901161194,
   0.3274156153202057,
   0.27936387062072754,
   0.5159645080566406
  ],
  "freq_deviation_abs_mean": [
   0.34806475043296814,
   0.23453903198242188,
   0.25815925002098083,
   0.2559342384338379,
   0.27359968423843384,
   0.253737211227417,
   0.237622931599617,
   0.24380531907081604,
   0.22399035096168518,
   0.2524079382419586,
   0.23981018364429474,
   0.27487295866012573,
   0.27092891931533813,
   0.3347397446632385,
   0.34059128165245056,
   0.3778461217880249,
   0.40594643354415894,
   0.5168032646179199,
   0.4186125695705414,
   0.4592753052711487,
   0.39392557740211487,
   0.4482768177986145,
   0.40426358580589294,
   0.4188947081565857,
   0.37289053201675415,
   0.3889807164669037,
   0.3648521602153778,
   0.34940725564956665,
   0.3342733383178711,
   0.3500806987285614,
   0.3462788164615631,
   0.33818957209587097,
   0.3311642110347748,
   0.3611578941345215,
   0.3898284435272217,
   0.3911455273628235,
   0.35545340180397034,
   0.36681491136550903,
   0.37225407361984253,
   0.3921787142753601,
   0.38621529936790466,
   0.3689383566379547,
   0.3737145960330963,
   0.41879019141197205,
   0.39985188841819763,
   0.3628648519515991,
   0.3638978600502014,
   0.3910558223724365,
   0.37786585092544556,
   0.4214678406715393,
   0.42780256271362305,
   0.42931118607521057,
   0.3989817500114441,
   0.43706458806991577,
   0.4167819619178772,
   0.4716135859489441,
   0.45106402039527893,
   0.4738510251045227,
   0.44672471284866333,
   0.500912070274353,
   0.4750696122646332
  ],