{
 "position": 13,
 "sequence_aa": "T",
 "substrate_file": "/Users/djbray/Desktop/esm2/esm2_substrate_facebook_esm2_t33_650M_UR50D/substrate.npz",
 "n_sublayers": 62,
 "n_units": 1280,
 "depth_profiles": {
  "amp_mean": [
   9.711320877075195,
   5.251538276672363,
   5.355890274047852,
   4.156854629516602,
   4.230809211730957,
   3.613600254058838,
   3.6911826133728027,
   3.2953286170959473,
   3.402818202972412,
   3.1326441764831543,
   3.1949987411499023,
   3.011723279953003,
   3.108543872833252,
   2.950119733810425,
   3.1412599086761475,
   2.993587017059326,
   3.1145689487457275,
   3.0749993324279785,
   3.3348870277404785,
   3.254941463470459,
   3.387294292449951,
   3.3587803840637207,
   3.7629637718200684,
   3.823603868484497,
   3.758031129837036,
   3.777487277984619,
   3.927433729171753,
   4.049006938934326,
   3.9355552196502686,
   3.983701705932617,
   3.9126040935516357,
   4.082961082458496,
   3.9432339668273926,
   4.017765045166016,
   4.133947849273682,
   4.313828945159912,
   4.313930511474609,
   4.349875450134277,
   4.587240695953369,
   4.890761375427246,
   4.876806735992432,
   4.944729804992676,
   4.888293266296387,
   4.778465270996094,
   4.797948837280273,
   4.851015090942383,
   5.002915859222412,
   5.0084075927734375,
   5.320474147796631,
   5.757561683654785,
   5.864820957183838,
   5.695559024810791,
   5.887157440185547,
   5.992971420288086,
   6.202996253967285,
   6.554790496826172,
   7.188672065734863,
   7.626365661621094,
   7.42333459854126,
   7.793665885925293,
   8.285141944885254,
   11.424426078796387
  ],
  "amp_modulation_mean": [
   1.1173899173736572,
   1.0988565683364868,
   1.1006337404251099,
   1.0787694454193115,
   1.089792013168335,
   1.0744969844818115,
   1.0848668813705444,
   1.072332501411438,
   1.0999177694320679,
   1.0859148502349854,
   1.0854994058609009,
   1.0758779048919678,
   1.0892524719238281,
   1.0670503377914429,
   1.09922194480896,
   1.0782701969146729,
   1.076613426208496,
   1.08553147315979,
   1.1029679775238037,
   1.0939269065856934,
   1.0981652736663818,
   1.0827093124389648,
   1.1423020362854004,
   1.1468193531036377,
   1.1002154350280762,
   1.0729048252105713,
   1.1013292074203491,
   1.0881084203720093,
   1.0609811544418335,
   1.0488344430923462,
   1.0073734521865845,
   1.0129379034042358,
   0.985970139503479,
   0.9710850715637207,
   0.9998235702514648,
   1.02854585647583,
   1.0086005926132202,
   0.9865783452987671,
   1.028869390487671,
   1.0895875692367554,
   1.0810739994049072,
   1.0809047222137451,
   1.0520093441009521,
   1.0088016986846924,
   1.0010029077529907,
   1.0102437734603882,
   1.027035117149353,
   1.026699423789978,
   1.0727366209030151,
   1.159468650817871,
   1.143377423286438,
   1.1065661907196045,
   1.1152782440185547,
   1.1272218227386475,
   1.1297703981399536,
   1.1687332391738892,
   1.2358176708221436,
   1.2503145933151245,
   1.1550642251968384,
   1.1291229724884033,
   1.1213433742523193,
   1.1064075231552124
  ],
  "phase_consistency_across_units": [
   0.011036193929612637,
   0.019733130931854248,
   0.011193600483238697,
   0.03150606527924538,
   0.021964622661471367,
   0.042453594505786896,
   0.037247028201818466,
   0.04665292426943779,
   0.03797293081879616,
   0.03335929661989212,
   0.029353031888604164,
   0.032076142728328705,
   0.037928257137537,
   0.0321241058409214,
   0.037739671766757965,
   0.02046392485499382,
   0.03247538208961487,
   0.022420605644583702,
   0.020753730088472366,
   0.03815249726176262,
   0.035679180175065994,
   0.046838901937007904,
   0.01740977354347706,
   0.04017380625009537,
   0.025315282866358757,
   0.028137188404798508,
   0.02785388194024563,
   0.030118180438876152,
   0.02157801017165184,
   0.029862413182854652,
   0.0024507350753992796,
   0.012770415283739567,
   0.019294440746307373,
   0.01608228124678135,
   0.016455478966236115,
   0.023739732801914215,
   0.018768897280097008,
   0.024519147351384163,
   0.013667340390384197,
   0.007686941884458065,
   0.013799133710563183,
   0.008130442351102829,
   0.0023554402869194746,
   0.004677716176956892,
   0.005088112782686949,
   0.017784178256988525,
   0.013169613666832447,
   0.0032649897038936615,
   0.015310012735426426,
   0.021188775077462196,
   0.01042184978723526,
   0.010136263445019722,
   0.01755903661251068,
   0.007560456171631813,
   0.01813657581806183,
   0.0044081793166697025,
   0.022514190524816513,
   0.010491927154362202,
   0.01553109847009182,
   0.014746147207915783,
   0.016327815130352974,
   0.01322257798165083
  ],
  "freq_mean": [
   0.16155342757701874,
   0.023872321471571922,
   0.15536820888519287,
   0.04720374569296837,
   0.12361321598291397,
   0.07066796720027924,
   0.10772655159235,
   0.08736433833837509,
   0.16662688553333282,
   0.10105104744434357,
   0.11383428424596786,
   0.12193075567483902,
   0.1368134319782257,
   0.10282750427722931,
   0.17619633674621582,
   0.09510328620672226,
   0.15848605334758759,
   0.12913832068443298,
   0.23504285514354706,
   0.10159625113010406,
   0.18695580959320068,
   0.1274280548095703,
   0.30594268441200256,
   0.1813376247882843,
   0.21964474022388458,
   0.17298641800880432,
   0.26491641998291016,
   0.17278626561164856,
   0.19840511679649353,
   0.15149405598640442,
   0.1985476315021515,
   0.20594239234924316,
   0.13517557084560394,
   0.16658399999141693,
   0.2259666621685028,
   0.20773442089557648,
   0.19022898375988007,
   0.15494951605796814,
   0.29553818702697754,
   0.26880019903182983,
   0.22407038509845734,
   0.2513329088687897,
   0.17932388186454773,
   0.18629786372184753,
   0.20969203114509583,
   0.18675875663757324,
   0.2067137211561203,
   0.18619747459888458,
   0.26248350739479065,
   0.29773154854774475,
   0.24950666725635529,
   0.1997729241847992,
   0.2727387547492981,
   0.19607263803482056,
   0.23960597813129425,
   0.2340559959411621,
   0.3932163715362549,
   0.24457073211669922,
   0.3012254238128662,
   0.1781059205532074,
   0.504474401473999
  ],
  "freq_deviation_abs_mean": [
   0.36213773488998413,
   0.24047596752643585,
   0.275838702917099,
   0.26137834787368774,
   0.24708744883537292,
   0.2402910739183426,
   0.23361138999462128,
   0.24768176674842834,
   0.27303701639175415,
   0.3034271001815796,
   0.250576913356781,
   0.2673361003398895,
   0.2507781982421875,
   0.31941211223602295,
   0.35016849637031555,
   0.35378941893577576,
   0.3230993151664734,
   0.37353959679603577,
   0.38430747389793396,
   0.4118751585483551,
   0.35633713006973267,
   0.409562349319458,
   0.39186638593673706,
   0.4096659719944,
   0.3593268394470215,
   0.376918226480484,
   0.3429887294769287,
   0.347243070602417,
   0.32308951020240784,
   0.3671342730522156,
   0.3769993185997009,
   0.3251655697822571,
   0.34123948216438293,
   0.35883083939552307,
   0.36910006403923035,
   0.3881275951862335,
   0.3466694951057434,
   0.40396466851234436,
   0.42647066712379456,
   0.4291691184043884,
   0.4117819666862488,
   0.3523437976837158,
   0.3668369650840759,
   0.3428119719028473,
   0.3340562582015991,
   0.3739951550960541,
   0.36416950821876526,
   0.4067517817020416,
   0.42653512954711914,
   0.38792458176612854,
   0.39469391107559204,
   0.42483919858932495,
   0.38429051637649536,
   0.39718949794769287,
   0.3829307556152344,
   0.4501735270023346,
   0.4189681112766266,
   0.44251304864883423,
   0.4023767113685608,
   0.45335251092910767,
   0.445965439081192
  ]
 },
 "top_units_by_amp_modulation_max": [
  {
   "unit": 228,
   "max_amp_mod": 4.91760778427124,
   "argmax_sublayer": 0
  },
  {
   "unit": 1258,
   "max_amp_mod": 4.6158623695373535,
   "argmax_sublayer": 61
  },
  {
   "unit": 598,
   "max_amp_mod": 4.132917881011963,
   "argmax_sublayer": 0
  },
  {
   "unit": 712,
   "max_amp_mod": 4.009984016418457,
   "argmax_sublayer": 1
  },
  {
   "unit": 1091,
   "max_amp_mod": 3.998558521270752,