{
 "position": 56,
 "sequence_aa": "S",
 "substrate_file": "/Users/djbray/Desktop/esm2/esm2_substrate_facebook_esm2_t33_650M_UR50D/substrate.npz",
 "n_sublayers": 62,
 "n_units": 1280,
 "depth_profiles": {
  "amp_mean": [
   10.13928508758545,
   5.465145111083984,
   5.650956630706787,
   4.353299140930176,
   4.457167148590088,
   3.818204164505005,
   3.8912651538848877,
   3.4783339500427246,
   3.5186080932617188,
   3.2717537879943848,
   3.3473167419433594,
   3.1432223320007324,
   3.2222633361816406,
   3.0930094718933105,
   3.2683358192443848,
   3.1526975631713867,
   3.2706916332244873,
   3.1727967262268066,
   3.407212495803833,
   3.3440277576446533,
   3.5576329231262207,
   3.455850601196289,
   3.938793897628784,
   4.0427727699279785,
   4.137202262878418,
   4.156979560852051,
   4.160863399505615,
   4.217121124267578,
   4.217621326446533,
   4.349652290344238,
   4.245845317840576,
   4.339499473571777,
   4.401150703430176,
   4.5333356857299805,
   4.560001373291016,
   4.771660804748535,
   4.733609199523926,
   4.636402130126953,
   5.230258941650391,
   5.464993953704834,
   5.381202697753906,
   5.642426490783691,
   5.550670623779297,
   5.759688377380371,
   5.540167331695557,
   5.49709415435791,
   5.483577251434326,
   5.283646583557129,
   5.489607810974121,
   5.4025163650512695,
   5.6279425621032715,
   5.7310309410095215,
   5.967625617980957,
   6.276181221008301,
   6.353734970092773,
   6.518934726715088,
   6.7921600341796875,
   7.039459228515625,
   7.385267734527588,
   8.103310585021973,
   8.566463470458984,
   11.9374418258667
  ],
  "amp_modulation_mean": [
   1.1728670597076416,
   1.146774411201477,
   1.166278600692749,
   1.133051872253418,
   1.1512153148651123,
   1.1413233280181885,
   1.147562861442566,
   1.1368051767349243,
   1.1407854557037354,
   1.1380255222320557,
   1.1422207355499268,
   1.1256272792816162,
   1.1307008266448975,
   1.121145486831665,
   1.1471657752990723,
   1.13896644115448,
   1.1336650848388672,
   1.121349573135376,
   1.1297242641448975,
   1.12588632106781,
   1.155346155166626,
   1.1148667335510254,
   1.1965129375457764,
   1.2151157855987549,
   1.214263677597046,
   1.1821504831314087,
   1.167541742324829,
   1.133543610572815,
   1.1361163854599,
   1.1454408168792725,
   1.0918515920639038,
   1.073311686515808,
   1.0982275009155273,
   1.0939314365386963,
   1.1018832921981812,
   1.1358554363250732,
   1.105041742324829,
   1.0495688915252686,
   1.1728259325027466,
   1.21440589427948,
   1.188641905784607,
   1.2289825677871704,
   1.1885457038879395,
   1.2130228281021118,
   1.15236496925354,
   1.1417230367660522,
   1.1228313446044922,
   1.078944444656372,
   1.1023496389389038,
   1.0838121175765991,
   1.0951344966888428,
   1.1125463247299194,
   1.128008484840393,
   1.1789381504058838,
   1.15303373336792,
   1.1596052646636963,
   1.1633107662200928,
   1.1490259170532227,
   1.148160696029663,
   1.1768296957015991,
   1.1596481800079346,
   1.1599088907241821
  ],
  "phase_consistency_across_units": [
   0.006966498214751482,
   0.01898004487156868,
   0.014214355498552322,
   0.016600320115685463,
   0.012986194342374802,
   0.03172330558300018,
   0.017277050763368607,
   0.03627481311559677,
   0.02882862091064453,
   0.039454907178878784,
   0.037235721945762634,
   0.04246453568339348,
   0.04514133557677269,
   0.02793814241886139,
   0.0325024388730526,
   0.010765010491013527,
   0.03344687074422836,
   0.023538703098893166,
   0.022378062829375267,
   0.011231628246605396,
   0.030679116025567055,
   0.03660568967461586,
   0.021007239818572998,
   0.0278838612139225,
   0.026797674596309662,
   0.022243140265345573,
   0.03120959736406803,
   0.03529855236411095,
   0.02787679433822632,
   0.028141634538769722,
   0.018460046499967575,
   0.007083454634994268,
   0.01017714198678732,
   0.017600245773792267,
   0.005374920554459095,
   0.014461755752563477,
   0.017523640766739845,
   0.007400860544294119,
   0.01665535196661949,
   0.02023404650390148,
   0.019076671451330185,
   0.03089548647403717,
   0.0026657916605472565,
   0.024741049855947495,
   0.026685243472456932,
   0.015108779072761536,
   0.01644461415708065,
   0.0233903881162405,
   0.013956090435385704,
   0.017822759225964546,
   0.016439339146018028,
   0.037640560418367386,
   0.023383278399705887,
   0.012359254993498325,
   0.03161852806806564,
   0.02127387933433056,
   0.03117940202355385,
   0.02886958420276642,
   0.03215603530406952,
   0.019929105415940285,
   0.006705834064632654,
   0.009218557737767696
  ],
  "freq_mean": [
   0.14864914119243622,
   0.035507164895534515,
   0.17783519625663757,
   0.024169081822037697,
   0.1675921231508255,
   0.05548900365829468,
   0.15387479960918427,
   0.05673893168568611,
   0.12267086654901505,
   0.09893780946731567,
   0.14661115407943726,
   0.08121828734874725,
   0.12002193927764893,
   0.094141885638237,
   0.16962242126464844,
   0.12695904076099396,
   0.1567004919052124,
   0.1339697390794754,
   0.20198531448841095,
   0.12892678380012512,
   0.1939758062362671,
   0.09104634821414948,
   0.29500117897987366,
   0.19726940989494324,
   0.2678445875644684,
   0.16495072841644287,
   0.21189434826374054,
   0.15896782279014587,
   0.24785585701465607,
   0.18249113857746124,
   0.19641944766044617,
   0.17765356600284576,
   0.21213611960411072,
   0.19304808974266052,
   0.19000793993473053,
   0.2681143581867218,
   0.14716120064258575,
   0.16594474017620087,
   0.2939656376838684,
   0.19229204952716827,
   0.2286195456981659,
   0.2293122261762619,
   0.24378922581672668,
   0.2573738694190979,
   0.1757189780473709,
   0.250534325838089,
   0.18696312606334686,
   0.21484680473804474,
   0.2120698243379593,
   0.1800464689731598,
   0.28579050302505493,
   0.17111749947071075,
   0.2673235535621643,
   0.23581747710704803,
   0.25332504510879517,
   0.2493451088666916,
   0.28629469871520996,
   0.21746177971363068,
   0.359356164932251,
   0.19792109727859497,
   0.5394642949104309
  ],
  "freq_deviation_abs_mean": [
   0.382414847612381,
   0.261199951171875,
   0.2846633791923523,
   0.2840377688407898,
   0.2830280661582947,
   0.279680460691452,
   0.26041728258132935,
   0.24987153708934784,
   0.24662582576274872,
   0.2537077069282532,
   0.24451348185539246,
   0.2652207314968109,
   0.24397356808185577,
   0.3053222596645355,
   0.31315216422080994,
   0.3437153697013855,
   0.29847264289855957,
   0.32119280099868774,
   0.34276658296585083,
   0.372245728969574,
   0.34037941694259644,
   0.3799349367618561,
   0.3769284188747406,
   0.41049736738204956,
   0.35776832699775696,
   0.3752287030220032,
   0.3684587776660919,
   0.38017457723617554,
   0.35402658581733704,
   0.3682210445404053,
   0.3477511405944824,
   0.3662787079811096,
   0.3841949701309204,
   0.3517419695854187,
   0.37282538414001465,
   0.3629375100135803,
   0.33629029989242554,
   0.37772029638290405,
   0.38642457127571106,
   0.3723565936088562,
   0.3836076557636261,
   0.4228380620479584,
   0.40513771772384644,
   0.3844683766365051,
   0.4067019522190094,
   0.36417898535728455,
   0.36263808608055115,
   0.3645956814289093,
   0.37201642990112305,
   0.4108683168888092,
   0.37957125902175903,
   0.4247417449951172,
   0.42058077454566956,
   0.4326499402523041,
   0.4208466410636902,
   0.41504353284835815,
   0.40819865465164185,
   0.4664779603481293,
   0.4255038797855377,
   0.4751669764518738,
   0.4529240131378174
  ]
 },
 "top_units_by_amp_modulation_max": [
  {
   "unit": 839,
   "max_amp_mod": 5.0958733558654785,
   "argmax_sublayer": 1
  },
  {
   "unit": 703,
   "max_amp_mod": 5.077202320098877,
   "argmax_sublayer": 1
  },
  {
   "unit": 596,
   "max_amp_mod": 4.693156719207764,
   "argmax_sublayer": 13
  },
  {
   "unit": 1263,
   "max_amp_mod": 4.487308979034424,
   "argmax_sublayer": 0
  },
  {
   "unit": 775,
   "max_amp_mod": 4.3612823486328125,