{
 "position": 10,
 "sequence_aa": "K",
 "substrate_file": "/Users/djbray/Desktop/esm2/esm2_substrate_facebook_esm2_t33_650M_UR50D/substrate.npz",
 "n_sublayers": 62,
 "n_units": 1280,
 "depth_profiles": {
  "amp_mean": [
   9.08488941192627,
   4.926508903503418,
   5.0739545822143555,
   3.917799472808838,
   3.9952316284179688,
   3.4068496227264404,
   3.4730124473571777,
   3.1154212951660156,
   3.1780078411102295,
   2.94718074798584,
   3.0276947021484375,
   2.851797342300415,
   2.9612009525299072,
   2.8287088871002197,
   3.0369961261749268,
   2.9119021892547607,
   3.0182366371154785,
   2.9686503410339355,
   3.2098793983459473,
   3.179108142852783,
   3.348599910736084,
   3.289876937866211,
   3.731539249420166,
   3.7744624614715576,
   3.5673747062683105,
   3.569556474685669,
   3.6948604583740234,
   3.780857563018799,
   3.7161033153533936,
   3.799182891845703,
   3.8853561878204346,
   3.929602861404419,
   3.7465686798095703,
   3.7515652179718018,
   3.887582778930664,
   4.089327812194824,
   4.161395072937012,
   4.3448615074157715,
   4.538356781005859,
   4.862308025360107,
   4.7131829261779785,
   4.618137359619141,
   4.615775108337402,
   4.561979293823242,
   4.7134904861450195,
   4.762146472930908,
   4.850224018096924,
   5.034694671630859,
   5.064717769622803,
   5.020388603210449,
   5.220424652099609,
   5.259243011474609,
   5.379798412322998,
   5.455135822296143,
   5.550392150878906,
   5.7646989822387695,
   6.0586934089660645,
   6.3881120681762695,
   6.592477321624756,
   7.4809112548828125,
   7.964318752288818,
   10.769670486450195
  ],
  "amp_modulation_mean": [
   1.0409002304077148,
   1.0259621143341064,
   1.0386650562286377,
   1.0126621723175049,
   1.0251513719558716,
   1.0101196765899658,
   1.0166596174240112,
   1.0096861124038696,
   1.0231964588165283,
   1.017502784729004,
   1.0227577686309814,
   1.0119413137435913,
   1.0323938131332397,
   1.018568992614746,
   1.0574445724487305,
   1.0444014072418213,
   1.0407249927520752,
   1.0444085597991943,
   1.059291958808899,
   1.0659563541412354,
   1.0835630893707275,
   1.0572082996368408,
   1.1329381465911865,
   1.133027195930481,
   1.0442357063293457,
   1.0118002891540527,
   1.0337599515914917,
   1.0135362148284912,
   1.0010219812393188,
   0.99982088804245,
   0.9991044998168945,
   0.9718073010444641,
   0.9337507486343384,
   0.9037607908248901,
   0.9384645223617554,
   0.9731408953666687,
   0.9708258509635925,
   0.9843472242355347,
   1.015920639038086,
   1.0809637308120728,
   1.0424625873565674,
   1.006082534790039,
   0.9886943697929382,
   0.959986686706543,
   0.9804019927978516,
   0.9883958101272583,
   0.9926567077636719,
   1.0300071239471436,
   1.0182735919952393,
   1.0080888271331787,
   1.015740156173706,
   1.0203245878219604,
   1.0175979137420654,
   1.0244410037994385,
   1.0079905986785889,
   1.0250426530838013,
   1.0382649898529053,
   1.0414674282073975,
   1.022719144821167,
   1.0835604667663574,
   1.0743751525878906,
   1.0385714769363403
  ],
  "phase_consistency_across_units": [
   0.01353961881250143,
   0.012807919643819332,
   0.020065071061253548,
   0.024256406351923943,
   0.022295992821455002,
   0.032590195536613464,
   0.017762068659067154,
   0.03838706016540527,
   0.022541429847478867,
   0.029991650953888893,
   0.01927163265645504,
   0.02254331298172474,
   0.019905615597963333,
   0.024447748437523842,
   0.022339768707752228,
   0.0038577094674110413,
   0.010908651165664196,
   0.01161440834403038,
   0.015177814289927483,
   0.014628421515226364,
   0.013410404324531555,
   0.01868448406457901,
   0.015986142680048943,
   0.027600888162851334,
   0.018017277121543884,
   0.020594028756022453,
   0.02394365333020687,
   0.021219659596681595,
   0.016237178817391396,
   0.015610205940902233,
   0.011480042710900307,
   0.010635774582624435,
   0.007723014801740646,
   0.023277975618839264,
   0.016905171796679497,
   0.01868470013141632,
   0.014076636172831059,
   0.014013736508786678,
   0.004829591605812311,
   0.02177971974015236,
   0.02324524335563183,
   0.004910591058433056,
   0.016139784827828407,
   0.015401124022901058,
   0.007111446466296911,
   0.008528606966137886,
   0.010207933373749256,
   0.012609983794391155,
   0.013573768548667431,
   0.012745050713419914,
   0.01847412995994091,
   0.009931172244250774,
   0.0033963783644139767,
   0.017191315069794655,
   0.005878703203052282,
   0.00824524462223053,
   0.01175723783671856,
   0.00672899791970849,
   0.014541445299983025,
   0.0191237460821867,
   0.01641780696809292,
   0.006408171262592077
  ],
  "freq_mean": [
   0.1276981383562088,
   0.06307107955217361,
   0.14324568212032318,
   0.06495742499828339,
   0.13554427027702332,
   0.06760207563638687,
   0.13322874903678894,
   0.0687071681022644,
   0.1329038143157959,
   0.0853748694062233,
   0.12273155152797699,
   0.07944617420434952,
   0.11775588989257812,
   0.08680558204650879,
   0.19965894520282745,
   0.09030182659626007,
   0.16155998408794403,
   0.10952272266149521,
   0.23588824272155762,
   0.1509520560503006,
   0.21380135416984558,
   0.12330794334411621,
   0.3290277123451233,
   0.1665981113910675,
   0.17729048430919647,
   0.15359731018543243,
   0.21929535269737244,
   0.16694462299346924,
   0.1843620240688324,
   0.19180485606193542,
   0.25077372789382935,
   0.18111293017864227,
   0.17251716554164886,
   0.1527247428894043,
   0.22001591324806213,
   0.17650499939918518,
   0.22428245842456818,
   0.20928020775318146,
   0.3009980320930481,
   0.28315114974975586,
   0.17807798087596893,
   0.23266282677650452,
   0.1750544011592865,
   0.20666280388832092,
   0.23034687340259552,
   0.20420880615711212,
   0.2595008313655853,
   0.2615020275115967,
   0.2447895109653473,
   0.1959926187992096,
   0.27256375551223755,
   0.20708684623241425,
   0.2576281428337097,
   0.19010886549949646,
   0.2481617033481598,
   0.22082729637622833,
   0.35492637753486633,
   0.20807135105133057,
   0.3681158423423767,
   0.25397953391075134,
   0.5447064638137817
  ],
  "freq_deviation_abs_mean": [
   0.3884464204311371,
   0.25157803297042847,
   0.2810492515563965,
   0.26602044701576233,
   0.26164135336875916,
   0.2619112730026245,
   0.25809410214424133,
   0.26036888360977173,
   0.26242512464523315,
   0.27391213178634644,
   0.24857179820537567,
   0.2680424153804779,
   0.2456340789794922,
   0.30457255244255066,
   0.330917626619339,
   0.35037702322006226,
   0.28968971967697144,
   0.3217101991176605,
   0.3465557098388672,
   0.3978765308856964,
   0.36672288179397583,
   0.43086153268814087,
   0.3839169442653656,
   0.41108188033103943,
   0.3430909514427185,
   0.34510743618011475,
   0.35177046060562134,
   0.36857640743255615,
   0.36530113220214844,
   0.37510547041893005,
   0.36540669202804565,
   0.34775012731552124,
   0.32408517599105835,
   0.3638969957828522,
   0.38602203130722046,
   0.4211111068725586,
   0.3866611123085022,
   0.4126870036125183,
   0.42665958404541016,
   0.43023356795310974,
   0.4088827967643738,
   0.3638147711753845,
   0.36066892743110657,
   0.3684374690055847,
   0.37329861521720886,
   0.382874459028244,
   0.4081876873970032,
   0.4019736349582672,
   0.3635347783565521,
   0.39202627539634705,
   0.3700616657733917,
   0.3802286684513092,
   0.36320367455482483,
   0.3977670669555664,
   0.3902076184749603,
   0.4440228343009949,
   0.4184550344944,
   0.4770422875881195,
   0.4500001072883606,
   0.5135509371757507,
   0.47408780455589294
  ]
 },
 "top_units_by_amp_modulation_max": [
  {
   "unit": 889,
   "max_amp_mod": 4.335794925689697,
   "argmax_sublayer": 1
  },
  {
   "unit": 688,
   "max_amp_mod": 3.9649722576141357,
   "argmax_sublayer": 59
  },
  {
   "unit": 840,
   "max_amp_mod": 3.9575862884521484,
   "argmax_sublayer": 15
  },
  {
   "unit": 950,
   "max_amp_mod": 3.913987398147583,
   "argmax_sublayer": 19
  },
  {
   "unit": 983,