{
 "position": 40,
 "sequence_aa": "Q",
 "substrate_file": "/home/dbrayjr5/esm2-osc/esm2_substrate_facebook_esm2_t33_650M_UR50D/substrate.npz",
 "n_sublayers": 62,
 "n_units": 1280,
 "validity_floor": {
  "quantile": 0.1,
  "absolute_value": 2.7328476905822754,
  "n_valid_cells": 71424,
  "n_total_cells": 79360,
  "fraction_valid": 0.9
 },
 "depth_profiles": {
  "amp_modulation_mean": [
   1.5073964595794678,
   1.5269372463226318,
   1.5109800100326538,
   1.498257040977478,
   1.4887840747833252,
   1.4736112356185913,
   1.4566630125045776,
   1.4500114917755127,
   1.4458495378494263,
   1.4383971691131592,
   1.4276349544525146,
   1.4228769540786743,
   1.4343578815460205,
   1.420570969581604,
   1.4595344066619873,
   1.4635463953018188,
   1.4192988872528076,
   1.4329371452331543,
   1.4170429706573486,
   1.4256271123886108,
   1.4491851329803467,
   1.4344478845596313,
   1.4849169254302979,
   1.483182430267334,
   1.4252526760101318,
   1.4514917135238647,
   1.3952871561050415,
   1.3980443477630615,
   1.380122184753418,
   1.302940845489502,
   1.30270516872406,
   1.2420932054519653,
   1.2639896869659424,
   1.2322015762329102,
   1.259824514389038,
   1.3089313507080078,
   1.2703725099563599,
   1.2540849447250366,
   1.2440448999404907,
   1.3280611038208008,
   1.3151544332504272,
   1.3694219589233398,
   1.3780044317245483,
   1.3663448095321655,
   1.4179790019989014,
   1.42556893825531,
   1.4007689952850342,
   1.4670852422714233,
   1.4720276594161987,
   1.4897871017456055,
   1.4746299982070923,
   1.4710525274276733,
   1.5167516469955444,
   1.501100778579712,
   1.4725816249847412,
   1.4471180438995361,
   1.431034803390503,
   1.4258146286010742,
   1.4181420803070068,
   1.4642714262008667,
   1.4497044086456299,
   1.4594690799713135
  ],
  "amp_modulation_mean_valid_only": [
   1.5073964595794678,
   1.5269372463226318,
   1.5109800100326538,
   1.498257040977478,
   1.4887840747833252,
   1.4714980125427246,
   1.4566630125045776,
   1.4247839450836182,
   1.4235881567001343,
   1.3890295028686523,
   1.3753525018692017,
   1.3294461965560913,
   1.4026975631713867,
   1.3366891145706177,
   1.424642562866211,
   1.428464412689209,
   1.3899447917938232,
   1.3741114139556885,
   1.3859879970550537,
   1.4011718034744263,
   1.4497960805892944,
   1.4358478784561157,
   1.4849169254302979,
   1.483182430267334,
   1.4252526760101318,
   1.4514917135238647,
   1.3952871561050415,
   1.3980443477630615,
   1.380122184753418,
   1.302940845489502,
   1.30270516872406,
   1.2420932054519653,
   1.2639896869659424,
   1.2322015762329102,
   1.259824514389038,
   1.3089313507080078,
   1.2703725099563599,
   1.2540849447250366,
   1.2440448999404907,
   1.3280611038208008,
   1.3151544332504272,
   1.3694219589233398,
   1.3780044317245483,
   1.3663448095321655,
   1.4179790019989014,
   1.42556893825531,
   1.4007689952850342,
   1.4670852422714233,
   1.4720276594161987,
   1.4897871017456055,
   1.4746299982070923,
   1.4710525274276733,
   1.5167516469955444,
   1.501100778579712,
   1.4725816249847412,
   1.4471180438995361,
   1.431034803390503,
   1.4258146286010742,
   1.4181420803070068,
   1.4642714262008667,
   1.4497044086456299,
   1.4594690799713135
  ],
  "phase_consistency_across_units": [
   0.025063531473279,
   0.020048508420586586,
   0.019527383148670197,
   0.015107207000255585,
   0.01080348715186119,
   0.025204339995980263,
   0.015867343172430992,
   0.02398212067782879,
   0.013306686654686928,
   0.014620019122958183,
   0.01649426482617855,
   0.014266178011894226,
   0.015267893671989441,
   0.013755093328654766,
   0.019236592575907707,
   0.008555091917514801,
   0.018982121720910072,
   0.027229798957705498,
   0.01981509104371071,
   0.01927275024354458,
   0.01411555428057909,
   0.022216811776161194,
   0.012239309027791023,
   0.022609278559684753,
   0.023854905739426613,
   0.025052595883607864,
   0.017661798745393753,
   0.022217463701963425,
   0.025264829397201538,
   0.0126834437251091,
   0.0004423618083819747,
   0.018416162580251694,
   0.023292774334549904,
   0.0167533066123724,
   0.004164599347859621,
   0.008658436127007008,
   0.010708419606089592,
   0.009223096072673798,
   0.008895925246179104,
   0.0077798012644052505,
   0.015111647546291351,
   0.020944135263562202,
   0.010997505858540535,
   0.007532963063567877,
   0.014284667558968067,
   0.012778296135365963,
   0.015546646900475025,
   0.008113340474665165,
   0.007213317323476076,
   0.011458235792815685,
   0.013193469494581223,
   0.012805127538740635,
   0.006489377003163099,
   0.006739968433976173,
   0.020838040858507156,
   0.014740359038114548,
   0.00971298385411501,
   0.014504311606287956,
   0.01283998042345047,
   0.004661240614950657,
   0.02168291248381138,
   0.02575695887207985
  ],
  "freq_mean": [
   0.165999174118042,
   0.029678571969270706,
   0.1310979574918747,
   0.05334799736738205,
   0.12271448224782944,
   0.05654262378811836,
   0.12685303390026093,
   0.05497608333826065,
   0.09892354905605316,
   0.06730528175830841,
   0.1050734892487526,
   0.0850377008318901,
   0.09859975427389145,
   0.0638369619846344,
   0.1939646154642105,
   0.06704056262969971,
   0.12360918521881104,
   0.08743105828762054,
   0.15982863306999207,
   0.0925036370754242,
   0.17029602825641632,
   0.08790493756532669,
   0.2916577458381653,
   0.1199195384979248,
   0.21738263964653015,
   0.15654881298542023,
   0.19935473799705505,
   0.2225453108549118,
   0.15559665858745575,
   0.16068044304847717,
   0.20025916397571564,
   0.16086094081401825,
   0.19444754719734192,
   0.1488899439573288,
   0.2198677808046341,
   0.1988454908132553,
   0.17343363165855408,
   0.16049978137016296,
   0.19943515956401825,
   0.22605247795581818,
   0.18673941493034363,
   0.24683871865272522,
   0.187686488032341,
   0.20536844432353973,
   0.24384696781635284,
   0.18719151616096497,
   0.22421321272850037,
   0.23020832240581512,
   0.20592518150806427,
   0.24188260734081268,
   0.20434851944446564,
   0.22703738510608673,
   0.2639009952545166,
   0.2186005562543869,
   0.2390238344669342,
   0.16591915488243103,
   0.2469441443681717,
   0.16068241000175476,
   0.29607468843460083,
   0.18057236075401306,
   0.4686841070652008
  ],
  "freq_deviation_abs_mean": [
   0.2868867516517639,
   0.1785689741373062,
   0.20283381640911102,
   0.1928403377532959,
   0.2066895216703415,
   0.21481509506702423,
   0.19923634827136993,
   0.2092759907245636,
   0.1933714896440506,
   0.21276196837425232,
   0.21298658847808838,
   0.21588483452796936,
   0.19647455215454102,
   0.2567712366580963,
   0.2685757875442505,
   0.30031314492225647,
   0.2222151756286621,
   0.275382936000824,
   0.2823687493801117,
   0.3097008466720581,
   0.30221089720726013,
   0.3573535084724426,
   0.32329368591308594,
   0.37299683690071106,
   0.326986700296402,
   0.3596409261226654,
   0.33560746908187866,
   0.3468208909034729,
   0.3475465774536133,
   0.3505823016166687,
   0.3426395356655121,
   0.3386668264865875,
   0.3152782917022705,
   0.33145850896835327,
   0.3275377154350281,
   0.35522833466529846,
   0.3496086299419403,
   0.3600675165653229,
   0.33932337164878845,
   0.3277566134929657,
   0.35635384917259216,
   0.35828104615211487,
   0.3657658100128174,
   0.356027752161026,
   0.360521525144577,
   0.352929025888443,
   0.3549157381057739,
   0.37434643507003784,
   0.3720267713069916,
   0.34893035888671875,
   0.36128902435302734,
   0.35885611176490784,
   0.36975526809692383,
   0.3692185878753662,
   0.3723598122596741,
   0.3572092652320862,
   0.3362016975879669,
   0.379023939371109,
   0.3511231541633606,
   0.3976489007472992,
   0.38634973764419556
  ],