{
 "position": 4,
 "sequence_aa": "V",
 "substrate_file": "/Users/djbray/Desktop/esm2/esm2_substrate_facebook_esm2_t33_650M_UR50D/substrate.npz",
 "n_sublayers": 62,
 "n_units": 1280,
 "depth_profiles": {
  "amp_mean": [
   10.883758544921875,
   6.1660003662109375,
   6.2363505363464355,
   4.9335432052612305,
   4.956170558929443,
   4.269684791564941,
   4.3144659996032715,
   3.911425828933716,
   3.939030170440674,
   3.6739776134490967,
   3.7470622062683105,
   3.5550665855407715,
   3.616262912750244,
   3.513625383377075,
   3.6644554138183594,
   3.568265438079834,
   3.6645126342773438,
   3.6456234455108643,
   3.8559978008270264,
   3.9064674377441406,
   4.112447261810303,
   4.177804946899414,
   4.655093193054199,
   4.933402061462402,
   4.653811931610107,
   4.90668249130249,
   4.7861762046813965,
   4.635369777679443,
   4.693431377410889,
   4.6486992835998535,
   4.898104190826416,
   5.12689208984375,
   5.020238399505615,
   5.055584907531738,
   5.040738105773926,
   5.397373199462891,
   5.520610809326172,
   5.639374256134033,
   5.620920658111572,
   5.186173439025879,
   5.363245487213135,
   5.343140602111816,
   5.468921661376953,
   5.575695037841797,
   5.815876483917236,
   6.031558036804199,
   5.862806797027588,
   5.811790943145752,
   5.797065258026123,
   5.913308620452881,
   6.088748455047607,
   6.122960090637207,
   6.271825790405273,
   6.573185920715332,
   6.596565246582031,
   6.594297885894775,
   6.9872145652771,
   7.486111640930176,
   7.5766425132751465,
   8.32952880859375,
   8.691164016723633,
   12.293319702148438
  ],
  "amp_modulation_mean": [
   1.2534457445144653,
   1.2929580211639404,
   1.283768892288208,
   1.2845849990844727,
   1.2821440696716309,
   1.2765157222747803,
   1.2729103565216064,
   1.2793267965316772,
   1.2790992259979248,
   1.279151439666748,
   1.2783501148223877,
   1.2767596244812012,
   1.2741637229919434,
   1.2798970937728882,
   1.2925043106079102,
   1.2972972393035889,
   1.274696946144104,
   1.2954673767089844,
   1.2825711965560913,
   1.3225380182266235,
   1.341006875038147,
   1.3565456867218018,
   1.4239760637283325,
   1.4947030544281006,
   1.37591552734375,
   1.4079246520996094,
   1.355124831199646,
   1.2579776048660278,
   1.2779357433319092,
   1.2344249486923218,
   1.2700139284133911,
   1.2803739309310913,
   1.2624244689941406,
   1.2267048358917236,
   1.2246959209442139,
   1.2896150350570679,
   1.2932538986206055,
   1.282261848449707,
   1.2595583200454712,
   1.1519684791564941,
   1.1869113445281982,
   1.1667982339859009,
   1.1755317449569702,
   1.177307367324829,
   1.2147003412246704,
   1.2571748495101929,
   1.2046388387680054,
   1.1935759782791138,
   1.1682604551315308,
   1.1900137662887573,
   1.1872484683990479,
   1.1912038326263428,
   1.1881577968597412,
   1.2363097667694092,
   1.1991676092147827,
   1.1711626052856445,
   1.1955349445343018,
   1.2196576595306396,
   1.1747214794158936,
   1.203190565109253,
   1.1743593215942383,
   1.19062077999115
  ],
  "phase_consistency_across_units": [
   0.014091605320572853,
   0.014285208657383919,
   0.01905415952205658,
   0.02767428755760193,
   0.01880301907658577,
   0.036175526678562164,
   0.026815315708518028,
   0.03654833883047104,
   0.02686033584177494,
   0.024569835513830185,
   0.016665339469909668,
   0.03105398453772068,
   0.0283073540776968,
   0.030062858015298843,
   0.021679222583770752,
   0.011318163946270943,
   0.015834370627999306,
   0.00737693952396512,
   0.0073888120241463184,
   0.009230127558112144,
   0.011594370938837528,
   0.013920210301876068,
   0.005978053901344538,
   0.008182736113667488,
   0.012151136994361877,
   0.008460241369903088,
   0.015047156251966953,
   0.015788594260811806,
   0.007593751884996891,
   0.007030661217868328,
   0.007876887917518616,
   0.014490840025246143,
   0.013951907865703106,
   0.017309894785284996,
   0.023244919255375862,
   0.021264243870973587,
   0.02383286878466606,
   0.023815935477614403,
   0.019607901573181152,
   0.017065346240997314,
   0.013526752591133118,
   0.009900431148707867,
   0.018488861620426178,
   0.008963290601968765,
   0.01929471455514431,
   0.018155109137296677,
   0.009942231699824333,
   0.0062806131318211555,
   0.005895164329558611,
   0.0159685667604208,
   0.016204051673412323,
   0.019282864406704903,
   0.030735990032553673,
   0.017033129930496216,
   0.005771799944341183,
   0.010295087471604347,
   0.01035681925714016,
   0.01726999320089817,
   0.018760882318019867,
   0.013208630494773388,
   0.025375066325068474,
   0.017445145174860954
  ],
  "freq_mean": [
   0.2051529586315155,
   0.03789219260215759,
   0.16426026821136475,
   0.06480139493942261,
   0.13910868763923645,
   0.04505564644932747,
   0.13984133303165436,
   0.04332780838012695,
   0.12188182771205902,
   0.06383253633975983,
   0.13172587752342224,
   0.07519415766000748,
   0.11593475192785263,
   0.0826926901936531,
   0.17856231331825256,
   0.06054140254855156,
   0.14146986603736877,
   0.08360639214515686,
   0.18586114048957825,
   0.12163448333740234,
   0.2080116719007492,
   0.08263422548770905,
   0.30672600865364075,
   0.213406041264534,
   0.194187194108963,
   0.231197789311409,
   0.1552821695804596,
   0.15721632540225983,
   0.1611500084400177,
   0.12816105782985687,
   0.2518894374370575,
   0.21461395919322968,
   0.1981900930404663,
   0.15212148427963257,
   0.19964073598384857,
   0.2331968992948532,
   0.20791928470134735,
   0.2687811851501465,
   0.19717195630073547,
   0.12117769569158554,
   0.23353151977062225,
   0.15926989912986755,
   0.23284831643104553,
   0.19261372089385986,
   0.24841003119945526,
   0.2307242453098297,
   0.1890040934085846,
   0.1815914809703827,
   0.19897322356700897,
   0.20046797394752502,
   0.2501620352268219,
   0.14936032891273499,
   0.251720130443573,
   0.24310532212257385,
   0.21950168907642365,
   0.17831702530384064,
   0.3143557608127594,
   0.1995452344417572,
   0.27463945746421814,
   0.18164288997650146,
   0.45898255705833435
  ],
  "freq_deviation_abs_mean": [
   0.30688634514808655,
   0.2021527737379074,
   0.2319408655166626,
   0.2306007444858551,
   0.20820650458335876,
   0.21518683433532715,
   0.19313544034957886,
   0.21634988486766815,
   0.2092168778181076,
   0.2326851785182953,
   0.21804256737232208,
   0.2503754198551178,
   0.22851340472698212,
   0.2769709527492523,
   0.27915826439857483,
   0.293861448764801,
   0.255183607339859,
   0.303144246339798,
   0.30375319719314575,
   0.33647873997688293,
   0.3293871581554413,
   0.36625099182128906,
   0.3388727307319641,
   0.3766898810863495,
   0.35260340571403503,
   0.3463684320449829,
   0.33274489641189575,
   0.31629547476768494,
   0.3182595372200012,
   0.34562015533447266,
   0.3560190796852112,
   0.3438774049282074,
   0.3319763243198395,
   0.3609609603881836,
   0.3641948997974396,
   0.37425780296325684,
   0.37560921907424927,
   0.38044804334640503,
   0.35692542791366577,
   0.36535611748695374,
   0.3335134983062744,
   0.3717665672302246,
   0.34319600462913513,
   0.38928261399269104,
   0.35779818892478943,
   0.3317437171936035,
   0.35070595145225525,
   0.34801310300827026,
   0.34942156076431274,
   0.37474605441093445,
   0.35789793729782104,
   0.4216609001159668,
   0.4018884599208832,
   0.4010546803474426,
   0.3732050359249115,
   0.4162009358406067,
   0.37947729229927063,
   0.39494186639785767,
   0.38199612498283386,
   0.44804900884628296,
   0.44384413957595825
  ]
 },
 "top_units_by_amp_modulation_max": [
  {
   "unit": 876,
   "max_amp_mod": 5.668632984161377,
   "argmax_sublayer": 35
  },
  {
   "unit": 246,
   "max_amp_mod": 5.507063388824463,
   "argmax_sublayer": 13
  },
  {
   "unit": 366,
   "max_amp_mod": 5.355309963226318,
   "argmax_sublayer": 1
  },
  {
   "unit": 373,
   "max_amp_mod": 5.230271339416504,
   "argmax_sublayer": 5
  },
  {
   "unit": 1124,
   "max_amp_mod": 5.18489933013916,