{
 "position": 2,
 "sequence_aa": "I",
 "substrate_file": "/Users/djbray/Desktop/esm2/esm2_substrate_facebook_esm2_t33_650M_UR50D/substrate.npz",
 "n_sublayers": 62,
 "n_units": 1280,
 "depth_profiles": {
  "amp_mean": [
   10.477625846862793,
   5.8972954750061035,
   5.994710445404053,
   4.737410545349121,
   4.764021873474121,
   4.11133337020874,
   4.156963348388672,
   3.7461838722229004,
   3.7853310108184814,
   3.5149173736572266,
   3.605053424835205,
   3.4364304542541504,
   3.5077404975891113,
   3.3827309608459473,
   3.5570762157440186,
   3.4641623497009277,
   3.5150198936462402,
   3.4836182594299316,
   3.7060019969940186,
   3.7309036254882812,
   3.9493298530578613,
   3.9987869262695312,
   4.420774936676025,
   4.669901371002197,
   4.460520267486572,
   4.662171363830566,
   4.481201171875,
   4.348107814788818,
   4.3775200843811035,
   4.353559970855713,
   4.61749267578125,
   4.764206886291504,
   4.733358860015869,
   4.818793773651123,
   4.887048721313477,
   5.386568069458008,
   5.377235412597656,
   5.166121006011963,
   5.083220481872559,
   4.8430867195129395,
   5.05736780166626,
   5.124575614929199,
   5.241135597229004,
   5.306670188903809,
   5.521917343139648,
   5.676177978515625,
   5.576108932495117,
   5.623219966888428,
   5.610260963439941,
   5.581711769104004,
   5.790581703186035,
   5.83670711517334,
   5.9585137367248535,
   6.244693756103516,
   6.257005214691162,
   6.346235752105713,
   6.72658634185791,
   7.1506853103637695,
   7.3531317710876465,
   8.044682502746582,
   8.19510269165039,
   11.800204277038574
  ],
  "amp_modulation_mean": [
   1.1994898319244385,
   1.2298674583435059,
   1.227310061454773,
   1.2268410921096802,
   1.2239872217178345,
   1.2205603122711182,
   1.2192494869232178,
   1.216970682144165,
   1.220628023147583,
   1.2155414819717407,
   1.2216507196426392,
   1.2259635925292969,
   1.2284117937088013,
   1.224036455154419,
   1.248098611831665,
   1.2542240619659424,
   1.2172589302062988,
   1.231710433959961,
   1.2288175821304321,
   1.2583649158477783,
   1.2834186553955078,
   1.2935428619384766,
   1.3487781286239624,
   1.4105265140533447,
   1.3145259618759155,
   1.3336690664291382,
   1.2642532587051392,
   1.1758334636688232,
   1.1870381832122803,
   1.1524871587753296,
   1.1939895153045654,
   1.1859374046325684,
   1.1876351833343506,
   1.1670682430267334,
   1.1849781274795532,
   1.2854359149932861,
   1.2567609548568726,
   1.1717935800552368,
   1.1374056339263916,
   1.0744476318359375,
   1.1176860332489014,
   1.1181198358535767,
   1.1247470378875732,
   1.1184284687042236,
   1.1515922546386719,
   1.1805002689361572,
   1.1434767246246338,
   1.1524819135665894,
   1.1280763149261475,
   1.120773196220398,
   1.1268781423568726,
   1.1326440572738647,
   1.1249390840530396,
   1.1717544794082642,
   1.133131742477417,
   1.1231672763824463,
   1.1450127363204956,
   1.1576998233795166,
   1.1351972818374634,
   1.1569067239761353,
   1.1000620126724243,
   1.135223150253296
  ],
  "phase_consistency_across_units": [
   0.01355079747736454,
   0.016326088458299637,
   0.021001432090997696,
   0.02284349501132965,
   0.0207376629114151,
   0.034009307622909546,
   0.028510913252830505,
   0.04078799858689308,
   0.03369086980819702,
   0.03812156617641449,
   0.031917355954647064,
   0.0399753674864769,
   0.04681704565882683,
   0.052002549171447754,
   0.042417991906404495,
   0.024184314534068108,
   0.04150152951478958,
   0.03446977958083153,
   0.04199367016553879,
   0.026179831475019455,
   0.037026479840278625,
   0.04574672132730484,
   0.02689761109650135,
   0.025139013305306435,
   0.022295085713267326,
   0.023113952949643135,
   0.03476446494460106,
   0.03763303533196449,
   0.042109712958335876,
   0.034711915999650955,
   0.022384852170944214,
   0.0367056205868721,
   0.02906998246908188,
   0.0321437306702137,
   0.020703034475445747,
   0.019495220854878426,
   0.014673672616481781,
   0.021931130439043045,
   0.019999727606773376,
   0.021772682666778564,
   0.015605531632900238,
   0.025687305256724358,
   0.02180214412510395,
   0.03389054909348488,
   0.018719447776675224,
   0.006637479178607464,
   0.0172631423920393,
   0.019491231068968773,
   0.01877579838037491,
   0.016606278717517853,
   0.01612766459584236,
   0.022189226001501083,
   0.003123835427686572,
   0.002453811001032591,
   0.020371338352560997,
   0.021124014630913734,
   0.021806398406624794,
   0.02422189898788929,
   0.015839846804738045,
   0.013569950126111507,
   0.0080379294231534,
   0.014755028299987316
  ],
  "freq_mean": [
   0.17472150921821594,
   0.04360629990696907,
   0.15910916030406952,
   0.054865747690200806,
   0.11878944933414459,
   0.07009551674127579,
   0.12456132471561432,
   0.04719073697924614,
   0.11389968544244766,
   0.0659320205450058,
   0.14728586375713348,
   0.08431652188301086,
   0.11181342601776123,
   0.08293159306049347,
   0.1906421184539795,
   0.09261979162693024,
   0.1408492624759674,
   0.09097108244895935,
   0.1779080629348755,
   0.12797467410564423,
   0.19561806321144104,
   0.09422103315591812,
   0.2955537438392639,
   0.20949320495128632,
   0.22578366100788116,
   0.24259528517723083,
   0.16275839507579803,
   0.14404098689556122,
   0.1589806079864502,
   0.12984444200992584,
   0.22115126252174377,
   0.1740487515926361,
   0.19243568181991577,
   0.13933956623077393,
   0.21933531761169434,
   0.28410935401916504,
   0.19786414504051208,
   0.20181231200695038,
   0.17231635749340057,
   0.14303094148635864,
   0.19967487454414368,
   0.19187793135643005,
   0.20489871501922607,
   0.18958111107349396,
   0.25899696350097656,
   0.19289818406105042,
   0.1952630579471588,
   0.22098836302757263,
   0.21403202414512634,
   0.18311716616153717,
   0.230249285697937,
   0.1578073501586914,
   0.25154414772987366,
   0.2267947494983673,
   0.22234079241752625,
   0.1919689178466797,
   0.2794654071331024,
   0.17459043860435486,
   0.3465349078178406,
   0.1705411672592163,
   0.4543650150299072
  ],
  "freq_deviation_abs_mean": [
   0.32011595368385315,
   0.205387681722641,
   0.23231467604637146,
   0.23463328182697296,
   0.21762657165527344,
   0.19761760532855988,
   0.19441251456737518,
   0.21719682216644287,
   0.21494705975055695,
   0.24516288936138153,
   0.22671246528625488,
   0.2479824274778366,
   0.2467239648103714,
   0.28007474541664124,
   0.29327863454818726,
   0.3231160044670105,
   0.2692306637763977,
   0.29891377687454224,
   0.3204337954521179,
   0.35512036085128784,
   0.3151797950267792,
   0.37214526534080505,
   0.35248249769210815,
   0.38002657890319824,
   0.3678238093852997,
   0.36798396706581116,
   0.3288612365722656,
   0.31793147325515747,
   0.31896495819091797,
   0.3529582619667053,
   0.3617110848426819,
   0.3502190113067627,
   0.31900131702423096,
   0.3819805383682251,
   0.38201746344566345,
   0.37043705582618713,
   0.3679521679878235,
   0.34736737608909607,
   0.33702534437179565,
   0.36280807852745056,
   0.3516620695590973,
   0.35133251547813416,
   0.333845853805542,
   0.3721770644187927,
   0.3702104687690735,
   0.3474176526069641,
   0.35206061601638794,
   0.36909186840057373,
   0.3646630644798279,
   0.3728455603122711,
   0.3792867064476013,
   0.42248454689979553,
   0.3792194426059723,
   0.36938929557800293,
   0.3644663691520691,
   0.3981911242008209,
   0.3830417990684509,
   0.38041552901268005,
   0.35347631573677063,
   0.4387125074863434,
   0.4273838996887207
  ]
 },
 "top_units_by_amp_modulation_max": [
  {
   "unit": 395,
   "max_amp_mod": 5.197686195373535,
   "argmax_sublayer": 22
  },
  {
   "unit": 546,
   "max_amp_mod": 5.116515159606934,
   "argmax_sublayer": 1
  },
  {
   "unit": 1124,
   "max_amp_mod": 4.959579944610596,
   "argmax_sublayer": 15
  },
  {
   "unit": 247,
   "max_amp_mod": 4.959483623504639,
   "argmax_sublayer": 3
  },
  {
   "unit": 876,
   "max_amp_mod": 4.872781753540039,