{
 "position": 71,
 "sequence_aa": "R",
 "substrate_file": "/home/dbrayjr5/esm2-osc/esm2_substrate_facebook_esm2_t33_650M_UR50D/substrate.npz",
 "n_sublayers": 62,
 "n_units": 1280,
 "validity_floor": {
  "quantile": 0.1,
  "absolute_value": 2.7328476905822754,
  "n_valid_cells": 71424,
  "n_total_cells": 79360,
  "fraction_valid": 0.9
 },
 "depth_profiles": {
  "amp_modulation_mean": [
   1.1983392238616943,
   1.1919841766357422,
   1.1871981620788574,
   1.1724035739898682,
   1.174822449684143,
   1.1668319702148438,
   1.1760947704315186,
   1.1729024648666382,
   1.1710904836654663,
   1.161120057106018,
   1.153773546218872,
   1.1589969396591187,
   1.1629440784454346,
   1.156306266784668,
   1.1797657012939453,
   1.158933401107788,
   1.1512452363967896,
   1.1462692022323608,
   1.15822434425354,
   1.1591312885284424,
   1.1757276058197021,
   1.1523152589797974,
   1.2192184925079346,
   1.253478765487671,
   1.2059578895568848,
   1.1552557945251465,
   1.1415011882781982,
   1.1316406726837158,
   1.1372830867767334,
   1.1314862966537476,
   1.1157840490341187,
   1.1016496419906616,
   1.079805612564087,
   1.0558133125305176,
   1.0603827238082886,
   1.0624536275863647,
   1.1259455680847168,
   1.126002550125122,
   1.1223613023757935,
   1.1656324863433838,
   1.1482785940170288,
   1.1558905839920044,
   1.1500661373138428,
   1.173479676246643,
   1.1829514503479004,
   1.1998927593231201,
   1.1784367561340332,
   1.1600940227508545,
   1.142224669456482,
   1.1435730457305908,
   1.1713796854019165,
   1.2093873023986816,
   1.1907800436019897,
   1.2048335075378418,
   1.2144219875335693,
   1.2165772914886475,
   1.2050583362579346,
   1.206421136856079,
   1.2088205814361572,
   1.2125244140625,
   1.2280704975128174,
   1.1989012956619263
  ],
  "amp_modulation_mean_valid_only": [
   1.1983392238616943,
   1.1919841766357422,
   1.1871981620788574,
   1.1724035739898682,
   1.174822449684143,
   1.1675704717636108,
   1.1760947704315186,
   1.1575967073440552,
   1.1660712957382202,
   1.1218442916870117,
   1.0970109701156616,
   1.137041687965393,
   1.1378450393676758,
   1.117568850517273,
   1.153882622718811,
   1.1486971378326416,
   1.1306521892547607,
   1.1399884223937988,
   1.1547269821166992,
   1.1357132196426392,
   1.175841212272644,
   1.1470547914505005,
   1.2192184925079346,
   1.253478765487671,
   1.2059578895568848,
   1.1552557945251465,
   1.1415011882781982,
   1.1316406726837158,
   1.1372830867767334,
   1.1314862966537476,
   1.1157840490341187,
   1.1016496419906616,
   1.079805612564087,
   1.0558133125305176,
   1.0603827238082886,
   1.0624536275863647,
   1.1259455680847168,
   1.126002550125122,
   1.1223613023757935,
   1.1656324863433838,
   1.1482785940170288,
   1.1558905839920044,
   1.1500661373138428,
   1.173479676246643,
   1.1829514503479004,
   1.1998927593231201,
   1.1784367561340332,
   1.1600940227508545,
   1.142224669456482,
   1.1435730457305908,
   1.1713796854019165,
   1.2093873023986816,
   1.1907800436019897,
   1.2048335075378418,
   1.2144219875335693,
   1.2165772914886475,
   1.2050583362579346,
   1.206421136856079,
   1.2088205814361572,
   1.2125244140625,
   1.2280704975128174,
   1.1989012956619263
  ],
  "phase_consistency_across_units": [
   0.012100769206881523,
   0.00579390162602067,
   0.0064613777212798595,
   0.016153927892446518,
   0.009562885388731956,
   0.032224033027887344,
   0.018989218398928642,
   0.036900900304317474,
   0.03281810134649277,
   0.03443869575858116,
   0.02360117994248867,
   0.024578426033258438,
   0.039878737181425095,
   0.03396104648709297,
   0.03698907792568207,
   0.021322939544916153,
   0.028671909123659134,
   0.030574286356568336,
   0.030095335096120834,
   0.034684259444475174,
   0.018358713015913963,
   0.03596803918480873,
   0.02589038759469986,
   0.028263313695788383,
   0.02873331308364868,
   0.029576310887932777,
   0.021456671878695488,
   0.02054521255195141,
   0.015434348955750465,
   0.023945987224578857,
   0.027149636298418045,
   0.012946510687470436,
   0.019292429089546204,
   0.021442444995045662,
   0.019530903548002243,
   0.023583492264151573,
   0.019874241203069687,
   0.030025409534573555,
   0.024099642410874367,
   0.0324195995926857,
   0.02013952098786831,
   0.011772055178880692,
   0.01658451184630394,
   0.030884671956300735,
   0.025956252589821815,
   0.008750307373702526,
   0.019068054854869843,
   0.013553617522120476,
   0.01151743158698082,
   0.013281721621751785,
   0.013826537877321243,
   0.010987170971930027,
   0.008669066242873669,
   0.01780034974217415,
   0.01070565078407526,
   0.018269669264554977,
   0.02089807204902172,
   0.018750570714473724,
   0.014079869724810123,
   0.013208504766225815,
   0.023254096508026123,
   0.014818930067121983
  ],
  "freq_mean": [
   0.17057636380195618,
   0.027385186403989792,
   0.17215073108673096,
   0.05029155686497688,
   0.14291882514953613,
   0.06674034893512726,
   0.17305055260658264,
   0.060678016394376755,
   0.14711026847362518,
   0.06904886662960052,
   0.12393176555633545,
   0.09413351863622665,
   0.12866917252540588,
   0.09000957757234573,
   0.17801669239997864,
   0.07419858127832413,
   0.13857512176036835,
   0.10229424387216568,
   0.19855381548404694,
   0.1313229501247406,
   0.1819416731595993,
   0.11324267089366913,
   0.30306512117385864,
   0.21357440948486328,
   0.24275049567222595,
   0.1486763060092926,
   0.22412462532520294,
   0.2076719105243683,
   0.22703680396080017,
   0.20417547225952148,
   0.22447851300239563,
   0.1921091228723526,
   0.17074133455753326,
   0.16726970672607422,
   0.14783471822738647,
   0.1912943571805954,
   0.25743991136550903,
   0.20560483634471893,
   0.252041757106781,
   0.2361559420824051,
   0.21640291810035706,
   0.20719023048877716,
   0.235090970993042,
   0.267423540353775,
   0.23631462454795837,
   0.2568984925746918,
   0.24488988518714905,
   0.2104380875825882,
   0.18885156512260437,
   0.20537634193897247,
   0.28590619564056396,
   0.24184909462928772,
   0.24422571063041687,
   0.23405389487743378,
   0.28889086842536926,
   0.24120526015758514,
   0.2882874011993408,
   0.2595754563808441,
   0.33301466703414917,
   0.227398082613945,
   0.5254390239715576
  ],
  "freq_deviation_abs_mean": [
   0.33424878120422363,
   0.2374052107334137,
   0.24534745514392853,
   0.23656301200389862,
   0.21771588921546936,
   0.23175767064094543,
   0.22079753875732422,
   0.23695974051952362,
   0.23742130398750305,
   0.25014010071754456,
   0.2407621145248413,
   0.26015523076057434,
   0.23144598305225372,
   0.27848389744758606,
   0.2992848753929138,
   0.3306041657924652,
   0.2656409740447998,
   0.297787606716156,
   0.3234582841396332,
   0.3594180941581726,
   0.32705003023147583,
   0.3730427324771881,
   0.38026130199432373,
   0.4165287911891937,
   0.36641862988471985,
   0.3477563261985779,
   0.3444214463233948,
   0.3680518567562103,
   0.36912408471107483,
   0.37620478868484497,
   0.3658066391944885,
   0.3478426933288574,
   0.3329649567604065,
   0.3189273178577423,
   0.34128227829933167,
   0.3749472498893738,
   0.3729449212551117,
   0.40488940477371216,
   0.38098016381263733,
   0.3573414385318756,
   0.376244455575943,
   0.4001089930534363,
   0.39221587777137756,
   0.3773038387298584,
   0.3905770182609558,
   0.39931851625442505,
   0.3772384226322174,
   0.3926587402820587,
   0.39297157526016235,
   0.4022907614707947,
   0.40638312697410583,
   0.41200798749923706,
   0.3684135377407074,
   0.38544750213623047,
   0.4039202332496643,
   0.45131033658981323,
   0.4135207533836365,
   0.42633047699928284,
   0.42538490891456604,
   0.5032232403755188,
   0.47253578901290894
  ],