{
 "position": 74,
 "sequence_aa": "G",
 "substrate_file": "/Users/djbray/Desktop/esm2/esm2_substrate_facebook_esm2_t33_650M_UR50D/substrate.npz",
 "n_sublayers": 62,
 "n_units": 1280,
 "depth_profiles": {
  "amp_mean": [
   10.006381034851074,
   5.41580867767334,
   5.495886325836182,
   4.2773637771606445,
   4.322826385498047,
   3.710021495819092,
   3.7375900745391846,
   3.358337879180908,
   3.3834266662597656,
   3.1374363899230957,
   3.196226119995117,
   3.0365684032440186,
   3.0828795433044434,
   2.982743978500366,
   3.139753818511963,
   3.0239949226379395,
   3.0910251140594482,
   3.022088050842285,
   3.218205213546753,
   3.1583800315856934,
   3.341653347015381,
   3.29754376411438,
   3.6101670265197754,
   3.7330269813537598,
   3.699932098388672,
   3.7423934936523438,
   3.7886710166931152,
   3.883263111114502,
   3.902813673019409,
   4.019153594970703,
   3.9645133018493652,
   4.066784858703613,
   3.9457099437713623,
   3.930459499359131,
   4.0220465660095215,
   4.114718437194824,
   4.288809299468994,
   4.464895725250244,
   4.669119834899902,
   4.997588157653809,
   4.885071754455566,
   4.949385643005371,
   5.113010406494141,
   5.084750175476074,
   5.146469593048096,
   5.067025184631348,
   5.208634853363037,
   5.260231971740723,
   5.45241641998291,
   5.715905666351318,
   5.955184459686279,
   6.375551700592041,
   6.559346675872803,
   6.530703544616699,
   6.917555332183838,
   6.758604526519775,
   6.949484348297119,
   7.22415018081665,
   7.544558048248291,
   8.295833587646484,
   8.79612922668457,
   11.987284660339355
  ],
  "amp_modulation_mean": [
   1.1557910442352295,
   1.1362229585647583,
   1.1306374073028564,
   1.1112855672836304,
   1.1141464710235596,
   1.1045019626617432,
   1.10006844997406,
   1.0949058532714844,
   1.0949345827102661,
   1.0879929065704346,
   1.0892932415008545,
   1.088102102279663,
   1.0842540264129639,
   1.0833051204681396,
   1.1011890172958374,
   1.0919016599655151,
   1.0737131834030151,
   1.068560242652893,
   1.0693206787109375,
   1.0655276775360107,
   1.0871350765228271,
   1.0641063451766968,
   1.0978541374206543,
   1.1228536367416382,
   1.0844926834106445,
   1.0629198551177979,
   1.0651354789733887,
   1.0477397441864014,
   1.0538511276245117,
   1.0610406398773193,
   1.0232293605804443,
   1.0106812715530396,
   0.9873682260513306,
   0.9512993693351746,
   0.9731254577636719,
   0.9809257388114929,
   1.003355860710144,
   1.0146154165267944,
   1.047149419784546,
   1.1139183044433594,
   1.0820807218551636,
   1.0806154012680054,
   1.0976511240005493,
   1.0715185403823853,
   1.0716674327850342,
   1.0528531074523926,
   1.0682485103607178,
   1.0772148370742798,
   1.0987513065338135,
   1.1503126621246338,
   1.1621043682098389,
   1.2410823106765747,
   1.2464689016342163,
   1.230133295059204,
   1.2602546215057373,
   1.2012666463851929,
   1.1900436878204346,
   1.1781394481658936,
   1.1710453033447266,
   1.2004766464233398,
   1.1911094188690186,
   1.1658742427825928
  ],
  "phase_consistency_across_units": [
   0.017082130536437035,
   0.011280772276222706,
   0.008884789422154427,
   0.031573016196489334,
   0.015884386375546455,
   0.039635349065065384,
   0.0225010197609663,
   0.041931021958589554,
   0.03748096153140068,
   0.044488534331321716,
   0.041001155972480774,
   0.0349138006567955,
   0.03764376416802406,
   0.03809121623635292,
   0.03951964154839516,
   0.024784615263342857,
   0.03726654872298241,
   0.026791473850607872,
   0.01233656145632267,
   0.01738622970879078,
   0.02065511979162693,
   0.02847733348608017,
   0.013482051901519299,
   0.028574204072356224,
   0.02754397876560688,
   0.025323443114757538,
   0.025509905070066452,
   0.031087307259440422,
   0.030943356454372406,
   0.020488571375608444,
   0.02277345396578312,
   0.01678045280277729,
   0.022172871977090836,
   0.016194261610507965,
   0.010615697130560875,
   0.009765105322003365,
   0.012773389928042889,
   0.019748330116271973,
   0.022613530978560448,
   0.010724603198468685,
   0.00558528071269393,
   0.018149403855204582,
   0.016017399728298187,
   0.01131345983594656,
   0.019740818068385124,
   0.007090216968208551,
   0.0269093569368124,
   0.0177586879581213,
   0.01586027629673481,
   0.016544805839657784,
   0.004064354579895735,
   0.008315226063132286,
   0.010543611831963062,
   0.0069199176505208015,
   0.003360347356647253,
   0.012348990887403488,
   0.016191544011235237,
   0.007667968049645424,
   0.014068027958273888,
   0.005380513612180948,
   0.011680679395794868,
   0.01556398719549179
  ],
  "freq_mean": [
   0.18906496465206146,
   0.027185887098312378,
   0.15583226084709167,
   0.05711064487695694,
   0.12835341691970825,
   0.06928485631942749,
   0.13316920399665833,
   0.05579274892807007,
   0.11284416913986206,
   0.08702041953802109,
   0.11125924438238144,
   0.08428172767162323,
   0.10503612458705902,
   0.11533910036087036,
   0.1770363748073578,
   0.11954464018344879,
   0.13024230301380157,
   0.11599929630756378,
   0.17426469922065735,
   0.14088860154151917,
   0.19875994324684143,
   0.08070190995931625,
   0.29073566198349,
   0.1810425966978073,
   0.22546415030956268,
   0.17260171473026276,
   0.21182458102703094,
   0.16475501656532288,
   0.2253021001815796,
   0.1636931598186493,
   0.1984691321849823,
   0.18673285841941833,
   0.14136287569999695,
   0.164078027009964,
   0.20916438102722168,
   0.21363398432731628,
   0.21983888745307922,
   0.20907895267009735,
   0.29421931505203247,
   0.2724481225013733,
   0.2125394642353058,
   0.23301997780799866,
   0.2593310475349426,
   0.2452525794506073,
   0.2199215441942215,
   0.21079492568969727,
   0.2250899076461792,
   0.22799238562583923,
   0.24147243797779083,
   0.21261389553546906,
   0.2590007781982422,
   0.3079144358634949,
   0.24836823344230652,
   0.2583245635032654,
   0.3077065944671631,
   0.2193557471036911,
   0.2714705765247345,
   0.180632084608078,
   0.34702062606811523,
   0.22623376548290253,
   0.5407741069793701
  ],
  "freq_deviation_abs_mean": [
   0.3552519977092743,
   0.24040432274341583,
   0.2749900817871094,
   0.25384998321533203,
   0.24755915999412537,
   0.2663557827472687,
   0.2551497519016266,
   0.24068140983581543,
   0.24310293793678284,
   0.24867470562458038,
   0.24561408162117004,
   0.2713685631752014,
   0.24306705594062805,
   0.28297245502471924,
   0.31610846519470215,
   0.3251056671142578,
   0.2813359200954437,
   0.30818599462509155,
   0.3417842984199524,
   0.37421655654907227,
   0.3408685624599457,
   0.3953222632408142,
   0.3896141052246094,
   0.42457151412963867,
   0.3485501706600189,
   0.3416869044303894,
   0.3442261517047882,
   0.34294393658638,
   0.33906203508377075,
   0.35803890228271484,
   0.3369371294975281,
   0.3382272720336914,
   0.3322754502296448,
   0.3380904793739319,
   0.34124013781547546,
   0.3966742753982544,
   0.3842906951904297,
   0.37967872619628906,
   0.3928200304508209,
   0.3977556824684143,
   0.3882730305194855,
   0.39683109521865845,
   0.3905518352985382,
   0.40930548310279846,
   0.3543599247932434,
   0.34178224205970764,
   0.3586302399635315,
   0.3867712616920471,
   0.4063499867916107,
   0.3986012637615204,
   0.41415444016456604,
   0.41117462515830994,
   0.4106442928314209,
   0.44351276755332947,
   0.4119194447994232,
   0.4198388159275055,
   0.3977198600769043,
   0.4180876612663269,
   0.3820623457431793,
   0.4699017405509949,
   0.4536670744419098
  ]
 },
 "top_units_by_amp_modulation_max": [
  {
   "unit": 359,
   "max_amp_mod": 5.173686981201172,
   "argmax_sublayer": 0
  },
  {
   "unit": 1054,
   "max_amp_mod": 4.661646366119385,
   "argmax_sublayer": 1
  },
  {
   "unit": 565,
   "max_amp_mod": 4.5509748458862305,
   "argmax_sublayer": 0
  },
  {
   "unit": 1149,
   "max_amp_mod": 4.547290802001953,
   "argmax_sublayer": 11
  },
  {
   "unit": 954,
   "max_amp_mod": 4.459799766540527,