{
 "position": 39,
 "sequence_aa": "Q",
 "substrate_file": "/Users/djbray/Desktop/esm2/esm2_substrate_facebook_esm2_t33_650M_UR50D/substrate.npz",
 "n_sublayers": 62,
 "n_units": 1280,
 "depth_profiles": {
  "amp_mean": [
   10.121820449829102,
   5.554601669311523,
   5.66049861907959,
   4.438021659851074,
   4.503443241119385,
   3.8451309204101562,
   3.888615369796753,
   3.46882700920105,
   3.5227408409118652,
   3.263413906097412,
   3.343474864959717,
   3.1737608909606934,
   3.271775484085083,
   3.134708881378174,
   3.319899082183838,
   3.2249598503112793,
   3.3299026489257812,
   3.2631211280822754,
   3.508284330368042,
   3.4566872119903564,
   3.632333278656006,
   3.5995476245880127,
   4.077462196350098,
   4.189523220062256,
   4.1173553466796875,
   4.199393272399902,
   4.1510820388793945,
   4.229916572570801,
   4.1184844970703125,
   4.008087158203125,
   4.197192192077637,
   4.243401527404785,
   4.282115936279297,
   4.336117744445801,
   4.297894477844238,
   4.468226909637451,
   4.484902381896973,
   4.587698459625244,
   4.724453926086426,
   4.7830986976623535,
   4.791939735412598,
   4.847408294677734,
   4.9567718505859375,
   5.110161781311035,
   5.469248294830322,
   5.845852851867676,
   5.657444953918457,
   5.688962936401367,
   5.7595696449279785,
   5.966500282287598,
   6.171377658843994,
   6.182775974273682,
   6.331000328063965,
   6.224259376525879,
   6.297369956970215,
   6.358750343322754,
   6.520739555358887,
   6.893146514892578,
   7.153203010559082,
   7.853501796722412,
   8.360776901245117,
   11.784367561340332
  ],
  "amp_modulation_mean": [
   1.173277497291565,
   1.1649531126022339,
   1.167280912399292,
   1.1545069217681885,
   1.1632286310195923,
   1.1474909782409668,
   1.1465011835098267,
   1.1318953037261963,
   1.1417438983917236,
   1.132752776145935,
   1.139021635055542,
   1.1361526250839233,
   1.150213360786438,
   1.1381791830062866,
   1.1663157939910889,
   1.1659481525421143,
   1.155872106552124,
   1.1565992832183838,
   1.163930892944336,
   1.1654876470565796,
   1.181868314743042,
   1.1631619930267334,
   1.2417528629302979,
   1.262074589729309,
   1.2086904048919678,
   1.1969455480575562,
   1.1669241189956665,
   1.1388821601867676,
   1.1115820407867432,
   1.05592942237854,
   1.0806336402893066,
   1.050402045249939,
   1.0681190490722656,
   1.0423648357391357,
   1.0345367193222046,
   1.060558557510376,
   1.0434366464614868,
   1.0354831218719482,
   1.0544391870498657,
   1.0596033334732056,
   1.0560169219970703,
   1.0542417764663696,
   1.0616620779037476,
   1.0758790969848633,
   1.1392745971679688,
   1.215635061264038,
   1.158747911453247,
   1.1645742654800415,
   1.159815788269043,
   1.201108694076538,
   1.2037259340286255,
   1.2020424604415894,
   1.200350284576416,
   1.1695512533187866,
   1.1459294557571411,
   1.1307988166809082,
   1.1170527935028076,
   1.1248786449432373,
   1.1139428615570068,
   1.1388593912124634,
   1.1331545114517212,
   1.1500372886657715
  ],
  "phase_consistency_across_units": [
   0.009638751856982708,
   0.0031793671660125256,
   0.001674719387665391,
   0.019451884552836418,
   0.01039805356413126,
   0.02384750358760357,
   0.015171252191066742,
   0.02356785349547863,
   0.02004217356443405,
   0.021547865122556686,
   0.01963948644697666,
   0.02696399949491024,
   0.019134406000375748,
   0.02966107800602913,
   0.02471320703625679,
   0.012755206786096096,
   0.023721426725387573,
   0.023330260068178177,
   0.024460548534989357,
   0.015287966467440128,
   0.019181443378329277,
   0.031995780766010284,
   0.01937967911362648,
   0.03146487474441528,
   0.020525282248854637,
   0.02393539436161518,
   0.02897491492331028,
   0.035255271941423416,
   0.019392360001802444,
   0.027021577581763268,
   0.022689737379550934,
   0.01615753397345543,
   0.03348622843623161,
   0.029309991747140884,
   0.00434044748544693,
   0.009197494015097618,
   0.014013299718499184,
   0.022355224937200546,
   0.020635172724723816,
   0.021642278879880905,
   0.015349208377301693,
   0.013493889011442661,
   0.007523054722696543,
   0.0046253022737801075,
   0.004593735095113516,
   0.0016077186446636915,
   0.010148913599550724,
   0.011609967797994614,
   0.010950773023068905,
   0.0014239278389140964,
   0.005035818088799715,
   0.03773273155093193,
   0.017776647582650185,
   0.012803967110812664,
   0.006775413174182177,
   0.0104683181270957,
   0.01639900915324688,
   0.009233732707798481,
   0.013318246230483055,
   0.011653964407742023,
   0.0014366995310410857,
   0.018849201500415802
  ],
  "freq_mean": [
   0.1543159782886505,
   0.0424385592341423,
   0.14730282127857208,
   0.07065240293741226,
   0.12826521694660187,
   0.0697990208864212,
   0.11964806169271469,
   0.05505998060107231,
   0.11055286973714828,
   0.07050186395645142,
   0.10641662776470184,
   0.09706328809261322,
   0.12417273223400116,
   0.08500340580940247,
   0.17273934185504913,
   0.09961166232824326,
   0.14465689659118652,
   0.10552813112735748,
   0.1887650191783905,
   0.11211752891540527,
   0.15095454454421997,
   0.11092953383922577,
   0.32470959424972534,
   0.1683519184589386,
   0.22819748520851135,
   0.19169119000434875,
   0.20156225562095642,
   0.2023807018995285,
   0.19288437068462372,
   0.14832919836044312,
   0.24667473137378693,
   0.15922625362873077,
   0.2421577423810959,
   0.1509796679019928,
   0.20680832862854004,
   0.20450711250305176,
   0.18325106799602509,
   0.19471558928489685,
   0.2464156448841095,
   0.2129077911376953,
   0.22043903172016144,
   0.18963249027729034,
   0.20330044627189636,
   0.19740113615989685,
   0.29239949584007263,
   0.2538328170776367,
   0.20560331642627716,
   0.2189011126756668,
   0.22770285606384277,
   0.2692621350288391,
   0.24134764075279236,
   0.2574627995491028,
   0.25524312257766724,
   0.20414404571056366,
   0.2820553183555603,
   0.2002345770597458,
   0.256073534488678,
   0.20998212695121765,
   0.32690879702568054,
   0.16847321391105652,
   0.5259658098220825
  ],
  "freq_deviation_abs_mean": [
   0.3611374497413635,
   0.22867591679096222,
   0.2554910182952881,
   0.25159889459609985,
   0.25333452224731445,
   0.24737992882728577,
   0.22477352619171143,
   0.23651370406150818,
   0.21325711905956268,
   0.23180034756660461,
   0.23990073800086975,
   0.24297015368938446,
   0.2306842803955078,
   0.2920493185520172,
   0.3151523172855377,
   0.3065226674079895,
   0.27185001969337463,
   0.29884830117225647,
   0.32918620109558105,
   0.3534543812274933,
   0.3356025815010071,
   0.36291518807411194,
   0.3529677093029022,
   0.4133129119873047,
   0.3729091286659241,
   0.3645302653312683,
   0.35927408933639526,
   0.3866940438747406,
   0.34828874468803406,
   0.3648415505886078,
   0.3596611022949219,
   0.36837929487228394,
   0.33214902877807617,
   0.36097249388694763,
   0.3396628499031067,
   0.3511407971382141,
   0.35306575894355774,
   0.37164196372032166,
   0.3741424083709717,
   0.38885846734046936,
   0.36197933554649353,
   0.3730369508266449,
   0.3604374825954437,
   0.3836781084537506,
   0.4131600260734558,
   0.39360150694847107,
   0.3839700222015381,
   0.3941786587238312,
   0.4078793525695801,
   0.40285080671310425,
   0.40877145528793335,
   0.38089969754219055,
   0.3602568507194519,
   0.3938544690608978,
   0.3730240762233734,
   0.41671696305274963,
   0.40904921293258667,
   0.43554288148880005,
   0.3952629864215851,
   0.47383061051368713,
   0.42089158296585083
  ]
 },
 "top_units_by_amp_modulation_max": [
  {
   "unit": 223,
   "max_amp_mod": 5.828171253204346,
   "argmax_sublayer": 0
  },
  {
   "unit": 682,
   "max_amp_mod": 4.83556604385376,
   "argmax_sublayer": 0
  },
  {
   "unit": 1044,
   "max_amp_mod": 4.511628150939941,
   "argmax_sublayer": 15
  },
  {
   "unit": 607,
   "max_amp_mod": 4.301394462585449,
   "argmax_sublayer": 18
  },
  {
   "unit": 861,