{
 "position": 24,
 "sequence_aa": "N",
 "substrate_file": "/home/dbrayjr5/esm2-osc/esm2_substrate_facebook_esm2_t33_650M_UR50D/substrate.npz",
 "n_sublayers": 62,
 "n_units": 1280,
 "validity_floor": {
  "quantile": 0.1,
  "absolute_value": 2.7328476905822754,
  "n_valid_cells": 71424,
  "n_total_cells": 79360,
  "fraction_valid": 0.9
 },
 "depth_profiles": {
  "amp_modulation_mean": [
   1.0922483205795288,
   1.1019916534423828,
   1.1114072799682617,
   1.1062880754470825,
   1.1215260028839111,
   1.123754620552063,
   1.1332485675811768,
   1.1330640316009521,
   1.1430422067642212,
   1.1566781997680664,
   1.1594972610473633,
   1.170688509941101,
   1.195420503616333,
   1.231992244720459,
   1.2530758380889893,
   1.2775583267211914,
   1.3622395992279053,
   1.5394073724746704,
   1.4059269428253174,
   1.3494014739990234,
   1.3146969079971313,
   1.20131516456604,
   1.2225261926651,
   1.1688717603683472,
   1.0993143320083618,
   1.0608229637145996,
   1.040497899055481,
   1.0180060863494873,
   0.9880711436271667,
   0.9839298129081726,
   0.9816854596138,
   0.9743887186050415,
   0.9957072138786316,
   0.9789045453071594,
   0.9895597696304321,
   1.0176887512207031,
   0.9814704656600952,
   0.9909547567367554,
   0.9531753659248352,
   0.9505268335342407,
   0.9730949401855469,
   0.9658573269844055,
   0.9608915448188782,
   0.9660067558288574,
   0.9696636199951172,
   1.0071614980697632,
   0.992030918598175,
   0.9849100112915039,
   0.9783326387405396,
   0.9775538444519043,
   0.9768595695495605,
   0.9848434329032898,
   1.008044958114624,
   1.0393089056015015,
   1.0222564935684204,
   0.9975116848945618,
   1.0255169868469238,
   1.0875402688980103,
   1.0457974672317505,
   1.075008511543274,
   1.0708599090576172,
   1.0615909099578857
  ],
  "amp_modulation_mean_valid_only": [
   1.0922483205795288,
   1.1019916534423828,
   1.1114072799682617,
   1.1062880754470825,
   1.1215260028839111,
   1.1230711936950684,
   1.1332485675811768,
   1.1123857498168945,
   1.1308001279830933,
   1.1362504959106445,
   1.1362911462783813,
   1.1398122310638428,
   1.1656885147094727,
   1.1931904554367065,
   1.2150720357894897,
   1.252398133277893,
   1.303400993347168,
   1.4315418004989624,
   1.3708691596984863,
   1.3219890594482422,
   1.300197720527649,
   1.1978096961975098,
   1.2225261926651,
   1.1688717603683472,
   1.0993143320083618,
   1.0608229637145996,
   1.040497899055481,
   1.0180060863494873,
   0.9880711436271667,
   0.9839298129081726,
   0.9816854596138,
   0.9743887186050415,
   0.9957072138786316,
   0.9789045453071594,
   0.9895597696304321,
   1.0176887512207031,
   0.9814704656600952,
   0.9909547567367554,
   0.9531753659248352,
   0.9505268335342407,
   0.9730949401855469,
   0.9658573269844055,
   0.9608915448188782,
   0.9660067558288574,
   0.9696636199951172,
   1.0071614980697632,
   0.992030918598175,
   0.9849100112915039,
   0.9783326387405396,
   0.9775538444519043,
   0.9768595695495605,
   0.9848434329032898,
   1.008044958114624,
   1.0393089056015015,
   1.0222564935684204,
   0.9975116848945618,
   1.0255169868469238,
   1.0875402688980103,
   1.0457974672317505,
   1.075008511543274,
   1.0708599090576172,
   1.0615909099578857
  ],
  "phase_consistency_across_units": [
   0.01021363865584135,
   0.02340589091181755,
   0.011312900111079216,
   0.028891799971461296,
   0.018758557736873627,
   0.042334072291851044,
   0.03257471323013306,
   0.04566879943013191,
   0.03522682189941406,
   0.04129690304398537,
   0.04052487388253212,
   0.038787778466939926,
   0.038811326026916504,
   0.027033155784010887,
   0.028958696871995926,
   0.02207668125629425,
   0.027295397594571114,
   0.01806454360485077,
   0.017714262008666992,
   0.019923875108361244,
   0.012184553779661655,
   0.022816022858023643,
   0.025005176663398743,
   0.022256728261709213,
   0.02782117761671543,
   0.01804174669086933,
   0.013743411749601364,
   0.004464832134544849,
   0.017789015546441078,
   0.011610268615186214,
   0.021123843267560005,
   0.02358696423470974,
   0.016836538910865784,
   0.0268145352602005,
   0.022151747718453407,
   0.019916025921702385,
   0.027593499049544334,
   0.02371053397655487,
   0.029081689193844795,
   0.027556492015719414,
   0.02094840444624424,
   0.024355698376893997,
   0.014140112325549126,
   0.021838916465640068,
   0.02371862903237343,
   0.019190402701497078,
   0.019146844744682312,
   0.010223648510873318,
   0.018351737409830093,
   0.0232390183955431,
   0.029241742566227913,
   0.031165773048996925,
   0.027082372456789017,
   0.020290754735469818,
   0.02936551533639431,
   0.025275424122810364,
   0.01759777031838894,
   0.011036726646125317,
   0.008615455590188503,
   0.02179093472659588,
   0.019124696031212807,
   0.018185768276453018
  ],
  "freq_mean": [
   0.17980045080184937,
   0.0272628553211689,
   0.1514042168855667,
   0.055332429707050323,
   0.15570107102394104,
   0.06226306036114693,
   0.15390543639659882,
   0.051265448331832886,
   0.12699976563453674,
   0.06496553122997284,
   0.14157703518867493,
   0.06953755021095276,
   0.14626209437847137,
   0.11664698272943497,
   0.1574527621269226,
   0.10191230475902557,
   0.3010641634464264,
   0.3339560031890869,
   0.20785610377788544,
   0.28300485014915466,
   0.21042244136333466,
   0.15854370594024658,
   0.3233709931373596,
   0.15003490447998047,
   0.22511115670204163,
   0.14122165739536285,
   0.22353681921958923,
   0.15619638562202454,
   0.17590057849884033,
   0.16146738827228546,
   0.19426532089710236,
   0.17676083743572235,
   0.21177637577056885,
   0.17990343272686005,
   0.27438193559646606,
   0.2121506631374359,
   0.21205437183380127,
   0.22784538567066193,
   0.17011472582817078,
   0.2079077512025833,
   0.21879419684410095,
   0.1806698590517044,
   0.2053511142730713,
   0.2113911211490631,
   0.22295722365379333,
   0.2579677104949951,
   0.1960248053073883,
   0.21425604820251465,
   0.20755577087402344,
   0.21017083525657654,
   0.23173728585243225,
   0.18840721249580383,
   0.3109094202518463,
   0.24060678482055664,
   0.2780722975730896,
   0.12985995411872864,
   0.3305814266204834,
   0.2269936501979828,
   0.29743385314941406,
   0.19535288214683533,
   0.5005900263786316
  ],
  "freq_deviation_abs_mean": [
   0.35746946930885315,
   0.22886452078819275,
   0.2522984743118286,
   0.24461743235588074,
   0.2410055696964264,
   0.23020796477794647,
   0.22567415237426758,
   0.22831182181835175,
   0.2287633866071701,
   0.25140145421028137,
   0.228541299700737,
   0.25822630524635315,
   0.2594989836215973,
   0.3180595338344574,
   0.3478187322616577,
   0.36988410353660583,
   0.433635413646698,
   0.5096374750137329,
   0.44768086075782776,
   0.44695591926574707,
   0.41276630759239197,
   0.417325496673584,
   0.41149741411209106,
   0.40566253662109375,
   0.3586234152317047,
   0.3797072768211365,
   0.35513824224472046,
   0.3613927960395813,
   0.32159703969955444,
   0.34757620096206665,
   0.3600122034549713,
   0.3553383946418762,
   0.3622506260871887,
   0.37749308347702026,
   0.38553112745285034,
   0.40504685044288635,
   0.3656536042690277,
   0.3752703070640564,
   0.3796713948249817,
   0.3692285120487213,
   0.37591245770454407,
   0.3761011064052582,
   0.3726906478404999,
   0.3749989867210388,
   0.375945508480072,
   0.3582588732242584,
   0.36439818143844604,
   0.3588964343070984,
   0.3781096041202545,
   0.36700111627578735,
   0.36188846826553345,
   0.4224105775356293,
   0.4067855775356293,
   0.43377622961997986,
   0.38536587357521057,
   0.46747732162475586,
   0.42743539810180664,
   0.4634575843811035,
   0.42207011580467224,
   0.4744792878627777,
   0.4332578778266907
  ],