{
 "position": 65,
 "sequence_aa": "T",
 "substrate_file": "/home/dbrayjr5/esm2-osc/esm2_substrate_facebook_esm2_t33_650M_UR50D/substrate.npz",
 "n_sublayers": 62,
 "n_units": 1280,
 "validity_floor": {
  "quantile": 0.1,
  "absolute_value": 2.7328476905822754,
  "n_valid_cells": 71424,
  "n_total_cells": 79360,
  "fraction_valid": 0.9
 },
 "depth_profiles": {
  "amp_modulation_mean": [
   1.2163212299346924,
   1.2052823305130005,
   1.2196509838104248,
   1.196821928024292,
   1.214726209640503,
   1.2049131393432617,
   1.2120879888534546,
   1.2085058689117432,
   1.2156482934951782,
   1.208855390548706,
   1.2055234909057617,
   1.207587480545044,
   1.217901587486267,
   1.2219433784484863,
   1.2527093887329102,
   1.2397527694702148,
   1.2466281652450562,
   1.2504518032073975,
   1.2031362056732178,
   1.2288916110992432,
   1.233091950416565,
   1.19609534740448,
   1.2676671743392944,
   1.3002973794937134,
   1.2280361652374268,
   1.185200572013855,
   1.216094732284546,
   1.2265455722808838,
   1.1922509670257568,
   1.1517709493637085,
   1.1746689081192017,
   1.164523959159851,
   1.1465184688568115,
   1.0981260538101196,
   1.112811803817749,
   1.133052110671997,
   1.1103696823120117,
   1.065029501914978,
   1.092091679573059,
   1.1352143287658691,
   1.1082229614257812,
   1.0960414409637451,
   1.1274592876434326,
   1.1801425218582153,
   1.2003207206726074,
   1.189959168434143,
   1.1976460218429565,
   1.1992075443267822,
   1.1794531345367432,
   1.2107139825820923,
   1.2189226150512695,
   1.2048782110214233,
   1.170499563217163,
   1.152358889579773,
   1.1432831287384033,
   1.1706327199935913,
   1.1420832872390747,
   1.1442296504974365,
   1.1597102880477905,
   1.2274847030639648,
   1.2007505893707275,
   1.1927553415298462
  ],
  "amp_modulation_mean_valid_only": [
   1.2163212299346924,
   1.2052823305130005,
   1.2196509838104248,
   1.196821928024292,
   1.214726209640503,
   1.2061909437179565,
   1.2120879888534546,
   1.1838940382003784,
   1.1903938055038452,
   1.1657416820526123,
   1.1397910118103027,
   1.1518667936325073,
   1.1740665435791016,
   1.1704670190811157,
   1.1934984922409058,
   1.1966549158096313,
   1.2066786289215088,
   1.2089083194732666,
   1.162536859512329,
   1.1880205869674683,
   1.2297667264938354,
   1.1886738538742065,
   1.2676671743392944,
   1.3002973794937134,
   1.2280361652374268,
   1.185200572013855,
   1.216094732284546,
   1.2265455722808838,
   1.1922509670257568,
   1.1517709493637085,
   1.1746689081192017,
   1.164523959159851,
   1.1465184688568115,
   1.0981260538101196,
   1.112811803817749,
   1.133052110671997,
   1.1103696823120117,
   1.065029501914978,
   1.092091679573059,
   1.1352143287658691,
   1.1082229614257812,
   1.0960414409637451,
   1.1274592876434326,
   1.1801425218582153,
   1.2003207206726074,
   1.189959168434143,
   1.1976460218429565,
   1.1992075443267822,
   1.1794531345367432,
   1.2107139825820923,
   1.2189226150512695,
   1.2048782110214233,
   1.170499563217163,
   1.152358889579773,
   1.1432831287384033,
   1.1706327199935913,
   1.1420832872390747,
   1.1442296504974365,
   1.1597102880477905,
   1.2274847030639648,
   1.2007505893707275,
   1.1927553415298462
  ],
  "phase_consistency_across_units": [
   0.018299760296940804,
   0.026125920936465263,
   0.013913319446146488,
   0.02549220621585846,
   0.01372037548571825,
   0.032661404460668564,
   0.03275403752923012,
   0.040132347494363785,
   0.0322137251496315,
   0.035047151148319244,
   0.0352013073861599,
   0.03330192342400551,
   0.03528597578406334,
   0.04463033750653267,
   0.04352692887187004,
   0.026018325239419937,
   0.027673015370965004,
   0.027387678623199463,
   0.029275063425302505,
   0.04038738086819649,
   0.027477890253067017,
   0.039256732910871506,
   0.028381137177348137,
   0.03210406377911568,
   0.024636290967464447,
   0.0178375281393528,
   0.027168622240424156,
   0.027868622913956642,
   0.02846413478255272,
   0.023470420390367508,
   0.022746890783309937,
   0.030031781643629074,
   0.015221113339066505,
   0.03084089420735836,
   0.01706572435796261,
   0.024270478636026382,
   0.03327829763293266,
   0.02766122855246067,
   0.03535744920372963,
   0.022214574739336967,
   0.03620912879705429,
   0.03767816349864006,
   0.03730015829205513,
   0.026890438050031662,
   0.033474601805210114,
   0.022491149604320526,
   0.007800205145031214,
   0.018952086567878723,
   0.01877889782190323,
   0.010862946510314941,
   0.012913568876683712,
   0.010011118836700916,
   0.01678447797894478,
   0.018272902816534042,
   0.0158634465187788,
   0.013412781059741974,
   0.012206630781292915,
   0.021091273054480553,
   0.009747744537889957,
   0.005548233166337013,
   0.011469582095742226,
   0.01025149691849947
  ],
  "freq_mean": [
   0.15851381421089172,
   0.0381009504199028,
   0.15333081781864166,
   0.045941613614559174,
   0.13946738839149475,
   0.05908619239926338,
   0.13480064272880554,
   0.04987398535013199,
   0.1312115490436554,
   0.05093137174844742,
   0.1027827039361,
   0.07931184768676758,
   0.10685168206691742,
   0.1133512482047081,
   0.16758854687213898,
   0.10691829025745392,
   0.18952718377113342,
   0.09228172153234482,
   0.16436848044395447,
   0.12758152186870575,
   0.15649347007274628,
   0.0901256799697876,
   0.303631067276001,
   0.17266157269477844,
   0.1905181109905243,
   0.14635124802589417,
   0.24831071496009827,
   0.21845373511314392,
   0.1674995869398117,
   0.16581198573112488,
   0.2577388882637024,
   0.1710604727268219,
   0.16718611121177673,
   0.18530383706092834,
   0.20083065330982208,
   0.21807806193828583,
   0.20529398322105408,
   0.1692579835653305,
   0.223839670419693,
   0.2109023779630661,
   0.18182072043418884,
   0.15238341689109802,
   0.22140410542488098,
   0.25737905502319336,
   0.23210878670215607,
   0.2384292185306549,
   0.25403815507888794,
   0.22176890075206757,
   0.23160862922668457,
   0.2583543658256531,
   0.25933536887168884,
   0.21720421314239502,
   0.25841405987739563,
   0.16167180240154266,
   0.29911255836486816,
   0.1849125176668167,
   0.2659148871898651,
   0.18621250987052917,
   0.3751147389411926,
   0.2287300080060959,
   0.5195686221122742
  ],
  "freq_deviation_abs_mean": [
   0.36558711528778076,
   0.24133460223674774,
   0.2595601975917816,
   0.24122555553913116,
   0.23280568420886993,
   0.23370471596717834,
   0.22792348265647888,
   0.22504886984825134,
   0.21502795815467834,
   0.2346803843975067,
   0.21378937363624573,
   0.24182336032390594,
   0.223603293299675,
   0.27802586555480957,
   0.29657357931137085,
   0.3202694058418274,
   0.28406238555908203,
   0.3286312520503998,
   0.32007843255996704,
   0.35411518812179565,
   0.327633798122406,
   0.36868104338645935,
   0.36891207098960876,
   0.39130619168281555,
   0.33925527334213257,
   0.37809714674949646,
   0.3684852719306946,
   0.3760497570037842,
   0.3419632315635681,
   0.34248149394989014,
   0.34234619140625,
   0.3560532331466675,
   0.3366490304470062,
   0.3303653597831726,
   0.3603971302509308,
   0.3724656105041504,
   0.34764498472213745,
   0.3890284597873688,
   0.3859823942184448,
   0.33713066577911377,
   0.3275601863861084,
   0.3518809378147125,
   0.3643869459629059,
   0.38669461011886597,
   0.38940590620040894,
   0.3648805618286133,
   0.36817097663879395,
   0.38133248686790466,
   0.38005906343460083,
   0.3860728144645691,
   0.3828781247138977,
   0.40776118636131287,
   0.3900279998779297,
   0.4004209637641907,
   0.3593003749847412,
   0.4282259941101074,
   0.3821438252925873,
   0.4429311156272888,
   0.43070927262306213,
   0.49922889471054077,
   0.45477062463760376
  ],