{
 "position": 7,
 "sequence_aa": "L",
 "substrate_file": "/home/dbrayjr5/esm2-osc/esm2_substrate_facebook_esm2_t33_650M_UR50D/substrate.npz",
 "n_sublayers": 62,
 "n_units": 1280,
 "validity_floor": {
  "quantile": 0.1,
  "absolute_value": 2.7328476905822754,
  "n_valid_cells": 71424,
  "n_total_cells": 79360,
  "fraction_valid": 0.9
 },
 "depth_profiles": {
  "amp_modulation_mean": [
   1.144625186920166,
   1.143233060836792,
   1.1416786909103394,
   1.130473256111145,
   1.1331161260604858,
   1.1196224689483643,
   1.1211878061294556,
   1.1103622913360596,
   1.1218841075897217,
   1.1098754405975342,
   1.1248232126235962,
   1.1192678213119507,
   1.1239421367645264,
   1.1119897365570068,
   1.1417255401611328,
   1.1342334747314453,
   1.1354674100875854,
   1.1507165431976318,
   1.1503468751907349,
   1.1588600873947144,
   1.1832389831542969,
   1.1689865589141846,
   1.256231427192688,
   1.2664926052093506,
   1.1943979263305664,
   1.1719601154327393,
   1.1666619777679443,
   1.115520715713501,
   1.0937070846557617,
   1.0943984985351562,
   1.0972291231155396,
   1.0544809103012085,
   0.9972044229507446,
   0.9777988195419312,
   1.0077358484268188,
   1.0232336521148682,
   1.0696356296539307,
   1.074707269668579,
   1.096413016319275,
   1.1334593296051025,
   1.1003413200378418,
   1.1103274822235107,
   1.1169776916503906,
   1.1319841146469116,
   1.137558937072754,
   1.1356980800628662,
   1.1202175617218018,
   1.1399996280670166,
   1.1318085193634033,
   1.153490662574768,
   1.1529743671417236,
   1.1671295166015625,
   1.1572966575622559,
   1.1324069499969482,
   1.121261477470398,
   1.1451280117034912,
   1.148000955581665,
   1.1606948375701904,
   1.1356154680252075,
   1.1777455806732178,
   1.1823750734329224,
   1.1359330415725708
  ],
  "amp_modulation_mean_valid_only": [
   1.144625186920166,
   1.143233060836792,
   1.1416786909103394,
   1.130473256111145,
   1.1331161260604858,
   1.1191476583480835,
   1.1211878061294556,
   1.1117432117462158,
   1.1187875270843506,
   1.0948115587234497,
   1.1257355213165283,
   1.103579044342041,
   1.1056362390518188,
   1.1065266132354736,
   1.152915358543396,
   1.1329818964004517,
   1.139540433883667,
   1.1424832344055176,
   1.143696904182434,
   1.163360834121704,
   1.1880125999450684,
   1.1675963401794434,
   1.256231427192688,
   1.2664926052093506,
   1.1943979263305664,
   1.1719601154327393,
   1.1666619777679443,
   1.115520715713501,
   1.0937070846557617,
   1.0943984985351562,
   1.0972291231155396,
   1.0544809103012085,
   0.9972044229507446,
   0.9777988195419312,
   1.0077358484268188,
   1.0232336521148682,
   1.0696356296539307,
   1.074707269668579,
   1.096413016319275,
   1.1334593296051025,
   1.1003413200378418,
   1.1103274822235107,
   1.1169776916503906,
   1.1319841146469116,
   1.137558937072754,
   1.1356980800628662,
   1.1202175617218018,
   1.1399996280670166,
   1.1318085193634033,
   1.153490662574768,
   1.1529743671417236,
   1.1671295166015625,
   1.1572966575622559,
   1.1324069499969482,
   1.121261477470398,
   1.1451280117034912,
   1.148000955581665,
   1.1606948375701904,
   1.1356154680252075,
   1.1777455806732178,
   1.1823750734329224,
   1.1359330415725708
  ],
  "phase_consistency_across_units": [
   0.014201895333826542,
   0.013850373215973377,
   0.020039405673742294,
   0.01716512441635132,
   0.012782324105501175,
   0.02872094325721264,
   0.019294273108243942,
   0.03621502220630646,
   0.017832662910223007,
   0.028260227292776108,
   0.019841672852635384,
   0.02249821648001671,
   0.02150508016347885,
   0.01685294322669506,
   0.01996176317334175,
   0.013148671947419643,
   0.014944731257855892,
   0.01261906884610653,
   0.014805318787693977,
   0.014909167774021626,
   0.025523269549012184,
   0.03151889890432358,
   0.006908097304403782,
   0.027702318504452705,
   0.026256553828716278,
   0.024334099143743515,
   0.019516875967383385,
   0.026316074654459953,
   0.044133614748716354,
   0.03701158985495567,
   0.0220347847789526,
   0.01477007195353508,
   0.02288184128701687,
   0.02235356718301773,
   0.013650860637426376,
   0.01203798595815897,
   0.0205397792160511,
   0.01240928377956152,
   0.012710479088127613,
   0.004774776287376881,
   0.011370223946869373,
   0.011656738817691803,
   0.006288943346589804,
   0.002051635179668665,
   0.012039870955049992,
   0.01627740077674389,
   0.007241932675242424,
   0.014618711546063423,
   0.007368503604084253,
   0.013211123645305634,
   0.007931658066809177,
   0.019054191187024117,
   0.016137341037392616,
   0.011704505421221256,
   0.010182434692978859,
   0.019972143694758415,
   0.013064061291515827,
   0.009907961823046207,
   0.013806224800646305,
   0.008192537352442741,
   0.004024445544928312,
   0.006456948351114988
  ],
  "freq_mean": [
   0.13549211621284485,
   0.04311341792345047,
   0.13778385519981384,
   0.06740774214267731,
   0.13104026019573212,
   0.060780931264162064,
   0.13015849888324738,
   0.053038470447063446,
   0.09731848537921906,
   0.0727427750825882,
   0.13962678611278534,
   0.09583105891942978,
   0.10887923091650009,
   0.08164678514003754,
   0.16349104046821594,
   0.0989309698343277,
   0.14220674335956573,
   0.12760476768016815,
   0.20825180411338806,
   0.11319229751825333,
   0.1715233474969864,
   0.10803679376840591,
   0.30560821294784546,
   0.17781241238117218,
   0.2032824456691742,
   0.185037761926651,
   0.21171998977661133,
   0.15788111090660095,
   0.1959962397813797,
   0.19620059430599213,
   0.24511060118675232,
   0.15758536756038666,
   0.12313439697027206,
   0.13917548954486847,
   0.15364503860473633,
   0.19361798465251923,
   0.22304067015647888,
   0.20302589237689972,
   0.25277072191238403,
   0.21780352294445038,
   0.21067170798778534,
   0.19961532950401306,
   0.23474808037281036,
   0.23665352165699005,
   0.2293233871459961,
   0.20882733166217804,
   0.21674522757530212,
   0.20772233605384827,
   0.2127975970506668,
   0.23957116901874542,
   0.26021796464920044,
   0.2531917989253998,
   0.24149540066719055,
   0.1782999038696289,
   0.2723441421985626,
   0.2176527976989746,
   0.3087952733039856,
   0.20948028564453125,
   0.3205071985721588,
   0.25150302052497864,
   0.5181468725204468
  ],
  "freq_deviation_abs_mean": [
   0.33695149421691895,
   0.21466350555419922,
   0.24616189301013947,
   0.2413087785243988,
   0.23769478499889374,
   0.2280953824520111,
   0.21873252093791962,
   0.24175576865673065,
   0.2241225689649582,
   0.23142996430397034,
   0.24282050132751465,
   0.2504194676876068,
   0.22691312432289124,
   0.2727220058441162,
   0.31057214736938477,
   0.3034742474555969,
   0.26968294382095337,
   0.31169891357421875,
   0.32973888516426086,
   0.3660121262073517,
   0.33297380805015564,
   0.3810151219367981,
   0.35206618905067444,
   0.38054439425468445,
   0.3408568799495697,
   0.344669371843338,
   0.331585168838501,
   0.33184343576431274,
   0.32154545187950134,
   0.36921319365501404,
   0.36655569076538086,
   0.33977174758911133,
   0.3295140266418457,
   0.33313560485839844,
   0.3207893371582031,
   0.35481661558151245,
   0.37947878241539,
   0.35595858097076416,
   0.371915727853775,
   0.3821784555912018,
   0.3929229974746704,
   0.40366870164871216,
   0.38695821166038513,
   0.36642634868621826,
   0.377324640750885,
   0.36754554510116577,
   0.36699357628822327,
   0.37079086899757385,
   0.38838404417037964,
   0.397244393825531,
   0.40532803535461426,
   0.40764278173446655,
   0.37906116247177124,
   0.381608247756958,
   0.36267223954200745,
   0.41731390357017517,
   0.3866172730922699,
   0.4258374273777008,
   0.4194335341453552,
   0.4697505831718445,
   0.42312851548194885
  ],