{
 "position": 7,
 "sequence_aa": "L",
 "substrate_file": "/Users/djbray/Desktop/esm2/esm2_substrate_facebook_esm2_t33_650M_UR50D/substrate.npz",
 "n_sublayers": 62,
 "n_units": 1280,
 "depth_profiles": {
  "amp_mean": [
   9.849678039550781,
   5.434149742126465,
   5.5231828689575195,
   4.3342390060424805,
   4.375474452972412,
   3.749351978302002,
   3.800257921218872,
   3.4006030559539795,
   3.4616265296936035,
   3.1977152824401855,
   3.307922840118408,
   3.1268084049224854,
   3.1991114616394043,
   3.067932605743408,
   3.254742383956909,
   3.1374776363372803,
   3.272864580154419,
   3.245875597000122,
   3.465989351272583,
   3.4363341331481934,
   3.6395812034606934,
   3.6208901405334473,
   4.126776695251465,
   4.206980228424072,
   4.064978122711182,
   4.1111555099487305,
   4.150487899780273,
   4.1460113525390625,
   4.04513692855835,
   4.140044212341309,
   4.25033712387085,
   4.25175666809082,
   3.9947571754455566,
   4.051819801330566,
   4.170997619628906,
   4.298481464385986,
   4.576336860656738,
   4.738612174987793,
   4.893479347229004,
   5.0946855545043945,
   4.974457740783691,
   5.091174125671387,
   5.206956386566162,
   5.370181083679199,
   5.453132629394531,
   5.457486629486084,
   5.4549713134765625,
   5.554776191711426,
   5.607230186462402,
   5.722649574279785,
   5.900644302368164,
   5.989071846008301,
   6.092278957366943,
   6.0125203132629395,
   6.145618438720703,
   6.414034366607666,
   6.665982723236084,
   7.07992696762085,
   7.26431941986084,
   8.077763557434082,
   8.657443046569824,
   11.591798782348633
  ],
  "amp_modulation_mean": [
   1.144625186920166,
   1.143233060836792,
   1.1416786909103394,
   1.1304733753204346,
   1.1331161260604858,
   1.1196225881576538,
   1.1211878061294556,
   1.1103622913360596,
   1.1218841075897217,
   1.1098754405975342,
   1.1248233318328857,
   1.1192680597305298,
   1.1239421367645264,
   1.1119897365570068,
   1.1417253017425537,
   1.1342333555221558,
   1.135467529296875,
   1.1507166624069214,
   1.1503468751907349,
   1.1588599681854248,
   1.1832389831542969,
   1.168986439704895,
   1.2562313079833984,
   1.2664926052093506,
   1.1943979263305664,
   1.1719599962234497,
   1.1666619777679443,
   1.1155205965042114,
   1.0937069654464722,
   1.0943984985351562,
   1.09722900390625,
   1.0544809103012085,
   0.9972044229507446,
   0.9777989387512207,
   1.0077359676361084,
   1.0232337713241577,
   1.0696356296539307,
   1.0747073888778687,
   1.096413016319275,
   1.133459448814392,
   1.1003414392471313,
   1.1103274822235107,
   1.1169779300689697,
   1.1319841146469116,
   1.137558937072754,
   1.1356981992721558,
   1.1202176809310913,
   1.1399997472763062,
   1.1318087577819824,
   1.153490662574768,
   1.1529743671417236,
   1.1671295166015625,
   1.1572965383529663,
   1.1324068307876587,
   1.1212613582611084,
   1.1451278924942017,
   1.148000717163086,
   1.1606948375701904,
   1.135615348815918,
   1.1777455806732178,
   1.1823753118515015,
   1.1359331607818604
  ],
  "phase_consistency_across_units": [
   0.014202035032212734,
   0.013850309886038303,
   0.02003941312432289,
   0.017165185883641243,
   0.012782382778823376,
   0.028720859438180923,
   0.0192941315472126,
   0.036214910447597504,
   0.017832675948739052,
   0.0282601248472929,
   0.01984173245728016,
   0.02249821648001671,
   0.021505318582057953,
   0.016852812841534615,
   0.019961949437856674,
   0.0131485341116786,
   0.014944853261113167,
   0.012619356624782085,
   0.014805477112531662,
   0.01490938849747181,
   0.025523291900753975,
   0.03151893615722656,
   0.006908136885613203,
   0.02770240046083927,
   0.02625654637813568,
   0.024334127083420753,
   0.019516894593834877,
   0.026316246017813683,
   0.04413363337516785,
   0.037011634558439255,
   0.022034866735339165,
   0.01477016881108284,
   0.02288195490837097,
   0.02235366217792034,
   0.013650874607264996,
   0.012038161046802998,
   0.020539797842502594,
   0.01240940485149622,
   0.012710442766547203,
   0.004774793982505798,
   0.011370225809514523,
   0.011656823568046093,
   0.0062888921238482,
   0.0020516763906925917,
   0.012039829045534134,
   0.016277646645903587,
   0.007241873536258936,
   0.01461859978735447,
   0.0073687052354216576,
   0.013211500830948353,
   0.00793162640184164,
   0.019054127857089043,
   0.01613730564713478,
   0.011704460717737675,
   0.010182395577430725,
   0.01997200772166252,
   0.01306403148919344,
   0.009907783009111881,
   0.013806032948195934,
   0.00819249078631401,
   0.004024421330541372,
   0.006456730887293816
  ],
  "freq_mean": [
   0.13549168407917023,
   0.04311352223157883,
   0.13778400421142578,
   0.0674075111746788,
   0.1310403198003769,
   0.06078087165951729,
   0.13015861809253693,
   0.053038399666547775,
   0.09731892496347427,
   0.07274238765239716,
   0.13962654769420624,
   0.09583151340484619,
   0.10887932777404785,
   0.08164652436971664,
   0.16349056363105774,
   0.0989314466714859,
   0.14220638573169708,
   0.12760505080223083,
   0.20825214684009552,
   0.11319205909967422,
   0.17152336239814758,
   0.10803665965795517,
   0.3056080937385559,
   0.17781242728233337,
   0.20328262448310852,
   0.18503761291503906,
   0.21172018349170685,
   0.1578809916973114,
   0.1959962546825409,
   0.1962004452943802,
   0.2451106309890747,
   0.15758532285690308,
   0.12313441187143326,
   0.1391754448413849,
   0.1536448895931244,
   0.19361808896064758,
   0.22304074466228485,
   0.20302577316761017,
   0.25277090072631836,
   0.21780359745025635,
   0.21067169308662415,
   0.1996152102947235,
   0.23474831879138947,
   0.23665347695350647,
   0.2293231040239334,
   0.20882758498191833,
   0.21674540638923645,
   0.2077222317457199,
   0.21279725432395935,
   0.23957152664661407,
   0.26021766662597656,
   0.25319212675094604,
   0.24149517714977264,
   0.178300142288208,
   0.27234402298927307,
   0.217652827501297,
   0.3087954521179199,
   0.20948004722595215,
   0.3205072283744812,
   0.25150322914123535,
   0.5181468725204468
  ],
  "freq_deviation_abs_mean": [
   0.336951345205307,
   0.21466343104839325,
   0.24616184830665588,
   0.2413087785243988,
   0.23769481480121613,
   0.22809529304504395,
   0.21873250603675842,
   0.24175600707530975,
   0.2241228073835373,
   0.23143020272254944,
   0.24282093346118927,
   0.2504194378852844,
   0.22691290080547333,
   0.2727218568325043,
   0.31057238578796387,
   0.3034737706184387,
   0.26968273520469666,
   0.3116987645626068,
   0.3297394812107086,
   0.36601242423057556,
   0.3329739570617676,
   0.3810150623321533,
   0.3520660996437073,
   0.3805443048477173,
   0.3408568799495697,
   0.34466931223869324,
   0.3315850794315338,
   0.33184343576431274,
   0.3215453624725342,
   0.36921316385269165,
   0.3665558397769928,
   0.3397718071937561,
   0.3295138478279114,
   0.3331356644630432,
   0.32078951597213745,
   0.3548165261745453,
   0.37947896122932434,
   0.35595861077308655,
   0.37191587686538696,
   0.38217872381210327,
   0.39292290806770325,
   0.40366849303245544,
   0.3869580626487732,
   0.36642616987228394,
   0.37732428312301636,
   0.3675457835197449,
   0.36699333786964417,
   0.3707907795906067,
   0.38838401436805725,
   0.39724481105804443,
   0.4053281843662262,
   0.4076429307460785,
   0.3790612816810608,
   0.3816084861755371,
   0.3626723885536194,
   0.4173141419887543,
   0.3866172730922699,
   0.42583760619163513,
   0.4194335341453552,
   0.4697505831718445,
   0.4231284260749817
  ]
 },
 "top_units_by_amp_modulation_max": [
  {
   "unit": 507,
   "max_amp_mod": 5.426196575164795,
   "argmax_sublayer": 59
  },
  {
   "unit": 286,
   "max_amp_mod": 4.70350980758667,
   "argmax_sublayer": 0
  },
  {
   "unit": 875,
   "max_amp_mod": 4.633701801300049,
   "argmax_sublayer": 0
  },
  {
   "unit": 526,
   "max_amp_mod": 4.4811248779296875,
   "argmax_sublayer": 3
  },
  {
   "unit": 1056,
   "max_amp_mod": 4.257939338684082,