{
 "position": 51,
 "sequence_aa": "D",
 "substrate_file": "/Users/djbray/Desktop/esm2/esm2_substrate_facebook_esm2_t33_650M_UR50D/substrate.npz",
 "n_sublayers": 62,
 "n_units": 1280,
 "depth_profiles": {
  "amp_mean": [
   11.455408096313477,
   6.274444103240967,
   6.3494181632995605,
   4.928703784942627,
   4.963840484619141,
   4.241873741149902,
   4.2955002784729,
   3.827822208404541,
   3.8684754371643066,
   3.57305908203125,
   3.637592315673828,
   3.4296886920928955,
   3.5044517517089844,
   3.3573157787323,
   3.5308432579040527,
   3.4116928577423096,
   3.5384342670440674,
   3.4170379638671875,
   3.655255079269409,
   3.5597870349884033,
   3.7260119915008545,
   3.669109344482422,
   4.055676460266113,
   4.090101718902588,
   4.135403633117676,
   4.149294376373291,
   4.2426629066467285,
   4.264502048492432,
   4.270899295806885,
   4.375103950500488,
   4.414372444152832,
   4.4427995681762695,
   4.50745153427124,
   4.630988121032715,
   4.765509128570557,
   5.0662713050842285,
   5.216217041015625,
   5.227697849273682,
   5.4674577713012695,
   5.776045799255371,
   5.785599708557129,
   6.060341835021973,
   6.5006232261657715,
   7.237392425537109,
   7.013201713562012,
   7.257730960845947,
   7.002131462097168,
   6.806951999664307,
   6.986346244812012,
   6.914129734039307,
   7.158923149108887,
   7.160564422607422,
   7.453179359436035,
   7.738217353820801,
   7.953451633453369,
   7.634314060211182,
   8.021791458129883,
   8.940240859985352,
   9.371325492858887,
   9.48508071899414,
   10.103473663330078,
   13.740887641906738
  ],
  "amp_modulation_mean": [
   1.327484130859375,
   1.3185991048812866,
   1.3111534118652344,
   1.2849401235580444,
   1.283519983291626,
   1.2674639225006104,
   1.266899585723877,
   1.2496473789215088,
   1.253777027130127,
   1.2408215999603271,
   1.238747477531433,
   1.2283122539520264,
   1.2316182851791382,
   1.2201019525527954,
   1.2417900562286377,
   1.2352087497711182,
   1.227661371231079,
   1.2080161571502686,
   1.209302306175232,
   1.198279857635498,
   1.2095493078231812,
   1.1832977533340454,
   1.2324539422988892,
   1.2286897897720337,
   1.212820291519165,
   1.180673599243164,
   1.1902697086334229,
   1.1475636959075928,
   1.1524416208267212,
   1.154738187789917,
   1.1380317211151123,
   1.1014355421066284,
   1.126840591430664,
   1.1181385517120361,
   1.152866005897522,
   1.2069324254989624,
   1.2199894189834595,
   1.1866028308868408,
   1.226997971534729,
   1.2843735218048096,
   1.2808194160461426,
   1.325460433959961,
   1.3993746042251587,
   1.5312771797180176,
   1.4670240879058838,
   1.5157945156097412,
   1.4411976337432861,
   1.3992187976837158,
   1.4105714559555054,
   1.3946205377578735,
   1.4009469747543335,
   1.3979647159576416,
   1.415284514427185,
   1.460216760635376,
   1.4505374431610107,
   1.3612549304962158,
   1.3780944347381592,
   1.464072585105896,
   1.4619569778442383,
   1.37770414352417,
   1.371911883354187,
   1.3395512104034424
  ],
  "phase_consistency_across_units": [
   0.005498149432241917,
   0.02391352504491806,
   0.01653473451733589,
   0.035042937844991684,
   0.013436435721814632,
   0.03272900730371475,
   0.0240502767264843,
   0.03259849175810814,
   0.025465382263064384,
   0.030297815799713135,
   0.02676224708557129,
   0.024727439507842064,
   0.022997675463557243,
   0.030705053359270096,
   0.023999767377972603,
   0.016964945942163467,
   0.026488294824957848,
   0.017121657729148865,
   0.030433904379606247,
   0.021807018667459488,
   0.024611854925751686,
   0.024641623720526695,
   0.020026370882987976,
   0.016055645421147346,
   0.009248007088899612,
   0.004382636863738298,
   0.00909337680786848,
   0.011263223364949226,
   0.0079208854585886,
   0.01221633143723011,
   0.006566435564309359,
   0.005460750311613083,
   0.009334364905953407,
   0.002753627020865679,
   0.01216665655374527,
   0.015471107326447964,
   0.007450948469340801,
   0.008725264109671116,
   0.010724971070885658,
   0.010309712029993534,
   0.003998144995421171,
   0.010264456272125244,
   0.006981882732361555,
   0.006047363858669996,
   0.0056190043687820435,
   0.007311590015888214,
   0.0017905704444274306,
   0.00809908751398325,
   0.017908981069922447,
   0.007798021659255028,
   0.008604031056165695,
   0.008917012251913548,
   0.006379785481840372,
   0.0017720528412610292,
   0.01741974800825119,
   0.013945911079645157,
   0.0240476131439209,
   0.0115599250420928,
   0.00899032037705183,
   0.011397235095500946,
   0.013989854604005814,
   0.011378761380910873
  ],
  "freq_mean": [
   0.13253648579120636,
   0.024527516216039658,
   0.1532834768295288,
   0.0353129580616951,
   0.14446380734443665,
   0.03825852647423744,
   0.1437140703201294,
   0.03859097510576248,
   0.1169683188199997,
   0.06721122562885284,
   0.10562743991613388,
   0.07885871827602386,
   0.11261369287967682,
   0.09592951834201813,
   0.15234556794166565,
   0.09817492961883545,
   0.15521717071533203,
   0.10222063958644867,
   0.19271671772003174,
   0.10654862225055695,
   0.18943610787391663,
   0.12007737159729004,
   0.2565888464450836,
   0.14564910531044006,
   0.2374291867017746,
   0.13048262894153595,
   0.22753719985485077,
   0.13438889384269714,
   0.18902084231376648,
   0.15979096293449402,
   0.18551644682884216,
   0.14279194176197052,
   0.19302451610565186,
   0.150084987282753,
   0.19894880056381226,
   0.22229161858558655,
   0.21904389560222626,
   0.1593642234802246,
   0.22728483378887177,
   0.20915794372558594,
   0.17040090262889862,
   0.17126666009426117,
   0.2902612090110779,
   0.30155864357948303,
   0.23506379127502441,
   0.2577217221260071,
   0.17607688903808594,
   0.24266643822193146,
   0.19032920897006989,
   0.2295341044664383,
   0.239158034324646,
   0.21759848296642303,
   0.266340970993042,
   0.28853145241737366,
   0.26706287264823914,
   0.1675669401884079,
   0.31453949213027954,
   0.30805081129074097,
   0.36137500405311584,
   0.16365453600883484,
   0.5060127973556519
  ],
  "freq_deviation_abs_mean": [
   0.3359673023223877,
   0.21571478247642517,
   0.25183069705963135,
   0.24425306916236877,
   0.23583583533763885,
   0.23525361716747284,
   0.21020996570587158,
   0.22565560042858124,
   0.2245514690876007,
   0.25112831592559814,
   0.24271199107170105,
   0.25128173828125,
   0.23462407290935516,
   0.27329182624816895,
   0.289381206035614,
   0.31114262342453003,
   0.275546669960022,
   0.3164975941181183,
   0.3108929991722107,
   0.3589092791080475,
   0.3291982412338257,
   0.36893144249916077,
   0.34793955087661743,
   0.4071110785007477,
   0.3279239237308502,
   0.3603110909461975,
   0.3436102271080017,
   0.346699595451355,
   0.3294314742088318,
   0.35638999938964844,
   0.3442501127719879,
   0.34904995560646057,
   0.33147019147872925,
   0.3431663513183594,
   0.34864193201065063,
   0.38177594542503357,
   0.3335280418395996,
   0.3594663739204407,
   0.38289132714271545,
   0.3463912606239319,
   0.3532993197441101,
   0.3874637484550476,
   0.40511780977249146,
   0.35995012521743774,
   0.37657636404037476,
   0.3475976586341858,
   0.34531712532043457,
   0.3608030080795288,
   0.39288219809532166,
   0.36604395508766174,
   0.3804967999458313,
   0.4034995138645172,
   0.4210206866264343,
   0.43109130859375,
   0.3827657103538513,
   0.44343632459640503,
   0.4364163279533386,
   0.4518001675605774,
   0.39605051279067993,
   0.4311853349208832,
   0.4147570729255676
  ]
 },
 "top_units_by_amp_modulation_max": [
  {
   "unit": 89,
   "max_amp_mod": 6.136611461639404,
   "argmax_sublayer": 1
  },
  {
   "unit": 830,
   "max_amp_mod": 5.7762908935546875,
   "argmax_sublayer": 43
  },
  {
   "unit": 149,
   "max_amp_mod": 5.7559404373168945,
   "argmax_sublayer": 0
  },
  {
   "unit": 587,
   "max_amp_mod": 5.611975193023682,
   "argmax_sublayer": 0
  },
  {
   "unit": 576,
   "max_amp_mod": 5.305624485015869,