{
 "position": 9,
 "sequence_aa": "G",
 "substrate_file": "/home/dbrayjr5/esm2-osc/esm2_substrate_facebook_esm2_t33_650M_UR50D/substrate.npz",
 "n_sublayers": 62,
 "n_units": 1280,
 "validity_floor": {
  "quantile": 0.1,
  "absolute_value": 2.7328476905822754,
  "n_valid_cells": 71424,
  "n_total_cells": 79360,
  "fraction_valid": 0.9
 },
 "depth_profiles": {
  "amp_modulation_mean": [
   1.148840069770813,
   1.1474175453186035,
   1.1448702812194824,
   1.1326667070388794,
   1.1383615732192993,
   1.1290090084075928,
   1.126044511795044,
   1.1214361190795898,
   1.1337159872055054,
   1.1237536668777466,
   1.1335937976837158,
   1.1265342235565186,
   1.1364622116088867,
   1.1146692037582397,
   1.1503560543060303,
   1.1520572900772095,
   1.1258478164672852,
   1.1309672594070435,
   1.1378090381622314,
   1.141139268875122,
   1.1831181049346924,
   1.18112313747406,
   1.2283893823623657,
   1.217553734779358,
   1.1217902898788452,
   1.1045290231704712,
   1.117276906967163,
   1.0960708856582642,
   1.0786385536193848,
   1.0965425968170166,
   1.0890930891036987,
   1.048002004623413,
   1.0037940740585327,
   0.9857639074325562,
   1.0157597064971924,
   1.042715311050415,
   1.063143014907837,
   1.0998821258544922,
   1.1543662548065186,
   1.261432409286499,
   1.1803690195083618,
   1.1565916538238525,
   1.119742751121521,
   1.069803237915039,
   1.0689570903778076,
   1.048625111579895,
   1.0823384523391724,
   1.0939390659332275,
   1.0737030506134033,
   1.0553187131881714,
   1.0754690170288086,
   1.0557342767715454,
   1.0567607879638672,
   1.0615648031234741,
   1.087422490119934,
   1.0985380411148071,
   1.057016134262085,
   1.0920157432556152,
   1.0635484457015991,
   1.134400725364685,
   1.1684285402297974,
   1.131723403930664
  ],
  "amp_modulation_mean_valid_only": [
   1.148840069770813,
   1.1474175453186035,
   1.1448702812194824,
   1.1326667070388794,
   1.1383615732192993,
   1.1261426210403442,
   1.126044511795044,
   1.1061209440231323,
   1.109503149986267,
   1.0615280866622925,
   1.0813132524490356,
   1.0853514671325684,
   1.064294457435608,
   1.0496177673339844,
   1.0833725929260254,
   1.1040654182434082,
   1.0775407552719116,
   1.0778322219848633,
   1.1271836757659912,
   1.140494465827942,
   1.1806011199951172,
   1.1792666912078857,
   1.2283893823623657,
   1.217553734779358,
   1.1217902898788452,
   1.1045290231704712,
   1.117276906967163,
   1.0960708856582642,
   1.0786385536193848,
   1.0965425968170166,
   1.0890930891036987,
   1.048002004623413,
   1.0037940740585327,
   0.9857639074325562,
   1.0157597064971924,
   1.042715311050415,
   1.063143014907837,
   1.0998821258544922,
   1.1543662548065186,
   1.261432409286499,
   1.1803690195083618,
   1.1565916538238525,
   1.119742751121521,
   1.069803237915039,
   1.0689570903778076,
   1.048625111579895,
   1.0823384523391724,
   1.0939390659332275,
   1.0737030506134033,
   1.0553187131881714,
   1.0754690170288086,
   1.0557342767715454,
   1.0567607879638672,
   1.0615648031234741,
   1.087422490119934,
   1.0985380411148071,
   1.057016134262085,
   1.0920157432556152,
   1.0635484457015991,
   1.134400725364685,
   1.1684285402297974,
   1.131723403930664
  ],
  "phase_consistency_across_units": [
   0.012094391509890556,
   0.00267229788005352,
   0.004025888163596392,
   0.016104629263281822,
   0.011312378570437431,
   0.024418210610747337,
   0.017268849536776543,
   0.02701534889638424,
   0.022688256576657295,
   0.03027552179992199,
   0.025371547788381577,
   0.016041334718465805,
   0.022815363481640816,
   0.01799507439136505,
   0.02139301970601082,
   0.005941290408372879,
   0.00885521899908781,
   0.00801273062825203,
   0.01026927400380373,
   0.011041766963899136,
   0.007682166062295437,
   0.018004119396209717,
   0.00564411748200655,
   0.021213481202721596,
   0.013731320388615131,
   0.017420245334506035,
   0.012958691455423832,
   0.024392148479819298,
   0.030857354402542114,
   0.01652182638645172,
   0.019123153761029243,
   0.019729945808649063,
   0.01069899182766676,
   0.017598014324903488,
   0.012124799191951752,
   0.005382278934121132,
   0.0025305324234068394,
   0.0128311887383461,
   0.016207963228225708,
   0.0026066864375025034,
   0.017878687009215355,
   0.015055590309202671,
   0.005919501651078463,
   0.01955079659819603,
   0.02349008433520794,
   0.018531298264861107,
   0.0079642990604043,
   0.011739147827029228,
   0.014252115041017532,
   0.017155617475509644,
   0.023205600678920746,
   0.006350294221192598,
   0.021089814603328705,
   0.021686751395463943,
   0.008438125252723694,
   0.014204609207808971,
   0.01673758402466774,
   0.00786675326526165,
   0.005342635326087475,
   0.017063327133655548,
   0.013206778094172478,
   0.008598209358751774
  ],
  "freq_mean": [
   0.1910058706998825,
   0.04155177250504494,
   0.15844908356666565,
   0.03144342824816704,
   0.14824946224689484,
   0.03555614501237869,
   0.13646981120109558,
   0.053334206342697144,
   0.10670264065265656,
   0.05815095826983452,
   0.11791553348302841,
   0.0886051133275032,
   0.11899925768375397,
   0.06534910947084427,
   0.20154495537281036,
   0.11056365817785263,
   0.14938834309577942,
   0.10018913447856903,
   0.20018020272254944,
   0.11182868480682373,
   0.2451910674571991,
   0.13587014377117157,
   0.3172573149204254,
   0.16207781434059143,
   0.18670910596847534,
   0.16685369610786438,
   0.1904042661190033,
   0.15722881257534027,
   0.18326382339000702,
   0.197785884141922,
   0.2145504653453827,
   0.16057370603084564,
   0.17821530997753143,
   0.15027469396591187,
   0.20307345688343048,
   0.16470348834991455,
   0.226461723446846,
   0.2047385722398758,
   0.2846132218837738,
   0.31945496797561646,
   0.18068590760231018,
   0.266474187374115,
   0.16234342753887177,
   0.19815552234649658,
   0.1868155151605606,
   0.21259275078773499,
   0.25207042694091797,
   0.24944467842578888,
   0.17868056893348694,
   0.18719910085201263,
   0.22616322338581085,
   0.17525261640548706,
   0.24470630288124084,
   0.1953127384185791,
   0.31025487184524536,
   0.17115169763565063,
   0.30609193444252014,
   0.19067974388599396,
   0.3117050528526306,
   0.26807287335395813,
   0.5231506824493408
  ],
  "freq_deviation_abs_mean": [
   0.3543745279312134,
   0.22393088042736053,
   0.2426324337720871,
   0.2375292032957077,
   0.234656423330307,
   0.23694224655628204,
   0.22289030253887177,
   0.25032299757003784,
   0.23466940224170685,
   0.249846413731575,
   0.23477335274219513,
   0.25416332483291626,
   0.24353590607643127,
   0.3047536015510559,
   0.3287648558616638,
   0.33069807291030884,
   0.3001660406589508,
   0.32786667346954346,
   0.34100669622421265,
   0.3741272985935211,
   0.3676246702671051,
   0.4317623972892761,
   0.36736243963241577,
   0.3779754638671875,
   0.32852986454963684,
   0.3396134674549103,
   0.3422379791736603,
   0.34096190333366394,
   0.3509141802787781,
   0.36815449595451355,
   0.36090272665023804,
   0.3409428298473358,
   0.32255855202674866,
   0.3541638255119324,
   0.36407795548439026,
   0.38777226209640503,
   0.3665713667869568,
   0.3940175473690033,
   0.4190285801887512,
   0.4152910113334656,
   0.4245509207248688,
   0.3663623332977295,
   0.36124056577682495,
   0.34248876571655273,
   0.3328796327114105,
   0.3479294180870056,
   0.39918798208236694,
   0.37261468172073364,
   0.3653317391872406,
   0.387369841337204,
   0.37160778045654297,
   0.37594157457351685,
   0.33906054496765137,
   0.4032055735588074,
   0.38320475816726685,
   0.44043484330177307,
   0.39357122778892517,
   0.43066078424453735,
   0.4203964173793793,
   0.5126897096633911,
   0.4799107611179352
  ],