{
 "position": 63,
 "sequence_aa": "E",
 "substrate_file": "/Users/djbray/Desktop/esm2/esm2_substrate_facebook_esm2_t33_650M_UR50D/substrate.npz",
 "n_sublayers": 62,
 "n_units": 1280,
 "depth_profiles": {
  "amp_mean": [
   11.074721336364746,
   6.293924331665039,
   6.399890422821045,
   5.127409934997559,
   5.189311504364014,
   4.547316074371338,
   4.604912757873535,
   4.344798564910889,
   4.316285610198975,
   4.160775184631348,
   4.088467597961426,
   3.9600112438201904,
   3.98960542678833,
   4.1142473220825195,
   4.2523322105407715,
   4.2264404296875,
   4.323325157165527,
   3.9870972633361816,
   4.110568046569824,
   4.105950832366943,
   4.205344200134277,
   4.264040470123291,
   4.6374006271362305,
   5.136343002319336,
   4.861088752746582,
   4.670415878295898,
   4.7296953201293945,
   4.642907619476318,
   4.704649925231934,
   4.673225402832031,
   4.8716044425964355,
   4.998101711273193,
   4.676887512207031,
   4.638409614562988,
   4.726092338562012,
   4.816853046417236,
   4.865399360656738,
   4.957398414611816,
   5.095901966094971,
   5.185964584350586,
   5.076834678649902,
   5.142518520355225,
   5.299622058868408,
   5.527119159698486,
   5.639346122741699,
   5.759708404541016,
   5.7579851150512695,
   5.7223405838012695,
   5.97713565826416,
   6.037420749664307,
   6.19207239151001,
   6.145033359527588,
   6.190595626831055,
   6.427060127258301,
   6.54067850112915,
   6.732133388519287,
   7.074777126312256,
   7.321417331695557,
   7.557672023773193,
   8.33790111541748,
   8.856819152832031,
   12.638757705688477
  ],
  "amp_modulation_mean": [
   1.2844525575637817,
   1.3235706090927124,
   1.3227142095565796,
   1.3375030755996704,
   1.3445831537246704,
   1.363507866859436,
   1.3641659021377563,
   1.4290629625320435,
   1.4068635702133179,
   1.4558145999908447,
   1.3998864889144897,
   1.4272140264511108,
   1.4070334434509277,
   1.5039265155792236,
   1.4952971935272217,
   1.536150574684143,
   1.5084402561187744,
   1.420880675315857,
   1.3706086874008179,
   1.39194655418396,
   1.3763792514801025,
   1.3850908279418945,
   1.4172834157943726,
   1.550248146057129,
   1.4326655864715576,
   1.3316141366958618,
   1.3313170671463013,
   1.2521016597747803,
   1.2703660726547241,
   1.2323057651519775,
   1.2546793222427368,
   1.2377851009368896,
   1.1657804250717163,
   1.1165577173233032,
   1.1395347118377686,
   1.1435920000076294,
   1.13431715965271,
   1.1206125020980835,
   1.1383806467056274,
   1.147997260093689,
   1.1180921792984009,
   1.1178306341171265,
   1.133824110031128,
   1.1629579067230225,
   1.1735941171646118,
   1.1977933645248413,
   1.1799527406692505,
   1.1714540719985962,
   1.2031999826431274,
   1.2145603895187378,
   1.208169937133789,
   1.1952574253082275,
   1.1716722249984741,
   1.2088758945465088,
   1.191112756729126,
   1.2000315189361572,
   1.2161502838134766,
   1.1972360610961914,
   1.1768286228179932,
   1.2090198993682861,
   1.2003494501113892,
   1.2327607870101929
  ],
  "phase_consistency_across_units": [
   0.00308176688849926,
   0.009065607562661171,
   0.015088639222085476,
   0.0235715564340353,
   0.014072248712182045,
   0.01780363917350769,
   0.009403766132891178,
   0.024777589365839958,
   0.021593747660517693,
   0.01946948654949665,
   0.011183507740497589,
   0.010889006778597832,
   0.005852547939866781,
   0.018063392490148544,
   0.006460023578256369,
   0.005094385705888271,
   0.011104777455329895,
   0.015586220659315586,
   0.011285730637609959,
   0.010368617251515388,
   0.017321135848760605,
   0.021458854898810387,
   0.01803049072623253,
   0.022039558738470078,
   0.02067459560930729,
   0.00469466857612133,
   0.019217588007450104,
   0.01326098944991827,
   0.01855468563735485,
   0.009615162387490273,
   0.008739634416997433,
   0.0128494743257761,
   0.01678246073424816,
   0.011295316740870476,
   0.020283401012420654,
   0.012510199099779129,
   0.024362415075302124,
   0.0025587044656276703,
   0.012119191698729992,
   0.009806051850318909,
   0.00734186265617609,
   0.005634395871311426,
   0.0017580495914444327,
   0.008283412083983421,
   0.015637122094631195,
   0.0017298839520663023,
   0.004099611658602953,
   0.00563021469861269,
   0.011155891232192516,
   0.015405808575451374,
   0.010970682837069035,
   0.005849496461451054,
   0.0036596928257495165,
   0.0020254531409591436,
   0.021307844668626785,
   0.018537575379014015,
   0.007164116017520428,
   0.00963248685002327,
   0.00497317872941494,
   0.005476690363138914,
   0.013180501759052277,
   0.0071042184717953205
  ],
  "freq_mean": [
   0.18464592099189758,
   0.023039985448122025,
   0.17108255624771118,
   0.03334579989314079,
   0.16194365918636322,
   0.029565762728452682,
   0.17313902080059052,
   0.07296662777662277,
   0.16294994950294495,
   0.11899928748607635,
   0.13804876804351807,
   0.09148309379816055,
   0.14180141687393188,
   0.18801572918891907,
   0.17213599383831024,
   0.23452213406562805,
   0.19400620460510254,
   0.08867015689611435,
   0.19236555695533752,
   0.10783068835735321,
   0.19434083998203278,
   0.12220314890146255,
   0.30760201811790466,
   0.274395227432251,
   0.17958323657512665,
   0.1982957273721695,
   0.19882825016975403,
   0.16509632766246796,
   0.19878177344799042,
   0.1561114490032196,
   0.2718185484409332,
   0.17158100008964539,
   0.13845600187778473,
   0.17325922846794128,
   0.2134193480014801,
   0.1601817011833191,
   0.18747690320014954,
   0.18379449844360352,
   0.24008670449256897,
   0.1864730268716812,
   0.1793450117111206,
   0.171996608376503,
   0.19201548397541046,
   0.22465305030345917,
   0.22472164034843445,
   0.23079518973827362,
   0.1718074381351471,
   0.1793845146894455,
   0.2517237365245819,
   0.2119869887828827,
   0.2731916308403015,
   0.14533928036689758,
   0.22812211513519287,
   0.195511132478714,
   0.2351963073015213,
   0.22255520522594452,
   0.29549020528793335,
   0.16420337557792664,
   0.3172532618045807,
   0.19858025014400482,
   0.5063193440437317
  ],
  "freq_deviation_abs_mean": [
   0.34790003299713135,
   0.20170831680297852,
   0.23050515353679657,
   0.21480555832386017,
   0.221378892660141,
   0.21902374923229218,
   0.23433032631874084,
   0.23439207673072815,
   0.25877511501312256,
   0.27589118480682373,
   0.23729519546031952,
   0.23997104167938232,
   0.2698661684989929,
   0.3271535038948059,
   0.33470696210861206,
   0.3580295443534851,
   0.37630167603492737,
   0.3254386782646179,
   0.31551724672317505,
   0.3612849712371826,
   0.3289526700973511,
   0.38546934723854065,
   0.3885200619697571,
   0.4221723675727844,
   0.3645414710044861,
   0.3736671805381775,
   0.36970779299736023,
   0.36401915550231934,
   0.3492211401462555,
   0.37002333998680115,
   0.3589767515659332,
   0.36404818296432495,
   0.332252562046051,
   0.3441949486732483,
   0.3321273922920227,
   0.37343817949295044,
   0.32505208253860474,
   0.338176429271698,
   0.3465314209461212,
   0.3422451615333557,
   0.32455939054489136,
   0.34145069122314453,
   0.3511607348918915,
   0.3656134009361267,
   0.36053475737571716,
   0.33064448833465576,
   0.35028067231178284,
   0.34765738248825073,
   0.35161253809928894,
   0.408236026763916,
   0.3905978500843048,
   0.39427274465560913,
   0.36721116304397583,
   0.39835718274116516,
   0.38175493478775024,
   0.42374658584594727,
   0.4118072986602783,
   0.44122418761253357,
   0.381190687417984,
   0.4690529406070709,
   0.4548512399196625
  ]
 },
 "top_units_by_amp_modulation_max": [
  {
   "unit": 40,
   "max_amp_mod": 5.848852157592773,
   "argmax_sublayer": 5
  },
  {
   "unit": 506,
   "max_amp_mod": 5.700979709625244,
   "argmax_sublayer": 0
  },
  {
   "unit": 457,
   "max_amp_mod": 5.573580741882324,
   "argmax_sublayer": 0
  },
  {
   "unit": 1128,
   "max_amp_mod": 5.407358169555664,
   "argmax_sublayer": 0
  },
  {
   "unit": 852,
   "max_amp_mod": 5.155133247375488,