{
 "position": 63,
 "sequence_aa": "E",
 "substrate_file": "/home/dbrayjr5/esm2-osc/esm2_substrate_facebook_esm2_t33_650M_UR50D/substrate.npz",
 "n_sublayers": 62,
 "n_units": 1280,
 "validity_floor": {
  "quantile": 0.1,
  "absolute_value": 2.7328476905822754,
  "n_valid_cells": 71424,
  "n_total_cells": 79360,
  "fraction_valid": 0.9
 },
 "depth_profiles": {
  "amp_modulation_mean": [
   1.2844527959823608,
   1.323570728302002,
   1.3227144479751587,
   1.33750319480896,
   1.3445831537246704,
   1.363507866859436,
   1.364166021347046,
   1.429062843322754,
   1.4068634510040283,
   1.4558143615722656,
   1.3998863697052002,
   1.4272139072418213,
   1.4070333242416382,
   1.5039262771606445,
   1.495296835899353,
   1.5361502170562744,
   1.5084397792816162,
   1.4208805561065674,
   1.3706086874008179,
   1.39194655418396,
   1.3763792514801025,
   1.3850910663604736,
   1.4172836542129517,
   1.5502485036849976,
   1.4326660633087158,
   1.3316142559051514,
   1.3313171863555908,
   1.2521017789840698,
   1.2703660726547241,
   1.232305884361267,
   1.2546794414520264,
   1.2377851009368896,
   1.1657804250717163,
   1.1165578365325928,
   1.1395350694656372,
   1.143592357635498,
   1.1343176364898682,
   1.1206127405166626,
   1.138380765914917,
   1.147997260093689,
   1.1180922985076904,
   1.1178306341171265,
   1.133824348449707,
   1.1629583835601807,
   1.1735942363739014,
   1.1977936029434204,
   1.17995285987854,
   1.1714541912078857,
   1.203200101852417,
   1.214560627937317,
   1.2081701755523682,
   1.1952574253082275,
   1.1716724634170532,
   1.2088762521743774,
   1.1911128759384155,
   1.2000316381454468,
   1.2161505222320557,
   1.1972362995147705,
   1.1768288612365723,
   1.2090200185775757,
   1.200350046157837,
   1.2327611446380615
  ],
  "amp_modulation_mean_valid_only": [
   1.2844527959823608,
   1.323570728302002,
   1.3227144479751587,
   1.33750319480896,
   1.3445831537246704,
   1.364432692527771,
   1.364166021347046,
   1.414942979812622,
   1.3788058757781982,
   1.414474606513977,
   1.3584702014923096,
   1.4115493297576904,
   1.405975341796875,
   1.4604411125183105,
   1.4394540786743164,
   1.4750345945358276,
   1.4907485246658325,
   1.4043947458267212,
   1.3647056818008423,
   1.3760219812393188,
   1.374098539352417,
   1.3792728185653687,
   1.4172836542129517,
   1.5502485036849976,
   1.4326660633087158,
   1.3316142559051514,
   1.3313171863555908,
   1.2521017789840698,
   1.2703660726547241,
   1.232305884361267,
   1.2546794414520264,
   1.2377851009368896,
   1.1657804250717163,
   1.1165578365325928,
   1.1395350694656372,
   1.143592357635498,
   1.1343176364898682,
   1.1206127405166626,
   1.138380765914917,
   1.147997260093689,
   1.1180922985076904,
   1.1178306341171265,
   1.133824348449707,
   1.1629583835601807,
   1.1735942363739014,
   1.1977936029434204,
   1.17995285987854,
   1.1714541912078857,
   1.203200101852417,
   1.214560627937317,
   1.2081701755523682,
   1.1952574253082275,
   1.1716724634170532,
   1.2088762521743774,
   1.1911128759384155,
   1.2000316381454468,
   1.2161505222320557,
   1.1972362995147705,
   1.1768288612365723,
   1.2090200185775757,
   1.200350046157837,
   1.2327611446380615
  ],
  "phase_consistency_across_units": [
   0.003081799019128084,
   0.009065944701433182,
   0.015088695101439953,
   0.02357177808880806,
   0.014072421006858349,
   0.017803730443120003,
   0.009403858333826065,
   0.024777695536613464,
   0.021593842655420303,
   0.01946953311562538,
   0.011183597147464752,
   0.010889078490436077,
   0.005852668080478907,
   0.01806369423866272,
   0.006459834054112434,
   0.005094257183372974,
   0.01110483892261982,
   0.015586137771606445,
   0.011285632848739624,
   0.01036863960325718,
   0.01732129417359829,
   0.021458864212036133,
   0.018030544742941856,
   0.02203945443034172,
   0.02067464590072632,
   0.004694635514169931,
   0.019217565655708313,
   0.013261041603982449,
   0.018554601818323135,
   0.009615037590265274,
   0.008739665150642395,
   0.012849566526710987,
   0.01678244210779667,
   0.011295481584966183,
   0.02028355374932289,
   0.012510179542005062,
   0.024362433701753616,
   0.002558757085353136,
   0.01211920939385891,
   0.009805961512029171,
   0.007341926451772451,
   0.00563426036387682,
   0.0017581088468432426,
   0.008283762261271477,
   0.015637163072824478,
   0.001729715964756906,
   0.004099643789231777,
   0.005630394909530878,
   0.01115601509809494,
   0.015405934303998947,
   0.010970836505293846,
   0.00584946246817708,
   0.003659717505797744,
   0.0020252405665814877,
   0.021308040246367455,
   0.01853746920824051,
   0.007164177484810352,
   0.009632443077862263,
   0.004972993861883879,
   0.005477432161569595,
   0.01318069826811552,
   0.007104039657860994
  ],
  "freq_mean": [
   0.1846463829278946,
   0.02303951419889927,
   0.17108258605003357,
   0.033345531672239304,
   0.16194403171539307,
   0.02956549823284149,
   0.173139289021492,
   0.07296659052371979,
   0.16294996440410614,
   0.11899938434362411,
   0.13804897665977478,
   0.09148280322551727,
   0.14180171489715576,
   0.1880156695842743,
   0.1721356064081192,
   0.23452207446098328,
   0.19400647282600403,
   0.08866993337869644,
   0.19236557185649872,
   0.10783085972070694,
   0.19434063136577606,
   0.12220295518636703,
   0.3076023459434509,
   0.27439528703689575,
   0.1795830875635147,
   0.19829583168029785,
   0.19882827997207642,
   0.1650962382555008,
   0.1987818330526352,
   0.1561114639043808,
   0.27181828022003174,
   0.17158129811286926,
   0.13845586776733398,
   0.17325930297374725,
   0.21341946721076965,
   0.16018149256706238,
   0.18747684359550476,
   0.1837945431470871,
   0.24008698761463165,
   0.18647298216819763,
   0.1793447732925415,
   0.17199675738811493,
   0.19201511144638062,
   0.22465333342552185,
   0.22472158074378967,
   0.23079529404640198,
   0.17180749773979187,
   0.17938432097434998,
   0.2517238259315491,
   0.21198686957359314,
   0.2731914520263672,
   0.14533951878547668,
   0.22812220454216003,
   0.19551105797290802,
   0.23519615828990936,
   0.2225554883480072,
   0.29548996686935425,
   0.164203479886055,
   0.31725242733955383,
   0.19858117401599884,
   0.5063192844390869
  ],
  "freq_deviation_abs_mean": [
   0.34790006279945374,
   0.20170822739601135,
   0.2305053472518921,
   0.21480579674243927,
   0.2213790863752365,
   0.2190237045288086,
   0.2343297004699707,
   0.23439157009124756,
   0.25877493619918823,
   0.2758910655975342,
   0.23729507625102997,
   0.2399713546037674,
   0.26986631751060486,
   0.3271535336971283,
   0.3347068428993225,
   0.3580295145511627,
   0.37630170583724976,
   0.32543841004371643,
   0.3155170679092407,
   0.36128488183021545,
   0.3289526104927063,
   0.38546913862228394,
   0.3885200619697571,
   0.42217254638671875,
   0.364541620016098,
   0.37366732954978943,
   0.3697078824043274,
   0.36401909589767456,
   0.3492211699485779,
   0.370023638010025,
   0.3589768409729004,
   0.3640480935573578,
   0.3322524130344391,
   0.3441948890686035,
   0.3321273922920227,
   0.37343841791152954,
   0.32505226135253906,
   0.3381763994693756,
   0.3465314209461212,
   0.3422449231147766,
   0.3245590329170227,
   0.3414507508277893,
   0.35116130113601685,
   0.36561378836631775,
   0.3605346083641052,
   0.3306442201137543,
   0.3502807021141052,
   0.34765735268592834,
   0.35161250829696655,
   0.40823596715927124,
   0.39059749245643616,
   0.39427250623703003,
   0.3672107756137848,
   0.39835670590400696,
   0.3817547857761383,
   0.4237465262413025,
   0.4118073582649231,
   0.44122448563575745,
   0.38119158148765564,
   0.46905428171157837,
   0.4548512399196625
  ],