{
 "position": 15,
 "sequence_aa": "E",
 "substrate_file": "/home/dbrayjr5/esm2-osc/esm2_substrate_facebook_esm2_t33_650M_UR50D/substrate.npz",
 "n_sublayers": 62,
 "n_units": 1280,
 "validity_floor": {
  "quantile": 0.1,
  "absolute_value": 2.7328476905822754,
  "n_valid_cells": 71424,
  "n_total_cells": 79360,
  "fraction_valid": 0.9
 },
 "depth_profiles": {
  "amp_modulation_mean": [
   1.0897921323776245,
   1.085510015487671,
   1.094663381576538,
   1.0763849020004272,
   1.0881290435791016,
   1.0702733993530273,
   1.0831258296966553,
   1.0702900886535645,
   1.0961042642593384,
   1.083873987197876,
   1.0872955322265625,
   1.0656137466430664,
   1.070063829421997,
   1.0573978424072266,
   1.0955804586410522,
   1.0786231756210327,
   1.0954190492630005,
   1.1179702281951904,
   1.114636778831482,
   1.1099798679351807,
   1.1065056324005127,
   1.0926721096038818,
   1.1332389116287231,
   1.1244179010391235,
   1.0802894830703735,
   1.0549291372299194,
   1.0881420373916626,
   1.077336311340332,
   1.086059331893921,
   1.0909874439239502,
   1.0080101490020752,
   0.9970816373825073,
   0.9660049676895142,
   0.9410843849182129,
   0.9661350250244141,
   1.0051233768463135,
   0.9768729209899902,
   0.9596296548843384,
   1.0330613851547241,
   1.081266164779663,
   1.058274507522583,
   1.073815107345581,
   1.046141266822815,
   1.027180790901184,
   1.0138601064682007,
   1.0075355768203735,
   1.0220060348510742,
   1.0322288274765015,
   1.0350090265274048,
   1.0684159994125366,
   1.055328369140625,
   1.0469567775726318,
   1.0449779033660889,
   1.0746761560440063,
   1.0705225467681885,
   1.056911826133728,
   1.1089167594909668,
   1.1493568420410156,
   1.1025298833847046,
   1.0916320085525513,
   1.0643237829208374,
   1.067030668258667
  ],
  "amp_modulation_mean_valid_only": [
   1.0897921323776245,
   1.085510015487671,
   1.094663381576538,
   1.0763849020004272,
   1.0881290435791016,
   1.070333480834961,
   1.0831258296966553,
   1.0580488443374634,
   1.079338788986206,
   1.0468062162399292,
   1.0532715320587158,
   1.003025770187378,
   1.0569275617599487,
   1.0044621229171753,
   1.082975149154663,
   1.0490469932556152,
   1.0667699575424194,
   1.0881847143173218,
   1.0917418003082275,
   1.1101523637771606,
   1.1045620441436768,
   1.0899317264556885,
   1.1332389116287231,
   1.1244179010391235,
   1.0802894830703735,
   1.0549291372299194,
   1.0881420373916626,
   1.077336311340332,
   1.086059331893921,
   1.0909874439239502,
   1.0080101490020752,
   0.9970816373825073,
   0.9660049676895142,
   0.9410843849182129,
   0.9661350250244141,
   1.0051233768463135,
   0.9768729209899902,
   0.9596296548843384,
   1.0330613851547241,
   1.081266164779663,
   1.058274507522583,
   1.073815107345581,
   1.046141266822815,
   1.027180790901184,
   1.0138601064682007,
   1.0075355768203735,
   1.0220060348510742,
   1.0322288274765015,
   1.0350090265274048,
   1.0684159994125366,
   1.055328369140625,
   1.0469567775726318,
   1.0449779033660889,
   1.0746761560440063,
   1.0705225467681885,
   1.056911826133728,
   1.1089167594909668,
   1.1493568420410156,
   1.1025298833847046,
   1.0916320085525513,
   1.0643237829208374,
   1.067030668258667
  ],
  "phase_consistency_across_units": [
   0.005357039626687765,
   0.008611412718892097,
   0.011080164462327957,
   0.018025284633040428,
   0.015606517903506756,
   0.03308665007352829,
   0.012337583117187023,
   0.03546898812055588,
   0.02217291109263897,
   0.023471031337976456,
   0.021512867882847786,
   0.019490843638777733,
   0.01690485142171383,
   0.020539695397019386,
   0.014826379716396332,
   0.0011624586768448353,
   0.02024438977241516,
   0.0092904819175601,
   0.020903050899505615,
   0.0028313647489994764,
   0.03871676325798035,
   0.04180223122239113,
   0.02688639611005783,
   0.023654649034142494,
   0.029141344130039215,
   0.017732685431838036,
   0.03302909433841705,
   0.0273125097155571,
   0.028634430840611458,
   0.035579025745391846,
   0.01847095973789692,
   0.013408503495156765,
   0.022887494415044785,
   0.020215004682540894,
   0.01768661104142666,
   0.002446916652843356,
   0.013105454854667187,
   0.024060294032096863,
   0.02903802879154682,
   0.026303168386220932,
   0.02430698089301586,
   0.020831624045968056,
   0.019520284608006477,
   0.024246709421277046,
   0.026116665452718735,
   0.028996938839554787,
   0.031012624502182007,
   0.015624644234776497,
   0.015506361611187458,
   0.009231389500200748,
   0.0023981695994734764,
   0.011421313509345055,
   0.012220237404108047,
   0.021891694515943527,
   0.014923935756087303,
   0.02714710310101509,
   0.002749548526480794,
   0.007746031042188406,
   0.016022687777876854,
   0.009931603446602821,
   0.019559793174266815,
   0.006892219185829163
  ],
  "freq_mean": [
   0.1251603066921234,
   0.06005450338125229,
   0.14727982878684998,
   0.06906361132860184,
   0.1286812424659729,
   0.0654749721288681,
   0.14013735949993134,
   0.07178264856338501,
   0.14723944664001465,
   0.07825902849435806,
   0.12367113679647446,
   0.07586021721363068,
   0.10155781358480453,
   0.08580313622951508,
   0.1969689577817917,
   0.07636335492134094,
   0.24170704185962677,
   0.14342765510082245,
   0.2601902484893799,
   0.1534966230392456,
   0.2062513828277588,
   0.14134088158607483,
   0.29566511511802673,
   0.15987037122249603,
   0.1965729296207428,
   0.13690654933452606,
   0.24893851578235626,
   0.18016913533210754,
   0.2716647982597351,
   0.17101550102233887,
   0.18891367316246033,
   0.18531490862369537,
   0.1389133632183075,
   0.1462540328502655,
   0.22814758121967316,
   0.21330364048480988,
   0.14421847462654114,
   0.21987080574035645,
   0.3013066351413727,
   0.25416654348373413,
   0.2465764582157135,
   0.2499060332775116,
   0.23141932487487793,
   0.2386334389448166,
   0.21160106360912323,
   0.21867987513542175,
   0.2386375367641449,
   0.2211601287126541,
   0.23363330960273743,
   0.2234298288822174,
   0.23391127586364746,
   0.1653054803609848,
   0.241679385304451,
   0.24055755138397217,
   0.26114994287490845,
   0.17994078993797302,
   0.38346588611602783,
   0.2479163110256195,
   0.3051406741142273,
   0.1521073281764984,
   0.4952394962310791
  ],
  "freq_deviation_abs_mean": [
   0.3404656946659088,
   0.2170819342136383,
   0.24420174956321716,
   0.2365323007106781,
   0.23633649945259094,
   0.23011450469493866,
   0.24247869849205017,
   0.24662244319915771,
   0.2593129277229309,
   0.27165210247039795,
   0.23720622062683105,
   0.2580203115940094,
   0.2349563091993332,
   0.2919188141822815,
   0.33161458373069763,
   0.3710355758666992,
   0.35124877095222473,
   0.41284456849098206,
   0.3725582957267761,
   0.41968870162963867,
   0.37290850281715393,
   0.408883273601532,
   0.3708813190460205,
   0.3879283368587494,
   0.35034218430519104,
   0.38537317514419556,
   0.36830204725265503,
   0.3811359405517578,
   0.3403938412666321,
   0.3551941514015198,
   0.3402768075466156,
   0.3210049867630005,
   0.31966036558151245,
   0.34809640049934387,
   0.36513033509254456,
   0.3868256211280823,
   0.3711473345756531,
   0.4052140712738037,
   0.45423585176467896,
   0.4134935438632965,
   0.3790147304534912,
   0.38012903928756714,
   0.3724058270454407,
   0.38217461109161377,
   0.3629681169986725,
   0.37666910886764526,
   0.37543895840644836,
   0.40957164764404297,
   0.40178051590919495,
   0.3776697516441345,
   0.39409366250038147,
   0.41523829102516174,
   0.39931631088256836,
   0.39916419982910156,
   0.4025985300540924,
   0.4695653021335602,
   0.41707491874694824,
   0.45351895689964294,
   0.40052667260169983,
   0.46584683656692505,
   0.42535585165023804
  ],