{
 "position": 15,
 "sequence_aa": "E",
 "substrate_file": "/Users/djbray/Desktop/esm2/esm2_substrate_facebook_esm2_t33_650M_UR50D/substrate.npz",
 "n_sublayers": 62,
 "n_units": 1280,
 "depth_profiles": {
  "amp_mean": [
   9.48078727722168,
   5.184599876403809,
   5.3300909996032715,
   4.147326469421387,
   4.2243828773498535,
   3.5944221019744873,
   3.6842033863067627,
   3.2828285694122314,
   3.387995481491089,
   3.1225087642669678,
   3.1985843181610107,
   2.9845128059387207,
   3.059354305267334,
   2.9278836250305176,
   3.1395676136016846,
   2.9968695640563965,
   3.1680963039398193,
   3.165642499923706,
   3.3712990283966064,
   3.3053810596466064,
   3.412700653076172,
   3.394594669342041,
   3.737901210784912,
   3.7496178150177,
   3.6895089149475098,
   3.712052822113037,
   3.8797621726989746,
   4.009477615356445,
   4.025003910064697,
   4.135424613952637,
   3.9114937782287598,
   4.020407199859619,
   3.8676209449768066,
   3.898211717605591,
   3.994701862335205,
   4.216935634613037,
   4.180001258850098,
   4.231166839599609,
   4.608287334442139,
   4.8603949546813965,
   4.779504299163818,
   4.9174089431762695,
   4.869817733764648,
   4.8687052726745605,
   4.862152099609375,
   4.84336519241333,
   4.981163501739502,
   5.035141468048096,
   5.133277416229248,
   5.3036675453186035,
   5.4146833419799805,
   5.3867011070251465,
   5.522225379943848,
   5.720367431640625,
   5.890281677246094,
   5.953029632568359,
   6.473411560058594,
   7.037925720214844,
   7.1099090576171875,
   7.555628299713135,
   7.900399684906006,
   11.052980422973633
  ],
  "amp_modulation_mean": [
   1.0897923707962036,
   1.08551025390625,
   1.0946638584136963,
   1.0763851404190063,
   1.0881292819976807,
   1.0702736377716064,
   1.083126187324524,
   1.070290446281433,
   1.096104621887207,
   1.0838744640350342,
   1.0872957706451416,
   1.065614104270935,
   1.0700640678405762,
   1.0573982000350952,
   1.0955806970596313,
   1.0786232948303223,
   1.0954194068908691,
   1.1179708242416382,
   1.114637017250061,
   1.1099799871444702,
   1.1065059900283813,
   1.0926724672317505,
   1.1332390308380127,
   1.124418020248413,
   1.080289602279663,
   1.054929494857788,
   1.0881421566009521,
   1.0773364305496216,
   1.086059331893921,
   1.0909874439239502,
   1.0080102682113647,
   0.9970817565917969,
   0.9660051465034485,
   0.9410845041275024,
   0.9661350250244141,
   1.005123496055603,
   0.9768730998039246,
   0.9596298336982727,
   1.0330616235733032,
   1.0812664031982422,
   1.0582748651504517,
   1.0738155841827393,
   1.0461413860321045,
   1.0271809101104736,
   1.0138603448867798,
   1.007535696029663,
   1.0220060348510742,
   1.0322290658950806,
   1.0350091457366943,
   1.0684161186218262,
   1.0553284883499146,
   1.046957015991211,
   1.0449780225753784,
   1.074676275253296,
   1.070522665977478,
   1.0569120645523071,
   1.108916997909546,
   1.1493570804595947,
   1.1025300025939941,
   1.0916320085525513,
   1.0643237829208374,
   1.067030668258667
  ],
  "phase_consistency_across_units": [
   0.0053570931777358055,
   0.008611414581537247,
   0.011080016382038593,
   0.018025310710072517,
   0.015606299974024296,
   0.033086590468883514,
   0.012337696738541126,
   0.03546898812055588,
   0.02217269130051136,
   0.02347085066139698,
   0.02151280641555786,
   0.01949077844619751,
   0.016904540359973907,
   0.02053970657289028,
   0.014826341532170773,
   0.0011624174658209085,
   0.02024425007402897,
   0.009290446527302265,
   0.020902959629893303,
   0.0028313405346125364,
   0.03871668502688408,
   0.041802093386650085,
   0.026886438950896263,
   0.023654626682400703,
   0.029141409322619438,
   0.01773270033299923,
   0.033029116690158844,
   0.027312403544783592,
   0.028634462505578995,
   0.035578951239585876,
   0.018471134826540947,
   0.013408520258963108,
   0.022887563332915306,
   0.02021496184170246,
   0.017686577513813972,
   0.0024469615891575813,
   0.013105516321957111,
   0.024060267955064774,
   0.029038067907094955,
   0.02630307525396347,
   0.024306977167725563,
   0.020831240341067314,
   0.019520288333296776,
   0.024246620014309883,
   0.026116658002138138,
   0.028996974229812622,
   0.03101261518895626,
   0.015624862164258957,
   0.01550642866641283,
   0.009231525473296642,
   0.002398183336481452,
   0.01142136100679636,
   0.01222009863704443,
   0.02189156785607338,
   0.014923907816410065,
   0.02714727632701397,
   0.002749440260231495,
   0.007746212184429169,
   0.0160228181630373,
   0.009931798093020916,
   0.019559653475880623,
   0.006892361678183079
  ],
  "freq_mean": [
   0.12516042590141296,
   0.06005451828241348,
   0.14727969467639923,
   0.06906330585479736,
   0.12868177890777588,
   0.06547508388757706,
   0.1401372253894806,
   0.07178245484828949,
   0.1472397744655609,
   0.07825912535190582,
   0.12367109209299088,
   0.075859934091568,
   0.10155793279409409,
   0.08580322563648224,
   0.19696876406669617,
   0.07636381685733795,
   0.2417067587375641,
   0.1434275209903717,
   0.26019036769866943,
   0.15349695086479187,
   0.20625099539756775,
   0.14134101569652557,
   0.2956649661064148,
   0.15987050533294678,
   0.19657278060913086,
   0.136906698346138,
   0.24893859028816223,
   0.1801689714193344,
   0.2716647684574127,
   0.171015664935112,
   0.18891367316246033,
   0.18531477451324463,
   0.13891327381134033,
   0.1462540477514267,
   0.2281477153301239,
   0.213303804397583,
   0.14421825110912323,
   0.2198708951473236,
   0.3013065457344055,
   0.2541664242744446,
   0.24657626450061798,
   0.2499062567949295,
   0.23141959309577942,
   0.23863330483436584,
   0.21160121262073517,
   0.21867957711219788,
   0.23863811790943146,
   0.22115972638130188,
   0.23363301157951355,
   0.22342972457408905,
   0.23391151428222656,
   0.16530577838420868,
   0.24167898297309875,
   0.24055776000022888,
   0.26114997267723083,
   0.1799406260251999,
   0.3834662437438965,
   0.24791641533374786,
   0.30514025688171387,
   0.1521076261997223,
   0.4952390789985657
  ],
  "freq_deviation_abs_mean": [
   0.3404652178287506,
   0.21708185970783234,
   0.24420170485973358,
   0.23653177917003632,
   0.23633703589439392,
   0.23011431097984314,
   0.24247846007347107,
   0.2466222494840622,
   0.25931301712989807,
   0.2716522514820099,
   0.23720648884773254,
   0.25802019238471985,
   0.23495645821094513,
   0.2919186055660248,
   0.3316144049167633,
   0.37103575468063354,
   0.3512490391731262,
   0.4128447473049164,
   0.3725584149360657,
   0.4196888506412506,
   0.37290850281715393,
   0.40888363122940063,
   0.3708816170692444,
   0.38792839646339417,
   0.3503420948982239,
   0.38537296652793884,
   0.3683018088340759,
   0.3811357021331787,
   0.34039369225502014,
   0.3551941514015198,
   0.34027642011642456,
   0.3210047781467438,
   0.3196604251861572,
   0.34809640049934387,
   0.3651302456855774,
   0.3868256211280823,
   0.37114742398262024,
   0.4052138328552246,
   0.45423537492752075,
   0.413493812084198,
   0.37901464104652405,
   0.38012856245040894,
   0.37240543961524963,
   0.3821747303009033,
   0.36296823620796204,
   0.3766690790653229,
   0.37543851137161255,
   0.40957218408584595,
   0.4017804265022278,
   0.3776697516441345,
   0.3940938115119934,
   0.41523808240890503,
   0.39931589365005493,
   0.3991643488407135,
   0.4025983214378357,
   0.469564825296402,
   0.41707485914230347,
   0.4535187780857086,
   0.4005265235900879,
   0.46584683656692505,
   0.4253557324409485
  ]
 },
 "top_units_by_amp_modulation_max": [
  {
   "unit": 424,
   "max_amp_mod": 4.848971366882324,
   "argmax_sublayer": 0
  },
  {
   "unit": 1218,
   "max_amp_mod": 4.625211238861084,
   "argmax_sublayer": 38
  },
  {
   "unit": 193,
   "max_amp_mod": 4.3276190757751465,
   "argmax_sublayer": 0
  },
  {
   "unit": 432,
   "max_amp_mod": 4.058391571044922,
   "argmax_sublayer": 1
  },
  {
   "unit": 45,
   "max_amp_mod": 4.0531768798828125,