{
 "position": 14,
 "sequence_aa": "L",
 "substrate_file": "/Users/djbray/Desktop/esm2/esm2_substrate_facebook_esm2_t33_650M_UR50D/substrate.npz",
 "n_sublayers": 62,
 "n_units": 1280,
 "depth_profiles": {
  "amp_mean": [
   10.302404403686523,
   5.633063316345215,
   5.7751898765563965,
   4.502129077911377,
   4.5693359375,
   3.9132156372070312,
   3.988145351409912,
   3.5578854084014893,
   3.6549038887023926,
   3.3534674644470215,
   3.435512065887451,
   3.2425713539123535,
   3.3223366737365723,
   3.17496919631958,
   3.370781660079956,
   3.2499918937683105,
   3.3606464862823486,
   3.3038830757141113,
   3.5598506927490234,
   3.5064175128936768,
   3.6320929527282715,
   3.596144914627075,
   4.003006935119629,
   4.0613603591918945,
   3.9689674377441406,
   3.961982250213623,
   4.245218276977539,
   4.408705234527588,
   4.3443403244018555,
   4.44387149810791,
   4.208713531494141,
   4.286864280700684,
   4.165731906890869,
   4.154614448547363,
   4.264306545257568,
   4.390658378601074,
   4.426982879638672,
   4.563511371612549,
   4.768458366394043,
   5.025576114654541,
   5.059671401977539,
   5.261271953582764,
   5.258894443511963,
   5.140499114990234,
   5.105381965637207,
   5.293608665466309,
   5.394573211669922,
   5.301381587982178,
   5.524731636047363,
   5.773387908935547,
   5.884697437286377,
   5.673367500305176,
   5.849286079406738,
   6.243400573730469,
   6.263958930969238,
   6.156052589416504,
   6.824948310852051,
   7.513440132141113,
   7.493455410003662,
   7.985459804534912,
   8.272722244262695,
   11.847001075744629
  ],
  "amp_modulation_mean": [
   1.1850488185882568,
   1.17731511592865,
   1.1857638359069824,
   1.1682261228561401,
   1.1762182712554932,
   1.1629540920257568,
   1.1710180044174194,
   1.157853364944458,
   1.1810261011123657,
   1.1614007949829102,
   1.166969895362854,
   1.1581425666809082,
   1.1637718677520752,
   1.1490329504013062,
   1.1794712543487549,
   1.1730501651763916,
   1.1627180576324463,
   1.1677343845367432,
   1.1774601936340332,
   1.1804462671279907,
   1.178168535232544,
   1.1620543003082275,
   1.2166922092437744,
   1.220306158065796,
   1.164440631866455,
   1.1272894144058228,
   1.1916885375976562,
   1.1866503953933716,
   1.174325704574585,
   1.174304723739624,
   1.0860813856124878,
   1.065578818321228,
   1.0439796447753906,
   1.0049387216567993,
   1.0325119495391846,
   1.046778917312622,
   1.0359151363372803,
   1.035687804222107,
   1.0698257684707642,
   1.1180988550186157,
   1.1197707653045654,
   1.1482890844345093,
   1.130816102027893,
   1.0844099521636963,
   1.0640008449554443,
   1.1010156869888306,
   1.1061252355575562,
   1.0853135585784912,
   1.112109899520874,
   1.1612752676010132,
   1.1455872058868408,
   1.100653886795044,
   1.1053909063339233,
   1.1729848384857178,
   1.136272668838501,
   1.0912952423095703,
   1.1651649475097656,
   1.221131682395935,
   1.1603513956069946,
   1.1519486904144287,
   1.115983247756958,
   1.146388053894043
  ],
  "phase_consistency_across_units": [
   0.01846127025783062,
   0.019509723410010338,
   0.01669427938759327,
   0.024473629891872406,
   0.01788400113582611,
   0.03700016438961029,
   0.027349945157766342,
   0.031928062438964844,
   0.03402268514037132,
   0.04569534957408905,
   0.03541634976863861,
   0.026486080139875412,
   0.03418637067079544,
   0.042590536177158356,
   0.04061909019947052,
   0.024910850450396538,
   0.040545351803302765,
   0.02740517072379589,
   0.03616383299231529,
   0.028330141678452492,
   0.03835959732532501,
   0.05400839447975159,
   0.03182731568813324,
   0.029371753334999084,
   0.03413847088813782,
   0.03774929419159889,
   0.033400122076272964,
   0.019814996048808098,
   0.04168073087930679,
   0.026225175708532333,
   0.020083844661712646,
   0.025716038420796394,
   0.02934279292821884,
   0.02026599831879139,
   0.011675931513309479,
   0.0162876658141613,
   0.022185886278748512,
   0.02378053590655327,
   0.015281839296221733,
   0.014568728394806385,
   0.01757747493684292,
   0.019393151625990868,
   0.017209822311997414,
   0.012825113721191883,
   0.02312631718814373,
   0.02360614202916622,
   0.01872834749519825,
   0.027586063370108604,
   0.02560276724398136,
   0.03166284039616585,
   0.032569386065006256,
   0.01733795553445816,
   0.030983226373791695,
   0.028848009184002876,
   0.022486550733447075,
   0.019249415025115013,
   0.02553079091012478,
   0.016013694927096367,
   0.006185849662870169,
   0.02530921809375286,
   0.001905130920931697,
   0.011199956759810448
  ],
  "freq_mean": [
   0.1503893882036209,
   0.01310199499130249,
   0.15992558002471924,
   0.04695110768079758,
   0.1351000964641571,
   0.052695371210575104,
   0.15342889726161957,
   0.06133824586868286,
   0.154384046792984,
   0.06941451132297516,
   0.1311017870903015,
   0.09628854691982269,
   0.1108003631234169,
   0.08682075887918472,
   0.19501224160194397,
   0.06807048618793488,
   0.1513489931821823,
   0.09250698983669281,
   0.22309906780719757,
   0.10093581676483154,
   0.1963074952363968,
   0.12274856865406036,
   0.30218634009361267,
   0.15347537398338318,
   0.19322580099105835,
   0.14561226963996887,
   0.2759779989719391,
   0.17896614968776703,
   0.2531767785549164,
   0.19556286931037903,
   0.17587682604789734,
   0.19904442131519318,
   0.17103150486946106,
   0.16707834601402283,
   0.2045576125383377,
   0.17921973764896393,
   0.20564785599708557,
   0.20752401649951935,
   0.26868167519569397,
   0.23095956444740295,
   0.24586749076843262,
   0.26527139544487,
   0.2199724167585373,
   0.17518453299999237,
   0.19078510999679565,
   0.22937233746051788,
   0.2102500945329666,
   0.17698636651039124,
   0.21417340636253357,
   0.2619902491569519,
   0.21947439014911652,
   0.1851601004600525,
   0.2488311231136322,
   0.27611079812049866,
   0.19722241163253784,
   0.1303807497024536,
   0.3491251468658447,
   0.25255975127220154,
   0.3126908838748932,
   0.1471177339553833,
   0.4472080171108246
  ],
  "freq_deviation_abs_mean": [
   0.33089953660964966,
   0.21128077805042267,
   0.2480623722076416,
   0.23905257880687714,
   0.22304661571979523,
   0.23431852459907532,
   0.21206817030906677,
   0.24724337458610535,
   0.26470747590065,
   0.30169588327407837,
   0.24947421252727509,
   0.2759315073490143,
   0.26028022170066833,
   0.31118839979171753,
   0.3020385801792145,
   0.325780987739563,
   0.2813493311405182,
   0.3249809145927429,
   0.32741281390190125,
   0.3885901868343353,
   0.324552059173584,
   0.3868260979652405,
   0.36312729120254517,
   0.39053553342819214,
   0.33331578969955444,
   0.3636755347251892,
   0.3618292510509491,
   0.3690599799156189,
   0.3451707363128662,
   0.3628407120704651,
   0.35896405577659607,
   0.33842557668685913,
   0.31863588094711304,
   0.35076528787612915,
   0.3717060089111328,
   0.37085333466529846,
   0.35870131850242615,
   0.41245999932289124,
   0.42130184173583984,
   0.3927759528160095,
   0.37802833318710327,
   0.36790138483047485,
   0.35481229424476624,
   0.3580065369606018,
   0.36641642451286316,
   0.35983437299728394,
   0.3425295948982239,
   0.37788453698158264,
   0.3754456639289856,
   0.37685027718544006,
   0.38235992193222046,
   0.4122549593448639,
   0.4106082320213318,
   0.38755711913108826,
   0.3583420217037201,
   0.45689183473587036,
   0.43557223677635193,
   0.45255714654922485,
   0.3828614056110382,
   0.44128912687301636,
   0.4434106945991516
  ]
 },
 "top_units_by_amp_modulation_max": [
  {
   "unit": 1253,
   "max_amp_mod": 4.681370735168457,
   "argmax_sublayer": 17
  },
  {
   "unit": 805,
   "max_amp_mod": 4.633721828460693,
   "argmax_sublayer": 15
  },
  {
   "unit": 1218,
   "max_amp_mod": 4.470579624176025,
   "argmax_sublayer": 42
  },
  {
   "unit": 699,
   "max_amp_mod": 4.446693420410156,
   "argmax_sublayer": 1
  },
  {
   "unit": 923,
   "max_amp_mod": 4.388630390167236,