{
 "position": 28,
 "sequence_aa": "K",
 "substrate_file": "/Users/djbray/Desktop/esm2/esm2_substrate_facebook_esm2_t33_650M_UR50D/substrate.npz",
 "n_sublayers": 62,
 "n_units": 1280,
 "depth_profiles": {
  "amp_mean": [
   9.725422859191895,
   5.366635799407959,
   5.487566947937012,
   4.310271739959717,
   4.398617267608643,
   3.796682357788086,
   3.8551173210144043,
   3.4876480102539062,
   3.5241477489471436,
   3.286345958709717,
   3.3794174194335938,
   3.2104172706604004,
   3.3261215686798096,
   3.2095584869384766,
   3.490877151489258,
   3.3755741119384766,
   3.778080701828003,
   3.986788272857666,
   3.8986122608184814,
   3.712092638015747,
   3.7714550495147705,
   3.661558151245117,
   3.6610076427459717,
   3.6463844776153564,
   3.668566942214966,
   3.6556923389434814,
   3.660170316696167,
   3.7706196308135986,
   3.6917216777801514,
   3.734048366546631,
   4.039267539978027,
   4.221949577331543,
   4.070986270904541,
   4.151045322418213,
   4.106385231018066,
   4.2863664627075195,
   4.3521575927734375,
   4.478828430175781,
   4.736840724945068,
   4.8406081199646,
   4.652713775634766,
   4.687587738037109,
   4.677346706390381,
   4.7310028076171875,
   4.6790032386779785,
   4.708559989929199,
   4.794704437255859,
   4.917174339294434,
   4.995116233825684,
   4.849149227142334,
   5.0987548828125,
   5.347700595855713,
   5.413173675537109,
   5.564020156860352,
   5.697577476501465,
   5.817721366882324,
   6.352346420288086,
   7.056596279144287,
   7.203884124755859,
   7.694395542144775,
   8.253188133239746,
   11.34119701385498
  ],
  "amp_modulation_mean": [
   1.1163384914398193,
   1.1191141605377197,
   1.1237199306488037,
   1.1151319742202759,
   1.1294004917144775,
   1.12730872631073,
   1.130324363708496,
   1.1331970691680908,
   1.1362073421478271,
   1.1352717876434326,
   1.1451462507247925,
   1.14326012134552,
   1.163063645362854,
   1.1590675115585327,
   1.2171369791030884,
   1.2152001857757568,
   1.3116543292999268,
   1.415513038635254,
   1.293154001235962,
   1.2481744289398193,
   1.2249774932861328,
   1.1827398538589478,
   1.110569715499878,
   1.0908656120300293,
   1.0741406679153442,
   1.035430669784546,
   1.0231432914733887,
   1.0103555917739868,
   0.9924869537353516,
   0.9810678362846375,
   1.0371547937393188,
   1.0445365905761719,
   1.0138318538665771,
   0.9977149963378906,
   0.988233745098114,
   1.0184812545776367,
   1.014452576637268,
   1.0130373239517212,
   1.0598888397216797,
   1.07183039188385,
   1.0247671604156494,
   1.0200526714324951,
   1.0009539127349854,
   0.9948732256889343,
   0.9730016589164734,
   0.9768869280815125,
   0.9808835983276367,
   1.0055162906646729,
   1.0048550367355347,
   0.9730743169784546,
   0.992498517036438,
   1.0388768911361694,
   1.0248162746429443,
   1.0473984479904175,
   1.0350273847579956,
   1.0339534282684326,
   1.0882253646850586,
   1.1522176265716553,
   1.119539737701416,
   1.1138452291488647,
   1.1170917749404907,
   1.0968034267425537
  ],
  "phase_consistency_across_units": [
   0.006928470451384783,
   0.0054669748060405254,
   0.011736097745597363,
   0.01549522764980793,
   0.011470917612314224,
   0.02534460835158825,
   0.014026829972863197,
   0.032545629888772964,
   0.030120689421892166,
   0.01957578957080841,
   0.0346350260078907,
   0.03650515154004097,
   0.04853208735585213,
   0.04805856943130493,
   0.052984751760959625,
   0.030220039188861847,
   0.041889529675245285,
   0.040900588035583496,
   0.024875793606042862,
   0.0302937850356102,
   0.020438600331544876,
   0.025889061391353607,
   0.026275895535945892,
   0.030567046254873276,
   0.027049168944358826,
   0.03895736485719681,
   0.020765356719493866,
   0.021373916417360306,
   0.017221106216311455,
   0.029010269790887833,
   0.014130113646388054,
   0.013975356705486774,
   0.006075842306017876,
   0.01888906955718994,
   0.007071159780025482,
   0.012208723463118076,
   0.011874125339090824,
   0.013297280296683311,
   0.009962150827050209,
   0.01959521882236004,
   0.018874874338507652,
   0.020092269405722618,
   0.0245522391051054,
   0.019867829978466034,
   0.015717804431915283,
   0.011124755255877972,
   0.013835628516972065,
   0.014685065485537052,
   0.016295911744236946,
   0.014871474355459213,
   0.010245614685118198,
   0.005525361280888319,
   0.021310867741703987,
   0.018736887723207474,
   0.011178224347531796,
   0.008087286725640297,
   0.010521751828491688,
   0.02195032685995102,
   0.0069861686788499355,
   0.006024052854627371,
   0.0192058477550745,
   0.013196559622883797
  ],
  "freq_mean": [
   0.18177850544452667,
   0.031147778034210205,
   0.1592312753200531,
   0.056566786020994186,
   0.14427320659160614,
   0.07192817330360413,
   0.143628790974617,
   0.07892967760562897,
   0.11514247953891754,
   0.07775747776031494,
   0.11566606909036636,
   0.08515200018882751,
   0.11024916172027588,
   0.09248639643192291,
   0.19103774428367615,
   0.10671178996562958,
   0.3403099775314331,
   0.23884019255638123,
   0.2530626356601715,
   0.18125317990779877,
   0.2833558917045593,
   0.11965763568878174,
   0.2234795093536377,
   0.1680549830198288,
   0.21494197845458984,
   0.12653660774230957,
   0.21154017746448517,
   0.16328862309455872,
   0.14363442361354828,
   0.1682310402393341,
   0.266021192073822,
   0.19244679808616638,
   0.2317955195903778,
   0.1697733998298645,
   0.21185903251171112,
   0.2103746384382248,
   0.19127461314201355,
   0.231979638338089,
   0.2957112193107605,
   0.23678986728191376,
   0.19585652649402618,
   0.22084231674671173,
   0.19448532164096832,
   0.19239504635334015,
   0.18355314433574677,
   0.18630936741828918,
   0.20303507149219513,
   0.22466512024402618,
   0.1956118494272232,
   0.15259690582752228,
   0.3024010956287384,
   0.2164175808429718,
   0.2578507363796234,
   0.17470476031303406,
   0.24053725600242615,
   0.19818922877311707,
   0.3479864001274109,
   0.2889830470085144,
   0.35135358572006226,
   0.2012966126203537,
   0.5534977912902832
  ],
  "freq_deviation_abs_mean": [
   0.3368270993232727,
   0.22000646591186523,
   0.24739578366279602,
   0.23268575966358185,
   0.23099581897258759,
   0.2411583960056305,
   0.2500508427619934,
   0.23851355910301208,
   0.21474981307983398,
   0.219340518116951,
   0.21073445677757263,
   0.240702822804451,
   0.2298387736082077,
   0.2970001697540283,
   0.341474711894989,
   0.3733383119106293,
   0.40888136625289917,
   0.5324628949165344,
   0.4304043650627136,
   0.42899149656295776,
   0.4026130139827728,
   0.4446745812892914,
   0.4005417823791504,
   0.4184153974056244,
   0.3530241847038269,
   0.3524612784385681,
   0.3315741717815399,
   0.32914310693740845,
   0.323052316904068,
   0.34604689478874207,
   0.3745609223842621,
   0.38614892959594727,
   0.360657274723053,
   0.37195509672164917,
   0.3644580841064453,
   0.38296470046043396,
   0.36707767844200134,
   0.3867315649986267,
   0.39082783460617065,
   0.37546616792678833,
   0.37053269147872925,
   0.37697696685791016,
   0.3568127155303955,
   0.353986918926239,
   0.3537607491016388,
   0.3454948961734772,
   0.3419232964515686,
   0.3490634560585022,
   0.3378041684627533,
   0.37626564502716064,
   0.3782704472541809,
   0.3870951533317566,
   0.35985904932022095,
   0.3985004425048828,
   0.3993431627750397,
   0.4496522843837738,
   0.4408333897590637,
   0.450357049703598,
   0.40818890929222107,
   0.5078296661376953,
   0.4566936492919922
  ]
 },
 "top_units_by_amp_modulation_max": [
  {
   "unit": 17,
   "max_amp_mod": 4.379451274871826,
   "argmax_sublayer": 22
  },
  {
   "unit": 669,
   "max_amp_mod": 4.308446884155273,
   "argmax_sublayer": 61
  },
  {
   "unit": 699,
   "max_amp_mod": 4.210954666137695,
   "argmax_sublayer": 16
  },
  {
   "unit": 888,
   "max_amp_mod": 4.191224575042725,
   "argmax_sublayer": 21
  },
  {
   "unit": 738,
   "max_amp_mod": 4.1674370765686035,