{
 "position": 29,
 "sequence_aa": "I",
 "substrate_file": "/home/dbrayjr5/esm2-osc/esm2_substrate_facebook_esm2_t33_650M_UR50D/substrate.npz",
 "n_sublayers": 62,
 "n_units": 1280,
 "validity_floor": {
  "quantile": 0.1,
  "absolute_value": 2.7328476905822754,
  "n_valid_cells": 71424,
  "n_total_cells": 79360,
  "fraction_valid": 0.9
 },
 "depth_profiles": {
  "amp_modulation_mean": [
   1.2912496328353882,
   1.320753812789917,
   1.3297131061553955,
   1.3249536752700806,
   1.3389238119125366,
   1.3378080129623413,
   1.3412284851074219,
   1.3446115255355835,
   1.3411195278167725,
   1.341902494430542,
   1.3486661911010742,
   1.3476002216339111,
   1.384702444076538,
   1.3835175037384033,
   1.410151481628418,
   1.4293968677520752,
   1.5158151388168335,
   1.6457115411758423,
   1.4623171091079712,
   1.4504890441894531,
   1.4220023155212402,
   1.3777602910995483,
   1.3532030582427979,
   1.358842134475708,
   1.3011119365692139,
   1.261065125465393,
   1.2643886804580688,
   1.2604457139968872,
   1.237367868423462,
   1.1859458684921265,
   1.2307894229888916,
   1.2351914644241333,
   1.1872491836547852,
   1.155882477760315,
   1.1272518634796143,
   1.1483790874481201,
   1.1576899290084839,
   1.1951338052749634,
   1.2319872379302979,
   1.2223936319351196,
   1.2152459621429443,
   1.1501373052597046,
   1.1538861989974976,
   1.145154356956482,
   1.1300344467163086,
   1.112522840499878,
   1.1343190670013428,
   1.1629316806793213,
   1.1470756530761719,
   1.1275449991226196,
   1.1928622722625732,
   1.257497787475586,
   1.1985180377960205,
   1.213515281677246,
   1.204005479812622,
   1.2230887413024902,
   1.2104912996292114,
   1.226365089416504,
   1.1876262426376343,
   1.2260469198226929,
   1.2082664966583252,
   1.2281304597854614
  ],
  "amp_modulation_mean_valid_only": [
   1.2912496328353882,
   1.320753812789917,
   1.3297131061553955,
   1.3249536752700806,
   1.3389238119125366,
   1.3384299278259277,
   1.3412284851074219,
   1.3366751670837402,
   1.3274577856063843,
   1.2989706993103027,
   1.3296263217926025,
   1.2898443937301636,
   1.304761290550232,
   1.3326106071472168,
   1.3491601943969727,
   1.3795231580734253,
   1.4731563329696655,
   1.569661021232605,
   1.4666897058486938,
   1.4384297132492065,
   1.4131627082824707,
   1.3759483098983765,
   1.3532030582427979,
   1.358842134475708,
   1.3011119365692139,
   1.261065125465393,
   1.2643886804580688,
   1.2604457139968872,
   1.237367868423462,
   1.1859458684921265,
   1.2307894229888916,
   1.2351914644241333,
   1.1872491836547852,
   1.155882477760315,
   1.1272518634796143,
   1.1483790874481201,
   1.1576899290084839,
   1.1951338052749634,
   1.2319872379302979,
   1.2223936319351196,
   1.2152459621429443,
   1.1501373052597046,
   1.1538861989974976,
   1.145154356956482,
   1.1300344467163086,
   1.112522840499878,
   1.1343190670013428,
   1.1629316806793213,
   1.1470756530761719,
   1.1275449991226196,
   1.1928622722625732,
   1.257497787475586,
   1.1985180377960205,
   1.213515281677246,
   1.204005479812622,
   1.2230887413024902,
   1.2104912996292114,
   1.226365089416504,
   1.1876262426376343,
   1.2260469198226929,
   1.2082664966583252,
   1.2281304597854614
  ],
  "phase_consistency_across_units": [
   0.008414861746132374,
   0.01077067106962204,
   0.02047533541917801,
   0.020470745861530304,
   0.0214170441031456,
   0.029835723340511322,
   0.03642807528376579,
   0.03423666954040527,
   0.03404448181390762,
   0.03787274286150932,
   0.036435045301914215,
   0.02879004180431366,
   0.025266611948609352,
   0.019033074378967285,
   0.03121599182486534,
   0.016309160739183426,
   0.02351006306707859,
   0.020440351217985153,
   0.009833320043981075,
   0.033641841262578964,
   0.03231710568070412,
   0.016020582988858223,
   0.01858762465417385,
   0.021278763189911842,
   0.01733909733593464,
   0.020692970603704453,
   0.01748109981417656,
   0.010854536667466164,
   0.014267661608755589,
   0.01208584289997816,
   0.01103774644434452,
   0.005477970466017723,
   0.012621316127479076,
   0.01604115031659603,
   0.011964843608438969,
   0.0031720497645437717,
   0.012500938959419727,
   0.00922122411429882,
   0.014481953345239162,
   0.014728640206158161,
   0.006720154080539942,
   0.0026500849053263664,
   0.002051744842901826,
   0.0023047972936183214,
   0.005948498845100403,
   0.01079582516103983,
   0.004372712690383196,
   0.004692858550697565,
   0.00798394251614809,
   0.005955449305474758,
   0.014627001248300076,
   0.01067537534981966,
   0.008302274160087109,
   0.006670594681054354,
   0.01744837686419487,
   0.0235649012029171,
   0.025740638375282288,
   0.018986109644174576,
   0.01855921559035778,
   0.011839495971798897,
   0.0233299620449543,
   0.014292419888079166
  ],
  "freq_mean": [
   0.16767744719982147,
   0.0463741235435009,
   0.15518400073051453,
   0.04385405778884888,
   0.14410503208637238,
   0.06463340669870377,
   0.14258182048797607,
   0.06253863871097565,
   0.11346137523651123,
   0.07383464276790619,
   0.10426680743694305,
   0.053930044174194336,
   0.16719850897789001,
   0.07756252586841583,
   0.14944979548454285,
   0.06782759726047516,
   0.29551249742507935,
   0.2550502121448517,
   0.16771629452705383,
   0.153960183262825,
   0.21146003901958466,
   0.12255076318979263,
   0.25902611017227173,
   0.15828926861286163,
   0.20915313065052032,
   0.11875064671039581,
   0.22332656383514404,
   0.18561628460884094,
   0.17887645959854126,
   0.12887589633464813,
   0.24333567917346954,
   0.17488355934619904,
   0.1918495148420334,
   0.1647917479276657,
   0.16040393710136414,
   0.1917930394411087,
   0.20449507236480713,
   0.23913463950157166,
   0.24683740735054016,
   0.23040223121643066,
   0.18788114190101624,
   0.16922612488269806,
   0.2133008986711502,
   0.1928802877664566,
   0.18476620316505432,
   0.14720697700977325,
   0.22813129425048828,
   0.1977727711200714,
   0.1700243055820465,
   0.17639565467834473,
   0.3249562680721283,
   0.2369953691959381,
   0.2559284567832947,
   0.22026357054710388,
   0.2924904227256775,
   0.2086542546749115,
   0.3368871808052063,
   0.18064793944358826,
   0.30131465196609497,
   0.1707272231578827,
   0.47368183732032776
  ],
  "freq_deviation_abs_mean": [
   0.33199095726013184,
   0.2203977406024933,
   0.23939187824726105,
   0.22404304146766663,
   0.2079787701368332,
   0.2071857750415802,
   0.21293458342552185,
   0.22070471942424774,
   0.20592789351940155,
   0.21096190810203552,
   0.20179903507232666,
   0.23644804954528809,
   0.22344687581062317,
   0.30112895369529724,
   0.2954360246658325,
   0.33293280005455017,
   0.36224859952926636,
   0.44324493408203125,
   0.4036497175693512,
   0.3795481324195862,
   0.3477114140987396,
   0.37473368644714355,
   0.3479699492454529,
   0.3739039897918701,
   0.3272626996040344,
   0.354841023683548,
   0.3294290006160736,
   0.3396826982498169,
   0.29703301191329956,
   0.354914128780365,
   0.37042370438575745,
   0.360686719417572,
   0.347426176071167,
   0.351121187210083,
   0.3599349856376648,
   0.33706262707710266,
   0.3573893904685974,
   0.39423322677612305,
   0.4019435942173004,
   0.37561890482902527,
   0.36673253774642944,
   0.3443526327610016,
   0.33055296540260315,
   0.33932459354400635,
   0.31976255774497986,
   0.3231040835380554,
   0.31228572130203247,
   0.35201749205589294,
   0.32911092042922974,
   0.38378915190696716,
   0.3915427327156067,
   0.4372348189353943,
   0.40591225028038025,
   0.4351671636104584,
   0.40508833527565,
   0.4574020504951477,
   0.40306082367897034,
   0.4368622899055481,
   0.3792741298675537,
   0.4464365839958191,
   0.44191819429397583
  ],