{
 "position": 28,
 "sequence_aa": "K",
 "substrate_file": "/home/dbrayjr5/esm2-osc/esm2_substrate_facebook_esm2_t33_650M_UR50D/substrate.npz",
 "n_sublayers": 62,
 "n_units": 1280,
 "validity_floor": {
  "quantile": 0.1,
  "absolute_value": 2.7328476905822754,
  "n_valid_cells": 71424,
  "n_total_cells": 79360,
  "fraction_valid": 0.9
 },
 "depth_profiles": {
  "amp_modulation_mean": [
   1.1163383722305298,
   1.1191140413284302,
   1.1237198114395142,
   1.1151319742202759,
   1.1294002532958984,
   1.1273084878921509,
   1.130324125289917,
   1.1331965923309326,
   1.1362069845199585,
   1.1352715492248535,
   1.1451460123062134,
   1.1432597637176514,
   1.1630632877349854,
   1.1590672731399536,
   1.2171367406845093,
   1.2151999473571777,
   1.3116538524627686,
   1.4155123233795166,
   1.2931532859802246,
   1.2481739521026611,
   1.2249770164489746,
   1.1827392578125,
   1.1105693578720093,
   1.0908653736114502,
   1.0741403102874756,
   1.0354303121566772,
   1.0231430530548096,
   1.0103553533554077,
   0.9924866557121277,
   0.9810674786567688,
   1.0371544361114502,
   1.0445361137390137,
   1.0138314962387085,
   0.997714638710022,
   0.9882334470748901,
   1.0184810161590576,
   1.014452338218689,
   1.0130369663238525,
   1.059888482093811,
   1.071830153465271,
   1.0247668027877808,
   1.020052194595337,
   1.0009536743164062,
   0.9948728680610657,
   0.9730013012886047,
   0.9768865704536438,
   0.9808833003044128,
   1.0055160522460938,
   1.0048547983169556,
   0.9730740785598755,
   0.9924980998039246,
   1.0388764142990112,
   1.0248161554336548,
   1.0473982095718384,
   1.0350271463394165,
   1.033953070640564,
   1.0882251262664795,
   1.1522175073623657,
   1.119539737701416,
   1.1138451099395752,
   1.1170916557312012,
   1.0968033075332642
  ],
  "amp_modulation_mean_valid_only": [
   1.1163383722305298,
   1.1191140413284302,
   1.1237198114395142,
   1.1151319742202759,
   1.1294002532958984,
   1.1272448301315308,
   1.130324125289917,
   1.1197211742401123,
   1.1200237274169922,
   1.1193989515304565,
   1.121716022491455,
   1.107933521270752,
   1.1481666564941406,
   1.121636152267456,
   1.1964662075042725,
   1.2006750106811523,
   1.267210602760315,
   1.3593746423721313,
   1.2672022581100464,
   1.2346553802490234,
   1.218092679977417,
   1.1825096607208252,
   1.1105693578720093,
   1.0908653736114502,
   1.0741403102874756,
   1.0354303121566772,
   1.0231430530548096,
   1.0103553533554077,
   0.9924866557121277,
   0.9810674786567688,
   1.0371544361114502,
   1.0445361137390137,
   1.0138314962387085,
   0.997714638710022,
   0.9882334470748901,
   1.0184810161590576,
   1.014452338218689,
   1.0130369663238525,
   1.059888482093811,
   1.071830153465271,
   1.0247668027877808,
   1.020052194595337,
   1.0009536743164062,
   0.9948728680610657,
   0.9730013012886047,
   0.9768865704536438,
   0.9808833003044128,
   1.0055160522460938,
   1.0048547983169556,
   0.9730740785598755,
   0.9924980998039246,
   1.0388764142990112,
   1.0248161554336548,
   1.0473982095718384,
   1.0350271463394165,
   1.033953070640564,
   1.0882251262664795,
   1.1522175073623657,
   1.119539737701416,
   1.1138451099395752,
   1.1170916557312012,
   1.0968033075332642
  ],
  "phase_consistency_across_units": [
   0.006928477436304092,
   0.0054670944809913635,
   0.011736457236111164,
   0.015495248138904572,
   0.011470932513475418,
   0.02534450963139534,
   0.014026773162186146,
   0.03254568949341774,
   0.0301208458840847,
   0.019575877115130424,
   0.034635044634342194,
   0.03650520741939545,
   0.048531997948884964,
   0.04805846884846687,
   0.05298479273915291,
   0.03022020123898983,
   0.04188953712582588,
   0.04090071842074394,
   0.02487587183713913,
   0.03029385209083557,
   0.02043863944709301,
   0.02588898502290249,
   0.026275914162397385,
   0.030567271634936333,
   0.027049163356423378,
   0.038957562297582626,
   0.020765403285622597,
   0.021373974159359932,
   0.017221180722117424,
   0.029010163620114326,
   0.01413020957261324,
   0.013975231908261776,
   0.006075856275856495,
   0.018888961523771286,
   0.007071028929203749,
   0.012208838947117329,
   0.011874337680637836,
   0.01329727377742529,
   0.009962107054889202,
   0.019595259800553322,
   0.018874967470765114,
   0.020092258229851723,
   0.02455226145684719,
   0.019867924973368645,
   0.015717770904302597,
   0.011124774813652039,
   0.013835609890520573,
   0.014685052447021008,
   0.01629580743610859,
   0.014871452935039997,
   0.010245655663311481,
   0.005525217857211828,
   0.021310919895768166,
   0.018736880272626877,
   0.011178279295563698,
   0.008087302558124065,
   0.010521690361201763,
   0.021950479596853256,
   0.006986158899962902,
   0.00602393364533782,
   0.019205797463655472,
   0.013196359388530254
  ],
  "freq_mean": [
   0.18177804350852966,
   0.031147997826337814,
   0.15923115611076355,
   0.05656709522008896,
   0.14427347481250763,
   0.07192768156528473,
   0.14362891018390656,
   0.07892949879169464,
   0.11514260619878769,
   0.07775752991437912,
   0.1156659945845604,
   0.08515223860740662,
   0.11024942249059677,
   0.09248585253953934,
   0.19103817641735077,
   0.10671146959066391,
   0.34030961990356445,
   0.23884090781211853,
   0.25306230783462524,
   0.18125328421592712,
   0.283355712890625,
   0.1196579709649086,
   0.22347936034202576,
   0.16805483400821686,
   0.21494188904762268,
   0.1265367567539215,
   0.2115403115749359,
   0.16328825056552887,
   0.14363427460193634,
   0.16823133826255798,
   0.2660213112831116,
   0.19244685769081116,
   0.2317952662706375,
   0.16977350413799286,
   0.21185889840126038,
   0.21037475764751434,
   0.1912745088338852,
   0.23197968304157257,
   0.2957114577293396,
   0.236789733171463,
   0.19585654139518738,
   0.2208421230316162,
   0.19448545575141907,
   0.1923949420452118,
   0.18355320394039154,
   0.1863095462322235,
   0.2030348777770996,
   0.2246648371219635,
   0.19561222195625305,
   0.15259671211242676,
   0.30240124464035034,
   0.21641747653484344,
   0.25785088539123535,
   0.1747046262025833,
   0.2405375987291336,
   0.1981891691684723,
   0.3479863703250885,
   0.28898316621780396,
   0.3513537049293518,
   0.20129640400409698,
   0.5534977912902832
  ],
  "freq_deviation_abs_mean": [
   0.3368270993232727,
   0.22000651061534882,
   0.2473956048488617,
   0.2326856553554535,
   0.2309953272342682,
   0.24115777015686035,
   0.25005096197128296,
   0.23851338028907776,
   0.21474972367286682,
   0.21934035420417786,
   0.21073439717292786,
   0.2407025843858719,
   0.22983869910240173,
   0.296999990940094,
   0.3414750099182129,
   0.37333816289901733,
   0.4088806211948395,
   0.5324627161026001,
   0.43040400743484497,
   0.42899155616760254,
   0.4026130139827728,
   0.44467416405677795,
   0.40054163336753845,
   0.41841545701026917,
   0.35302382707595825,
   0.3524613082408905,
   0.33157452940940857,
   0.329143226146698,
   0.32305246591567993,
   0.3460470139980316,
   0.3745606541633606,
   0.3861488699913025,
   0.3606569766998291,
   0.37195470929145813,
   0.364457905292511,
   0.3829646706581116,
   0.36707788705825806,
   0.3867315649986267,
   0.39082765579223633,
   0.37546586990356445,
   0.3705325722694397,
   0.3769771158695221,
   0.3568127155303955,
   0.3539871573448181,
   0.3537607192993164,
   0.3454948961734772,
   0.34192314743995667,
   0.34906330704689026,
   0.33780378103256226,
   0.3762654662132263,
   0.3782706558704376,
   0.3870953619480133,
   0.35985901951789856,
   0.39850038290023804,
   0.39934274554252625,
   0.44965219497680664,
   0.4408334195613861,
   0.4503568112850189,
   0.40818890929222107,
   0.5078298449516296,
   0.456693559885025
  ],