{
 "position": 71,
 "sequence_aa": "R",
 "substrate_file": "/Users/djbray/Desktop/esm2/esm2_substrate_facebook_esm2_t33_650M_UR50D/substrate.npz",
 "n_sublayers": 62,
 "n_units": 1280,
 "depth_profiles": {
  "amp_mean": [
   10.315180778503418,
   5.653145790100098,
   5.737704277038574,
   4.489207744598389,
   4.528589248657227,
   3.895371198654175,
   3.972416400909424,
   3.579205274581909,
   3.6000137329101562,
   3.334921360015869,
   3.3820526599884033,
   3.228614091873169,
   3.2994067668914795,
   3.177645206451416,
   3.354395627975464,
   3.1966004371643066,
   3.307528018951416,
   3.231797456741333,
   3.4798874855041504,
   3.4245688915252686,
   3.601268768310547,
   3.554837703704834,
   3.991391658782959,
   4.150676250457764,
   4.096907615661621,
   4.04967737197876,
   4.0512776374816895,
   4.187994956970215,
   4.194928169250488,
   4.270803928375244,
   4.310677528381348,
   4.42766809463501,
   4.307824611663818,
   4.359543800354004,
   4.375980377197266,
   4.451571464538574,
   4.802028656005859,
   4.951672554016113,
   5.002539157867432,
   5.222748756408691,
   5.173610687255859,
   5.28127384185791,
   5.3421406745910645,
   5.5456109046936035,
   5.653863430023193,
   5.750165939331055,
   5.725481986999512,
   5.648146629333496,
   5.658051490783691,
   5.672268867492676,
   5.985857009887695,
   6.196840286254883,
   6.256503105163574,
   6.381461143493652,
   6.64691162109375,
   6.808717250823975,
   7.008912563323975,
   7.364134311676025,
   7.7284674644470215,
   8.317158699035645,
   9.036127090454102,
   12.274539947509766
  ],
  "amp_modulation_mean": [
   1.1983392238616943,
   1.1919841766357422,
   1.1871981620788574,
   1.1724035739898682,
   1.174822211265564,
   1.1668322086334229,
   1.1760947704315186,
   1.1729027032852173,
   1.1710904836654663,
   1.1611201763153076,
   1.153773546218872,
   1.1589971780776978,
   1.1629440784454346,
   1.156306266784668,
   1.1797657012939453,
   1.158933401107788,
   1.1512451171875,
   1.1462692022323608,
   1.15822434425354,
   1.1591312885284424,
   1.1757276058197021,
   1.1523151397705078,
   1.2192184925079346,
   1.2534784078598022,
   1.2059576511383057,
   1.155255675315857,
   1.1415013074874878,
   1.1316407918930054,
   1.1372833251953125,
   1.1314865350723267,
   1.1157842874526978,
   1.1016496419906616,
   1.0798057317733765,
   1.0558135509490967,
   1.0603828430175781,
   1.0624539852142334,
   1.125945806503296,
   1.1260029077529907,
   1.122361421585083,
   1.1656324863433838,
   1.148278832435608,
   1.1558908224105835,
   1.1500661373138428,
   1.1734797954559326,
   1.18295156955719,
   1.1998928785324097,
   1.1784368753433228,
   1.1600940227508545,
   1.142224907875061,
   1.1435730457305908,
   1.171379804611206,
   1.2093873023986816,
   1.1907802820205688,
   1.204833745956421,
   1.2144219875335693,
   1.2165772914886475,
   1.2050583362579346,
   1.206421136856079,
   1.2088205814361572,
   1.2125242948532104,
   1.2280704975128174,
   1.1989011764526367
  ],
  "phase_consistency_across_units": [
   0.012100948952138424,
   0.005794064607471228,
   0.006461444776505232,
   0.01615491695702076,
   0.009563029743731022,
   0.032223980873823166,
   0.018989190459251404,
   0.03690087050199509,
   0.03281887620687485,
   0.03443880006670952,
   0.023601651191711426,
   0.02457837574183941,
   0.03987845778465271,
   0.033961061388254166,
   0.03698914870619774,
   0.02132304757833481,
   0.028671862557530403,
   0.030574318021535873,
   0.030095305293798447,
   0.03468424454331398,
   0.0183587484061718,
   0.035967905074357986,
   0.025890380144119263,
   0.028263209387660027,
   0.028733160346746445,
   0.029576323926448822,
   0.021456602960824966,
   0.02054521068930626,
   0.015434402972459793,
   0.02394591085612774,
   0.027149654924869537,
   0.012946425937116146,
   0.019292395561933517,
   0.02144215628504753,
   0.01953091099858284,
   0.02358347550034523,
   0.019874121993780136,
   0.03002609871327877,
   0.024099506437778473,
   0.032419607043266296,
   0.02013958990573883,
   0.01177221443504095,
   0.01658460684120655,
   0.03088468872010708,
   0.02595614455640316,
   0.008750492706894875,
   0.019068080931901932,
   0.013553537428379059,
   0.011517333798110485,
   0.0132819302380085,
   0.013826576992869377,
   0.010987046174705029,
   0.008668997325003147,
   0.01780039072036743,
   0.01070572342723608,
   0.01826971210539341,
   0.020898185670375824,
   0.018750794231891632,
   0.014079848304390907,
   0.013208643533289433,
   0.023254135623574257,
   0.014819103293120861
  ],
  "freq_mean": [
   0.17057669162750244,
   0.027385288849473,
   0.17214980721473694,
   0.05029251426458359,
   0.14291895925998688,
   0.06674037873744965,
   0.17305031418800354,
   0.06067897006869316,
   0.1471092402935028,
   0.0690486803650856,
   0.1239321231842041,
   0.0941334217786789,
   0.12866905331611633,
   0.09000997245311737,
   0.17801660299301147,
   0.07419861853122711,
   0.1385749727487564,
   0.1022941842675209,
   0.19855378568172455,
   0.13132314383983612,
   0.1819416731595993,
   0.11324268579483032,
   0.3030651807785034,
   0.21357400715351105,
   0.24275055527687073,
   0.14867644011974335,
   0.224124476313591,
   0.20767216384410858,
   0.2270367592573166,
   0.20417511463165283,
   0.22447863221168518,
   0.19210918247699738,
   0.17074134945869446,
   0.16726984083652496,
   0.14783450961112976,
   0.19129438698291779,
   0.25744110345840454,
   0.20560364425182343,
   0.2520420551300049,
   0.23615574836730957,
   0.2164028435945511,
   0.2071903944015503,
   0.2350909411907196,
   0.26742368936538696,
   0.23631450533866882,
   0.2568984925746918,
   0.24488982558250427,
   0.2104381024837494,
   0.18885141611099243,
   0.2053767442703247,
   0.28590571880340576,
   0.24184903502464294,
   0.2442261278629303,
   0.23405393958091736,
   0.2888907790184021,
   0.24120569229125977,
   0.28828731179237366,
   0.2595749795436859,
   0.3330152630805969,
   0.2273978292942047,
   0.5254389047622681
  ],
  "freq_deviation_abs_mean": [
   0.3342490494251251,
   0.2374052256345749,
   0.2453470230102539,
   0.2365621030330658,
   0.2177158147096634,
   0.23175767064094543,
   0.22079789638519287,
   0.23696093261241913,
   0.23742060363292694,
   0.25014060735702515,
   0.2407621145248413,
   0.26015496253967285,
   0.23144593834877014,
   0.27848371863365173,
   0.299284428358078,
   0.3306044042110443,
   0.26564115285873413,
   0.29778796434402466,
   0.3234585225582123,
   0.3594180643558502,
   0.3270498216152191,
   0.37304267287254333,
   0.38026145100593567,
   0.4165286123752594,
   0.36641860008239746,
   0.34775638580322266,
   0.3444214463233948,
   0.36805209517478943,
   0.3691244125366211,
   0.3762047588825226,
   0.36580681800842285,
   0.3478427529335022,
   0.3329649865627289,
   0.3189273476600647,
   0.34128257632255554,
   0.37494736909866333,
   0.37294381856918335,
   0.4048883318901062,
   0.38098016381263733,
   0.3573415279388428,
   0.37624478340148926,
   0.400109201669693,
   0.392215758562088,
   0.377303808927536,
   0.3905769884586334,
   0.3993186354637146,
   0.3772382140159607,
   0.39265817403793335,
   0.39297083020210266,
   0.40229034423828125,
   0.4063834547996521,
   0.41200804710388184,
   0.368413507938385,
   0.38544729351997375,
   0.40392011404037476,
   0.45131024718284607,
   0.4135212004184723,
   0.4263303875923157,
   0.42538490891456604,
   0.5032234191894531,
   0.47253599762916565
  ]
 },
 "top_units_by_amp_modulation_max": [
  {
   "unit": 1146,
   "max_amp_mod": 4.963249683380127,
   "argmax_sublayer": 6
  },
  {
   "unit": 794,
   "max_amp_mod": 4.772849082946777,
   "argmax_sublayer": 59
  },
  {
   "unit": 636,
   "max_amp_mod": 4.516408443450928,
   "argmax_sublayer": 31
  },
  {
   "unit": 1250,
   "max_amp_mod": 4.481480598449707,
   "argmax_sublayer": 61
  },
  {
   "unit": 1059,
   "max_amp_mod": 4.478496551513672,