{
 "position": 41,
 "sequence_aa": "R",
 "substrate_file": "/Users/djbray/Desktop/esm2/esm2_substrate_facebook_esm2_t33_650M_UR50D/substrate.npz",
 "n_sublayers": 62,
 "n_units": 1280,
 "depth_profiles": {
  "amp_mean": [
   10.749483108520508,
   5.947831153869629,
   6.055054187774658,
   4.745863914489746,
   4.8087158203125,
   4.132246971130371,
   4.164488315582275,
   3.768848419189453,
   3.807511806488037,
   3.548861265182495,
   3.6040542125701904,
   3.430284023284912,
   3.507769823074341,
   3.358875274658203,
   3.5648391246795654,
   3.4773285388946533,
   3.57645845413208,
   3.539299726486206,
   3.7669460773468018,
   3.7406387329101562,
   3.957318067550659,
   3.9580326080322266,
   4.423475742340088,
   4.497464179992676,
   4.467315673828125,
   4.815640449523926,
   4.700808048248291,
   4.975653648376465,
   4.948808670043945,
   4.828064441680908,
   4.937620639801025,
   4.786158084869385,
   4.940981864929199,
   4.846197605133057,
   4.7160964012146,
   4.921450614929199,
   4.735729217529297,
   4.693039894104004,
   4.783668041229248,
   4.903532981872559,
   4.977787971496582,
   5.0776567459106445,
   5.074841499328613,
   5.152482032775879,
   5.360446453094482,
   5.347752094268799,
   5.413985252380371,
   5.489772796630859,
   5.7276787757873535,
   5.940664291381836,
   6.157721519470215,
   6.365485191345215,
   6.4258270263671875,
   6.658425807952881,
   6.7864556312561035,
   6.977982521057129,
   7.1454010009765625,
   7.385833740234375,
   7.6821393966674805,
   8.418861389160156,
   9.045832633972168,
   12.551403045654297
  ],
  "amp_modulation_mean": [
   1.2469587326049805,
   1.250873327255249,
   1.2509368658065796,
   1.2368148565292358,
   1.2452094554901123,
   1.237586259841919,
   1.2318170070648193,
   1.2354544401168823,
   1.2380989789962769,
   1.2373629808425903,
   1.2312649488449097,
   1.2328577041625977,
   1.2382274866104126,
   1.2248858213424683,
   1.256696343421936,
   1.261978268623352,
   1.2448365688323975,
   1.2572284936904907,
   1.2539856433868408,
   1.2656261920928955,
   1.292366862297058,
   1.283421277999878,
   1.3525452613830566,
   1.3608086109161377,
   1.3176630735397339,
   1.3790247440338135,
   1.3280625343322754,
   1.3501226902008057,
   1.3458454608917236,
   1.2817198038101196,
   1.2802047729492188,
   1.1933791637420654,
   1.2419847249984741,
   1.1721733808517456,
   1.140629768371582,
   1.1720144748687744,
   1.1048924922943115,
   1.0628650188446045,
   1.0709497928619385,
   1.089922547340393,
   1.1015722751617432,
   1.1086430549621582,
   1.0908589363098145,
   1.0882048606872559,
   1.1188583374023438,
   1.1139588356018066,
   1.1121718883514404,
   1.1274787187576294,
   1.1565711498260498,
   1.1981298923492432,
   1.202493667602539,
   1.242186188697815,
   1.2210934162139893,
   1.256922721862793,
   1.2388664484024048,
   1.2442680597305298,
   1.225476622581482,
   1.2045831680297852,
   1.1968339681625366,
   1.2202926874160767,
   1.2297742366790771,
   1.2268472909927368
  ],
  "phase_consistency_across_units": [
   0.009682653471827507,
   0.008878437802195549,
   0.010664822533726692,
   0.030903134495019913,
   0.029362540692090988,
   0.04216369241476059,
   0.032817307859659195,
   0.03819434717297554,
   0.03788302093744278,
   0.03418758511543274,
   0.033296503126621246,
   0.028192678466439247,
   0.0279554296284914,
   0.03892219811677933,
   0.03969873487949371,
   0.0090840645134449,
   0.034687817096710205,
   0.023859599605202675,
   0.019833354279398918,
   0.013502287678420544,
   0.018726136535406113,
   0.02256486378610134,
   0.007539721671491861,
   0.02003723382949829,
   0.02194930985569954,
   0.023823870345950127,
   0.010929142124950886,
   0.002440487965941429,
   0.004241964314132929,
   0.01237818319350481,
   0.006192226894199848,
   0.011965274810791016,
   0.010233692824840546,
   0.005698149558156729,
   0.007495563011616468,
   0.015207409858703613,
   0.012890176847577095,
   0.013640817254781723,
   0.006340415216982365,
   0.005736676510423422,
   0.007955005392432213,
   0.009275009855628014,
   0.01696968451142311,
   0.01848604530096054,
   0.03226194903254509,
   0.03095065802335739,
   0.021700555458664894,
   0.030010400339961052,
   0.03080865740776062,
   0.02479873038828373,
   0.027414098381996155,
   0.021118024364113808,
   0.01803595758974552,
   0.020727243274450302,
   0.0216948464512825,
   0.019628623500466347,
   0.015213387086987495,
   0.031655874103307724,
   0.034455716609954834,
   0.022063130512833595,
   0.022902389988303185,
   0.0009901076555252075
  ],
  "freq_mean": [
   0.14599955081939697,
   0.037143927067518234,
   0.1617112010717392,
   0.03975709155201912,
   0.16411523520946503,
   0.053172964602708817,
   0.1263708770275116,
   0.07568570226430893,
   0.11135511100292206,
   0.06416170299053192,
   0.11404063552618027,
   0.09353014081716537,
   0.12265036255121231,
   0.06330443918704987,
   0.16511794924736023,
   0.10207003355026245,
   0.13904622197151184,
   0.09680016338825226,
   0.17819905281066895,
   0.11991149187088013,
   0.19492106139659882,
   0.12343800067901611,
   0.2885356545448303,
   0.1342986822128296,
   0.2658652663230896,
   0.19333848357200623,
   0.22302834689617157,
   0.25359243154525757,
   0.20283596217632294,
   0.2076737880706787,
   0.20744070410728455,
   0.1805925816297531,
   0.2464960366487503,
   0.15743215382099152,
   0.2316104918718338,
   0.2174001932144165,
   0.1621410995721817,
   0.18741953372955322,
   0.21772393584251404,
   0.20709939301013947,
   0.22979731857776642,
   0.19422070682048798,
   0.19428972899913788,
   0.2224140465259552,
   0.24365320801734924,
   0.19039657711982727,
   0.2117934674024582,
   0.1768433302640915,
   0.2326805144548416,
   0.23088224232196808,
   0.2657647728919983,
   0.2127176821231842,
   0.2596454620361328,
   0.24537590146064758,
   0.26331907510757446,
   0.23145046830177307,
   0.2741588354110718,
   0.2187355011701584,
   0.3311282992362976,
   0.2582149803638458,
   0.5224838256835938
  ],
  "freq_deviation_abs_mean": [
   0.3460211157798767,
   0.21828937530517578,
   0.249701589345932,
   0.24728286266326904,
   0.2521902620792389,
   0.24284884333610535,
   0.23754796385765076,
   0.22287192940711975,
   0.20732459425926208,
   0.2360197752714157,
   0.2315119504928589,
   0.2557545304298401,
   0.22989685833454132,
   0.2781008780002594,
   0.2988184988498688,
   0.29461073875427246,
   0.26907193660736084,
   0.30778875946998596,
   0.3076246380805969,
   0.3611476421356201,
   0.35406121611595154,
   0.38568633794784546,
   0.36713406443595886,
   0.4054979383945465,
   0.3504919409751892,
   0.39946699142456055,
   0.36975836753845215,
   0.3703388571739197,
   0.3603641390800476,
   0.36412477493286133,
   0.37452593445777893,
   0.3749796152114868,
   0.3504909873008728,
   0.34734687209129333,
   0.35547730326652527,
   0.36801809072494507,
   0.34716397523880005,
   0.3686051368713379,
   0.34856128692626953,
   0.36507588624954224,
   0.36920350790023804,
   0.3757662773132324,
   0.3649578094482422,
   0.37056195735931396,
   0.353247731924057,
   0.360647052526474,
   0.32655709981918335,
   0.3851148188114166,
   0.37418776750564575,
   0.4001966416835785,
   0.4214511513710022,
   0.39672237634658813,
   0.3691476881504059,
   0.409548282623291,
   0.42062991857528687,
   0.44256600737571716,
   0.3940920829772949,
   0.41794005036354065,
   0.44717827439308167,
   0.5202751159667969,
   0.46751898527145386
  ]
 },
 "top_units_by_amp_modulation_max": [
  {
   "unit": 1156,
   "max_amp_mod": 5.8041205406188965,
   "argmax_sublayer": 0
  },
  {
   "unit": 1105,
   "max_amp_mod": 5.233707904815674,
   "argmax_sublayer": 5
  },
  {
   "unit": 119,
   "max_amp_mod": 5.116639137268066,
   "argmax_sublayer": 27
  },
  {
   "unit": 871,
   "max_amp_mod": 5.036709785461426,
   "argmax_sublayer": 7
  },
  {
   "unit": 832,
   "max_amp_mod": 5.035063743591309,