{
 "position": 50,
 "sequence_aa": "E",
 "substrate_file": "/home/dbrayjr5/esm2-osc/esm2_substrate_facebook_esm2_t33_650M_UR50D/substrate.npz",
 "n_sublayers": 62,
 "n_units": 1280,
 "validity_floor": {
  "quantile": 0.1,
  "absolute_value": 2.7328476905822754,
  "n_valid_cells": 71424,
  "n_total_cells": 79360,
  "fraction_valid": 0.9
 },
 "depth_profiles": {
  "amp_modulation_mean": [
   1.2449039220809937,
   1.2401193380355835,
   1.2405118942260742,
   1.2171134948730469,
   1.231370210647583,
   1.2129266262054443,
   1.218457579612732,
   1.2068588733673096,
   1.207058072090149,
   1.2021429538726807,
   1.2060203552246094,
   1.1976492404937744,
   1.2020748853683472,
   1.1908748149871826,
   1.2072051763534546,
   1.208769679069519,
   1.193817138671875,
   1.1827384233474731,
   1.1845128536224365,
   1.1720492839813232,
   1.1879234313964844,
   1.148249864578247,
   1.2057983875274658,
   1.1950013637542725,
   1.1792410612106323,
   1.155613660812378,
   1.1650642156600952,
   1.114703893661499,
   1.1304460763931274,
   1.137158989906311,
   1.097698450088501,
   1.0786288976669312,
   1.115362286567688,
   1.103041410446167,
   1.1278151273727417,
   1.1602212190628052,
   1.2071354389190674,
   1.2063605785369873,
   1.2450752258300781,
   1.273465871810913,
   1.2584025859832764,
   1.323344111442566,
   1.3889214992523193,
   1.45101797580719,
   1.350853443145752,
   1.3407962322235107,
   1.290708303451538,
   1.2192327976226807,
   1.2474150657653809,
   1.2539180517196655,
   1.254497766494751,
   1.282858967781067,
   1.268972396850586,
   1.263331413269043,
   1.2486251592636108,
   1.2728828191757202,
   1.251228928565979,
   1.2561315298080444,
   1.2454417943954468,
   1.25111985206604,
   1.2265326976776123,
   1.2202129364013672
  ],
  "amp_modulation_mean_valid_only": [
   1.2449039220809937,
   1.2401193380355835,
   1.2405118942260742,
   1.2171134948730469,
   1.231370210647583,
   1.2133015394210815,
   1.218457579612732,
   1.1957652568817139,
   1.2076117992401123,
   1.1661956310272217,
   1.169884443283081,
   1.1450307369232178,
   1.1302318572998047,
   1.15555739402771,
   1.1689858436584473,
   1.1959688663482666,
   1.1644673347473145,
   1.161679983139038,
   1.1703799962997437,
   1.153192400932312,
   1.1803735494613647,
   1.14078688621521,
   1.2057983875274658,
   1.1950013637542725,
   1.1792410612106323,
   1.155613660812378,
   1.1650642156600952,
   1.114703893661499,
   1.1304460763931274,
   1.137158989906311,
   1.097698450088501,
   1.0786288976669312,
   1.115362286567688,
   1.103041410446167,
   1.1278151273727417,
   1.1602212190628052,
   1.2071354389190674,
   1.2063605785369873,
   1.2450752258300781,
   1.273465871810913,
   1.2584025859832764,
   1.323344111442566,
   1.3889214992523193,
   1.45101797580719,
   1.350853443145752,
   1.3407962322235107,
   1.290708303451538,
   1.2192327976226807,
   1.2474150657653809,
   1.2539180517196655,
   1.254497766494751,
   1.282858967781067,
   1.268972396850586,
   1.263331413269043,
   1.2486251592636108,
   1.2728828191757202,
   1.251228928565979,
   1.2561315298080444,
   1.2454417943954468,
   1.25111985206604,
   1.2265326976776123,
   1.2202129364013672
  ],
  "phase_consistency_across_units": [
   0.027337685227394104,
   0.010497217066586018,
   0.016579993069171906,
   0.021163130179047585,
   0.022203458473086357,
   0.026390567421913147,
   0.02735457755625248,
   0.02271951735019684,
   0.026909494772553444,
   0.02754499390721321,
   0.021968809887766838,
   0.02118697017431259,
   0.023041442036628723,
   0.017464157193899155,
   0.028147650882601738,
   0.026965072378516197,
   0.021947508677840233,
   0.009122349321842194,
   0.021311204880475998,
   0.012532435357570648,
   0.01433758344501257,
   0.016846802085638046,
   0.02158452570438385,
   0.020798522979021072,
   0.008753558620810509,
   0.017106562852859497,
   0.01867874339222908,
   0.014597754925489426,
   0.006065518595278263,
   0.000470117200165987,
   0.011442087590694427,
   0.006770654581487179,
   0.013488310389220715,
   0.02243007719516754,
   0.01064823567867279,
   0.014170121401548386,
   0.007148795761168003,
   0.01537435594946146,
   0.018533172085881233,
   0.018247829750180244,
   0.015050745569169521,
   0.01165612880140543,
   0.019095012918114662,
   0.006068713031709194,
   0.005602686200290918,
   0.009854505769908428,
   0.008029373362660408,
   0.02256983518600464,
   0.02342490293085575,
   0.021501688286662102,
   0.025322195142507553,
   0.020170778036117554,
   0.0038825327064841986,
   0.015391685999929905,
   0.009498469531536102,
   0.009968907572329044,
   0.015341994352638721,
   0.011705928482115269,
   0.0028302716091275215,
   0.0031524125952273607,
   0.006483950652182102,
   0.023728791624307632
  ],
  "freq_mean": [
   0.16048219799995422,
   0.028832722455263138,
   0.1534053087234497,
   0.039053041487932205,
   0.16906417906284332,
   0.052432604134082794,
   0.15097014605998993,
   0.051062893122434616,
   0.11769373714923859,
   0.07903832942247391,
   0.1271064132452011,
   0.08442661911249161,
   0.12302951514720917,
   0.08819396793842316,
   0.1618557870388031,
   0.09960402548313141,
   0.14761802554130554,
   0.11384522914886475,
   0.17839516699314117,
   0.1328446865081787,
   0.1788463294506073,
   0.12131164222955704,
   0.2529612183570862,
   0.14194919168949127,
   0.2111939936876297,
   0.1625976264476776,
   0.22160334885120392,
   0.14389927685260773,
   0.22238516807556152,
   0.15935884416103363,
   0.17251573503017426,
   0.1584373414516449,
   0.19389045238494873,
   0.14832726120948792,
   0.1724877655506134,
   0.18739764392375946,
   0.2224990874528885,
   0.19734403491020203,
   0.25723958015441895,
   0.1681579351425171,
   0.20581035315990448,
   0.21734800934791565,
   0.30874067544937134,
   0.3043456971645355,
   0.20289349555969238,
   0.2733284831047058,
   0.16144388914108276,
   0.16987013816833496,
   0.24461102485656738,
   0.21088473498821259,
   0.27451542019844055,
   0.23581716418266296,
   0.2511109709739685,
   0.24420900642871857,
   0.31740278005599976,
   0.2466118335723877,
   0.3005295395851135,
   0.23635545372962952,
   0.3349304497241974,
   0.1588529646396637,
   0.50391685962677
  ],
  "freq_deviation_abs_mean": [
   0.3488604426383972,
   0.2166505753993988,
   0.25242137908935547,
   0.2309155911207199,
   0.2332751303911209,
   0.25829774141311646,
   0.247710183262825,
   0.24639363586902618,
   0.23410597443580627,
   0.23023787140846252,
   0.24130454659461975,
   0.24736201763153076,
   0.23705673217773438,
   0.2819773554801941,
   0.2844664752483368,
   0.30585426092147827,
   0.2700108587741852,
   0.31115078926086426,
   0.32975658774375916,
   0.36505284905433655,
   0.32054975628852844,
   0.3625720143318176,
   0.3562716841697693,
   0.38046950101852417,
   0.34724003076553345,
   0.3771875500679016,
   0.33601322770118713,
   0.341913640499115,
   0.34500083327293396,
   0.3493252694606781,
   0.32097241282463074,
   0.3327735364437103,
   0.3361918330192566,
   0.3423139452934265,
   0.3374326825141907,
   0.38249635696411133,
   0.3585868775844574,
   0.36310869455337524,
   0.37113896012306213,
   0.36693161725997925,
   0.371806800365448,
   0.40555888414382935,
   0.3950808644294739,
   0.3514684736728668,
   0.37627658247947693,
   0.3700619339942932,
   0.3732099235057831,
   0.37205517292022705,
   0.3758322298526764,
   0.4086185097694397,
   0.39612048864364624,
   0.4351566731929779,
   0.40909451246261597,
   0.4337480664253235,
   0.4108893871307373,
   0.44719162583351135,
   0.4234231114387512,
   0.46166715025901794,
   0.4213346540927887,
   0.4844264090061188,
   0.4296730160713196
  ],