{
 "position": 50,
 "sequence_aa": "E",
 "substrate_file": "/Users/djbray/Desktop/esm2/esm2_substrate_facebook_esm2_t33_650M_UR50D/substrate.npz",
 "n_sublayers": 62,
 "n_units": 1280,
 "depth_profiles": {
  "amp_mean": [
   10.72767162322998,
   5.88885498046875,
   5.993039608001709,
   4.658517360687256,
   4.7484235763549805,
   4.0486602783203125,
   4.122292995452881,
   3.6865010261535645,
   3.7181544303894043,
   3.454094648361206,
   3.534479856491089,
   3.3366713523864746,
   3.4150588512420654,
   3.272923707962036,
   3.4337267875671387,
   3.338334321975708,
   3.4355149269104004,
   3.3385491371154785,
   3.5695691108703613,
   3.476930618286133,
   3.6484439373016357,
   3.5530219078063965,
   3.9579224586486816,
   3.9700775146484375,
   4.0166192054748535,
   4.059165954589844,
   4.147098064422607,
   4.14089822769165,
   4.190539360046387,
   4.31259298324585,
   4.2579026222229,
   4.349758148193359,
   4.4574079513549805,
   4.562546730041504,
   4.6601667404174805,
   4.86604118347168,
   5.155343055725098,
   5.306719779968262,
   5.543337345123291,
   5.7252020835876465,
   5.685249328613281,
   6.056885242462158,
   6.4567413330078125,
   6.8653154373168945,
   6.470643520355225,
   6.429425239562988,
   6.277857303619385,
   5.939391136169434,
   6.181172847747803,
   6.222960472106934,
   6.418359279632568,
   6.5745391845703125,
   6.6953630447387695,
   6.7120208740234375,
   6.8640642166137695,
   7.146417140960693,
   7.291989326477051,
   7.683615207672119,
   8.007247924804688,
   8.627362251281738,
   9.048884391784668,
   12.531494140625
  ],
  "amp_modulation_mean": [
   1.2449040412902832,
   1.2401193380355835,
   1.2405118942260742,
   1.2171134948730469,
   1.2313703298568726,
   1.2129268646240234,
   1.2184576988220215,
   1.2068589925765991,
   1.207058310508728,
   1.2021431922912598,
   1.2060205936431885,
   1.197649359703064,
   1.2020752429962158,
   1.1908748149871826,
   1.2072052955627441,
   1.2087699174880981,
   1.193817138671875,
   1.1827385425567627,
   1.184512972831726,
   1.1720492839813232,
   1.1879233121871948,
   1.148249864578247,
   1.2057985067367554,
   1.195001482963562,
   1.1792412996292114,
   1.155613899230957,
   1.1650644540786743,
   1.114703893661499,
   1.130446195602417,
   1.1371591091156006,
   1.0976985692977905,
   1.0786290168762207,
   1.115362524986267,
   1.103041648864746,
   1.1278154850006104,
   1.1602213382720947,
   1.207135558128357,
   1.2063605785369873,
   1.2450754642486572,
   1.2734659910202026,
   1.2584025859832764,
   1.323344111442566,
   1.3889214992523193,
   1.4510177373886108,
   1.3508532047271729,
   1.3407962322235107,
   1.2907081842422485,
   1.219232439994812,
   1.2474148273468018,
   1.253917932510376,
   1.2544975280761719,
   1.2828588485717773,
   1.2689721584320068,
   1.2633311748504639,
   1.2486248016357422,
   1.2728824615478516,
   1.2512286901474,
   1.2561315298080444,
   1.2454417943954468,
   1.25111985206604,
   1.2265325784683228,
   1.2202129364013672
  ],
  "phase_consistency_across_units": [
   0.027337800711393356,
   0.010497193783521652,
   0.01657968945801258,
   0.021163033321499825,
   0.022203437983989716,
   0.026390595361590385,
   0.027354637160897255,
   0.022719452157616615,
   0.026909612119197845,
   0.02754499576985836,
   0.021968981251120567,
   0.02118690125644207,
   0.02304130420088768,
   0.017464222386479378,
   0.028148118406534195,
   0.026965158060193062,
   0.02194744534790516,
   0.009122362360358238,
   0.021311301738023758,
   0.012532426044344902,
   0.014337406493723392,
   0.016846884042024612,
   0.021584540605545044,
   0.020798606798052788,
   0.008753654547035694,
   0.017106585204601288,
   0.018678681924939156,
   0.014597788453102112,
   0.006065403111279011,
   0.00047008434194140136,
   0.01144215278327465,
   0.006770697887986898,
   0.013488465920090675,
   0.02243010886013508,
   0.010648100636899471,
   0.014170120470225811,
   0.00714876689016819,
   0.015374304726719856,
   0.018533114343881607,
   0.018247898668050766,
   0.015050768852233887,
   0.011656147427856922,
   0.01909492537379265,
   0.006068679969757795,
   0.005602650810033083,
   0.009854584001004696,
   0.008029456250369549,
   0.02256995439529419,
   0.023424845188856125,
   0.021501688286662102,
   0.025322139263153076,
   0.02017095498740673,
   0.0038825152441859245,
   0.015391675755381584,
   0.009498734958469868,
   0.009968984872102737,
   0.015341977588832378,
   0.011706088669598103,
   0.002830391749739647,
   0.003152748104184866,
   0.0064839511178433895,
   0.023728685453534126
  ],
  "freq_mean": [
   0.16048219799995422,
   0.028833046555519104,
   0.15340478718280792,
   0.039053380489349365,
   0.16906385123729706,
   0.05243248865008354,
   0.15097005665302277,
   0.05106290429830551,
   0.11769404262304306,
   0.0790383368730545,
   0.1271064430475235,
   0.08442694693803787,
   0.12302903831005096,
   0.08819369971752167,
   0.16185586154460907,
   0.0996045172214508,
   0.147617906332016,
   0.11384521424770355,
   0.17839500308036804,
   0.13284499943256378,
   0.17884595692157745,
   0.1213117241859436,
   0.25296100974082947,
   0.14194931089878082,
   0.21119391918182373,
   0.1625976711511612,
   0.22160346806049347,
   0.14389903843402863,
   0.2223852574825287,
   0.15935881435871124,
   0.17251577973365784,
   0.15843740105628967,
   0.19389057159423828,
   0.14832703769207,
   0.1724877804517746,
   0.18739783763885498,
   0.22249892354011536,
   0.19734403491020203,
   0.25723958015441895,
   0.16815800964832306,
   0.20581042766571045,
   0.21734777092933655,
   0.30874067544937134,
   0.30434587597846985,
   0.20289325714111328,
   0.27332860231399536,
   0.16144397854804993,
   0.16987036168575287,
   0.24461081624031067,
   0.21088477969169617,
   0.2745150923728943,
   0.23581714928150177,
   0.2511115074157715,
   0.2442092001438141,
   0.31740236282348633,
   0.24661171436309814,
   0.3005296587944031,
   0.236355260014534,
   0.3349308669567108,
   0.15885254740715027,
   0.503917396068573
  ],
  "freq_deviation_abs_mean": [
   0.34886035323143005,
   0.21665069460868835,
   0.25242123007774353,
   0.23091597855091095,
   0.23327533900737762,
   0.2582978308200836,
   0.24771007895469666,
   0.24639341235160828,
   0.23410610854625702,
   0.23023763298988342,
   0.24130430817604065,
   0.24736233055591583,
   0.23705658316612244,
   0.28197693824768066,
   0.28446659445762634,
   0.30585432052612305,
   0.27001088857650757,
   0.3111506998538971,
   0.32975679636001587,
   0.3650531768798828,
   0.32054954767227173,
   0.3625718951225281,
   0.3562715947628021,
   0.380469411611557,
   0.3472401201725006,
   0.37718743085861206,
   0.33601313829421997,
   0.34191375970840454,
   0.3450008034706116,
   0.3493254780769348,
   0.3209722936153412,
   0.3327736258506775,
   0.33619165420532227,
   0.342313677072525,
   0.33743295073509216,
   0.3824961185455322,
   0.3585868179798126,
   0.3631085455417633,
   0.3711390495300293,
   0.36693158745765686,
   0.3718067705631256,
   0.40555891394615173,
   0.3950808644294739,
   0.35146835446357727,
   0.3762768507003784,
   0.37006157636642456,
   0.37320977449417114,
   0.3720550835132599,
   0.3758319020271301,
   0.40861836075782776,
   0.39612069725990295,
   0.43515676259994507,
   0.40909427404403687,
   0.43374818563461304,
   0.4108889698982239,
   0.4471917152404785,
   0.42342299222946167,
   0.4616672992706299,
   0.4213346540927887,
   0.48442620038986206,
   0.42967304587364197
  ]
 },
 "top_units_by_amp_modulation_max": [
  {
   "unit": 1224,
   "max_amp_mod": 5.656961917877197,
   "argmax_sublayer": 0
  },
  {
   "unit": 763,
   "max_amp_mod": 4.907514572143555,
   "argmax_sublayer": 12
  },
  {
   "unit": 1014,
   "max_amp_mod": 4.775284767150879,
   "argmax_sublayer": 0
  },
  {
   "unit": 68,
   "max_amp_mod": 4.690043926239014,
   "argmax_sublayer": 45
  },
  {
   "unit": 681,