{
 "position": 34,
 "sequence_aa": "G",
 "substrate_file": "/home/dbrayjr5/esm2-osc/esm2_substrate_facebook_esm2_t33_650M_UR50D/substrate.npz",
 "n_sublayers": 62,
 "n_units": 1280,
 "validity_floor": {
  "quantile": 0.1,
  "absolute_value": 2.7328476905822754,
  "n_valid_cells": 71424,
  "n_total_cells": 79360,
  "fraction_valid": 0.9
 },
 "depth_profiles": {
  "amp_modulation_mean": [
   1.0990558862686157,
   1.090080976486206,
   1.0983389616012573,
   1.0829540491104126,
   1.0900304317474365,
   1.0815105438232422,
   1.086089849472046,
   1.079085350036621,
   1.0816285610198975,
   1.0825477838516235,
   1.0769517421722412,
   1.0712207555770874,
   1.0884640216827393,
   1.079604148864746,
   1.1054481267929077,
   1.1095999479293823,
   1.0979633331298828,
   1.1031280755996704,
   1.1084675788879395,
   1.1082361936569214,
   1.149902105331421,
   1.1331576108932495,
   1.0918912887573242,
   1.0965392589569092,
   1.1225085258483887,
   1.1183627843856812,
   1.1452518701553345,
   1.1461461782455444,
   1.0814777612686157,
   1.04678213596344,
   1.010824203491211,
   1.0029633045196533,
   0.9975990056991577,
   0.9879531860351562,
   0.9832181930541992,
   1.0078235864639282,
   1.00981867313385,
   1.0019714832305908,
   1.0431245565414429,
   1.099626064300537,
   1.0951850414276123,
   1.1052696704864502,
   1.1152247190475464,
   1.0903291702270508,
   1.0679736137390137,
   1.0697870254516602,
   1.0751606225967407,
   1.0966660976409912,
   1.0847718715667725,
   1.0641754865646362,
   1.109177589416504,
   1.0821739435195923,
   1.0484774112701416,
   1.0473597049713135,
   1.0353174209594727,
   1.046910047531128,
   1.025768518447876,
   1.0278902053833008,
   1.0188086032867432,
   1.0697662830352783,
   1.0548181533813477,
   1.069211721420288
  ],
  "amp_modulation_mean_valid_only": [
   1.0990558862686157,
   1.090080976486206,
   1.0983389616012573,
   1.0829540491104126,
   1.0900304317474365,
   1.0819172859191895,
   1.086089849472046,
   1.0871427059173584,
   1.0894075632095337,
   1.1306512355804443,
   1.0973281860351562,
   1.0896178483963013,
   1.129286289215088,
   1.116087794303894,
   1.1346535682678223,
   1.1221009492874146,
   1.1194651126861572,
   1.1088553667068481,
   1.1065925359725952,
   1.0869075059890747,
   1.1452587842941284,
   1.1281535625457764,
   1.0918912887573242,
   1.0965392589569092,
   1.1225085258483887,
   1.1183627843856812,
   1.1452518701553345,
   1.1461461782455444,
   1.0814777612686157,
   1.04678213596344,
   1.010824203491211,
   1.0029633045196533,
   0.9975990056991577,
   0.9879531860351562,
   0.9832181930541992,
   1.0078235864639282,
   1.00981867313385,
   1.0019714832305908,
   1.0431245565414429,
   1.099626064300537,
   1.0951850414276123,
   1.1052696704864502,
   1.1152247190475464,
   1.0903291702270508,
   1.0679736137390137,
   1.0697870254516602,
   1.0751606225967407,
   1.0966660976409912,
   1.0847718715667725,
   1.0641754865646362,
   1.109177589416504,
   1.0821739435195923,
   1.0484774112701416,
   1.0473597049713135,
   1.0353174209594727,
   1.046910047531128,
   1.025768518447876,
   1.0278902053833008,
   1.0188086032867432,
   1.0697662830352783,
   1.0548181533813477,
   1.069211721420288
  ],
  "phase_consistency_across_units": [
   0.008373545482754707,
   0.017023976892232895,
   0.023320285603404045,
   0.028046593070030212,
   0.024132875725626945,
   0.03786541521549225,
   0.03943576663732529,
   0.04652336984872818,
   0.053342994302511215,
   0.05530605465173721,
   0.04813075065612793,
   0.036465052515268326,
   0.03184584528207779,
   0.026055054739117622,
   0.03679463639855385,
   0.019403595477342606,
   0.0395190566778183,
   0.019333213567733765,
   0.018664544448256493,
   0.025544041767716408,
   0.037015680223703384,
   0.04490027204155922,
   0.020179400220513344,
   0.023168036714196205,
   0.02511829137802124,
   0.03766016289591789,
   0.024326665326952934,
   0.0354408323764801,
   0.044759251177310944,
   0.03596843406558037,
   0.03210209310054779,
   0.03071330301463604,
   0.030802762135863304,
   0.039809245616197586,
   0.02593826875090599,
   0.02162645198404789,
   0.011976843699812889,
   0.016583094373345375,
   0.022389661520719528,
   0.012297781184315681,
   0.01229439303278923,
   0.0069954791106283665,
   0.012406742200255394,
   0.005067247897386551,
   0.018481507897377014,
   0.014737260527908802,
   0.019967887550592422,
   0.011450172401964664,
   0.02011099085211754,
   0.023195315152406693,
   0.017773587256669998,
   0.025364574044942856,
   0.02102694846689701,
   0.020796634256839752,
   0.014317335560917854,
   0.023876503109931946,
   0.026830283924937248,
   0.023698508739471436,
   0.023078912869095802,
   0.020454034209251404,
   0.01011241041123867,
   0.006032490637153387
  ],
  "freq_mean": [
   0.1812281459569931,
   0.03295110911130905,
   0.17529597878456116,
   0.04239737614989281,
   0.15925034880638123,
   0.05729569122195244,
   0.15221647918224335,
   0.05100320652127266,
   0.14057454466819763,
   0.07829127460718155,
   0.12660610675811768,
   0.07914705574512482,
   0.13794463872909546,
   0.10417748987674713,
   0.19156742095947266,
   0.09058506041765213,
   0.16395625472068787,
   0.14461958408355713,
   0.2112160474061966,
   0.14723585546016693,
   0.27107372879981995,
   0.15881091356277466,
   0.22190861403942108,
   0.15279822051525116,
   0.23533253371715546,
   0.16891928017139435,
   0.2712397277355194,
   0.2171497792005539,
   0.181672602891922,
   0.16081947088241577,
   0.20082196593284607,
   0.20570161938667297,
   0.18829938769340515,
   0.16654983162879944,
   0.18884339928627014,
   0.20397670567035675,
   0.18354317545890808,
   0.1845768690109253,
   0.23940587043762207,
   0.2465066909790039,
   0.21485546231269836,
   0.2362072914838791,
   0.25462016463279724,
   0.2171434462070465,
   0.21772345900535583,
   0.2062458097934723,
   0.21115350723266602,
   0.2555689215660095,
   0.19283965229988098,
   0.2507203221321106,
   0.30974894762039185,
   0.18379592895507812,
   0.22751931846141815,
   0.20289984345436096,
   0.2646421790122986,
   0.18420445919036865,
   0.2798554599285126,
   0.1845695823431015,
   0.3486030399799347,
   0.22518357634544373,
   0.5077524185180664
  ],
  "freq_deviation_abs_mean": [
   0.345967561006546,
   0.22336268424987793,
   0.2356434166431427,
   0.24513423442840576,
   0.24785037338733673,
   0.24154305458068848,
   0.22596201300621033,
   0.23565244674682617,
   0.2240864783525467,
   0.2432982176542282,
   0.24590954184532166,
   0.2751363217830658,
   0.26371192932128906,
   0.31109029054641724,
   0.3248685896396637,
   0.32915133237838745,
   0.29748132824897766,
   0.36135485768318176,
   0.363933801651001,
   0.38879355788230896,
   0.38717713952064514,
   0.4211781620979309,
   0.36376866698265076,
   0.3985438644886017,
   0.3444213271141052,
   0.3764013946056366,
   0.3851085305213928,
   0.38244956731796265,
   0.3554077744483948,
   0.3375431299209595,
   0.3463156819343567,
   0.36333537101745605,
   0.3664504289627075,
   0.3704361319541931,
   0.3567427396774292,
   0.3723157048225403,
   0.34293755888938904,
   0.35897621512413025,
   0.3997848629951477,
   0.3715045154094696,
   0.38508373498916626,
   0.40189629793167114,
   0.39438268542289734,
   0.4081219732761383,
   0.387896865606308,
   0.375580757856369,
   0.3773331046104431,
   0.3618544042110443,
   0.3888929784297943,
   0.4128909707069397,
   0.4154191017150879,
   0.42336711287498474,
   0.37621814012527466,
   0.3878273367881775,
   0.3728705048561096,
   0.39145907759666443,
   0.3855259418487549,
   0.433419406414032,
   0.39728647470474243,
   0.4833455979824066,
   0.4593619406223297
  ],