{
 "position": 35,
 "sequence_aa": "I",
 "substrate_file": "/Users/djbray/Desktop/esm2/esm2_substrate_facebook_esm2_t33_650M_UR50D/substrate.npz",
 "n_sublayers": 62,
 "n_units": 1280,
 "depth_profiles": {
  "amp_mean": [
   10.110578536987305,
   5.3784589767456055,
   5.5582098960876465,
   4.241469383239746,
   4.351529121398926,
   3.701380968093872,
   3.7454001903533936,
   3.3279948234558105,
   3.3582351207733154,
   3.10199236869812,
   3.2059497833251953,
   2.9969565868377686,
   3.1207966804504395,
   2.993283748626709,
   3.2094452381134033,
   3.0642035007476807,
   3.1455347537994385,
   3.078653335571289,
   3.334494113922119,
   3.291396379470825,
   3.475724697113037,
   3.448291063308716,
   3.6221580505371094,
   3.6618030071258545,
   3.8970749378204346,
   3.968510389328003,
   4.082154750823975,
   4.2174973487854,
   4.006287574768066,
   4.057569980621338,
   3.916156768798828,
   3.973695755004883,
   3.909184217453003,
   3.9209156036376953,
   3.9501681327819824,
   4.005505561828613,
   4.035843849182129,
   4.0818328857421875,
   4.338900566101074,
   4.424570083618164,
   4.439790725708008,
   4.514671325683594,
   4.685426235198975,
   4.765085697174072,
   5.025019645690918,
   5.254538536071777,
   5.0959014892578125,
   5.117980003356934,
   5.315348148345947,
   5.253731727600098,
   5.3927435874938965,
   5.489782810211182,
   5.937960624694824,
   6.279882907867432,
   6.174009323120117,
   6.172293663024902,
   6.594079494476318,
   7.038811683654785,
   7.198000431060791,
   7.893506050109863,
   8.459280014038086,
   11.877351760864258
  ],
  "amp_modulation_mean": [
   1.1680797338485718,
   1.1281641721725464,
   1.145829439163208,
   1.1043117046356201,
   1.1251808404922485,
   1.1049439907073975,
   1.1038179397583008,
   1.0855422019958496,
   1.0860716104507446,
   1.0747144222259521,
   1.0883132219314575,
   1.069875955581665,
   1.0922139883041382,
   1.0820591449737549,
   1.1209222078323364,
   1.1049580574035645,
   1.0881166458129883,
   1.0867375135421753,
   1.103346586227417,
   1.1071994304656982,
   1.1285508871078491,
   1.1116575002670288,
   1.0985209941864014,
   1.098189115524292,
   1.1432055234909058,
   1.12838613986969,
   1.146475076675415,
   1.1357004642486572,
   1.0799775123596191,
   1.0693289041519165,
   1.0073267221450806,
   0.9828746914863586,
   0.975350558757782,
   0.945294201374054,
   0.9526453018188477,
   0.9514385461807251,
   0.9398809671401978,
   0.9227814674377441,
   0.969292163848877,
   0.9805049896240234,
   0.9793106913566589,
   0.9823387265205383,
   1.0035316944122314,
   1.0028737783432007,
   1.0472056865692139,
   1.092519760131836,
   1.0443003177642822,
   1.0479973554611206,
   1.0700268745422363,
   1.057334065437317,
   1.0504070520401,
   1.066720724105835,
   1.1267659664154053,
   1.1848526000976562,
   1.1252670288085938,
   1.0990259647369385,
   1.1302493810653687,
   1.1490272283554077,
   1.119610071182251,
   1.1466970443725586,
   1.1485068798065186,
   1.1543035507202148
  ],
  "phase_consistency_across_units": [
   0.014583866111934185,
   0.008755614049732685,
   0.016398102045059204,
   0.025011198595166206,
   0.013042819686233997,
   0.03612221032381058,
   0.02687135525047779,
   0.03616524115204811,
   0.028715195134282112,
   0.030477700755000114,
   0.03403409942984581,
   0.03120286390185356,
   0.028503181412816048,
   0.02054181694984436,
   0.025756506249308586,
   0.009815575554966927,
   0.02502971701323986,
   0.024871429428458214,
   0.027017392218112946,
   0.02131718397140503,
   0.02112480439245701,
   0.03561481460928917,
   0.015986856073141098,
   0.020022468641400337,
   0.012505980208516121,
   0.013272877782583237,
   0.03149444982409477,
   0.03763483464717865,
   0.015575174242258072,
   0.019217941910028458,
   0.01319629605859518,
   0.01735181175172329,
   0.016597187146544456,
   0.027590369805693626,
   0.01749085634946823,
   0.01845555752515793,
   0.012886171229183674,
   0.019192146137356758,
   0.011324379593133926,
   0.00618278281763196,
   0.00858791172504425,
   0.013286896049976349,
   0.014017625711858273,
   0.00962020456790924,
   0.010821784846484661,
   0.00832246895879507,
   0.006135283969342709,
   0.013777201063930988,
   0.00905113760381937,
   0.018786059692502022,
   0.010032528080046177,
   0.008504031226038933,
   0.013397237285971642,
   0.015040812082588673,
   0.01315478514879942,
   0.013748847879469395,
   0.0036148843355476856,
   0.004770461469888687,
   0.01737617887556553,
   0.007874123752117157,
   0.010412530042231083,
   0.01239913422614336
  ],
  "freq_mean": [
   0.16708393394947052,
   0.0395723320543766,
   0.15871894359588623,
   0.05535624548792839,
   0.19563059508800507,
   0.05776144191622734,
   0.17336085438728333,
   0.050870515406131744,
   0.10365231335163116,
   0.07818017899990082,
   0.12451948970556259,
   0.0686531513929367,
   0.12159061431884766,
   0.11382083594799042,
   0.21160295605659485,
   0.08329607546329498,
   0.15704885125160217,
   0.125460684299469,
   0.22756318747997284,
   0.14154332876205444,
   0.2249700129032135,
   0.13693633675575256,
   0.22083182632923126,
   0.16123147308826447,
   0.25974512100219727,
   0.17435699701309204,
   0.2804502844810486,
   0.17221222817897797,
   0.2115594893693924,
   0.20214399695396423,
   0.1946893036365509,
   0.19223247468471527,
   0.17830190062522888,
   0.188442200422287,
   0.20107075572013855,
   0.1929289549589157,
   0.14320068061351776,
   0.1808592975139618,
   0.2268977165222168,
   0.1727343499660492,
   0.21152333915233612,
   0.21071374416351318,
   0.23553720116615295,
   0.2231169193983078,
   0.279900461435318,
   0.25035491585731506,
   0.2151331603527069,
   0.2511306703090668,
   0.25920379161834717,
   0.17524127662181854,
   0.2447691410779953,
   0.1890975534915924,
   0.3183768391609192,
   0.2750205993652344,
   0.2542192041873932,
   0.18356747925281525,
   0.3657059371471405,
   0.2187952995300293,
   0.3338674008846283,
   0.20396557450294495,
   0.5368889570236206
  ],
  "freq_deviation_abs_mean": [
   0.3530878722667694,
   0.23524539172649384,
   0.2755737900733948,
   0.2656477987766266,
   0.2669091522693634,
   0.2694908678531647,
   0.2552796006202698,
   0.2736448347568512,
   0.24248972535133362,
   0.2340807169675827,
   0.22238382697105408,
   0.24777653813362122,
   0.2462160885334015,
   0.2923710346221924,
   0.3161097466945648,
   0.3417138457298279,
   0.2781762480735779,
   0.351144015789032,
   0.34855687618255615,
   0.38719797134399414,
   0.3700641691684723,
   0.4035266935825348,
   0.37205109000205994,
   0.41988998651504517,
   0.3664185106754303,
   0.3892948031425476,
   0.36857324838638306,
   0.38790324330329895,
   0.344674676656723,
   0.3474508225917816,
   0.35432344675064087,
   0.3570038378238678,
   0.3658720552921295,
   0.3379136323928833,
   0.3322526812553406,
   0.3561013340950012,
   0.34683066606521606,
   0.37659212946891785,
   0.38009631633758545,
   0.37203651666641235,
   0.34590286016464233,
   0.352784126996994,
   0.36454057693481445,
   0.3970787525177002,
   0.41245755553245544,
   0.38011136651039124,
   0.3660148084163666,
   0.39657241106033325,
   0.3933897912502289,
   0.42822104692459106,
   0.3657470643520355,
   0.4205218255519867,
   0.44554001092910767,
   0.4566268026828766,
   0.39299359917640686,
   0.43273240327835083,
   0.39633244276046753,
   0.44883766770362854,
   0.4095633029937744,
   0.4926128387451172,
   0.44504523277282715
  ]
 },
 "top_units_by_amp_modulation_max": [
  {
   "unit": 558,
   "max_amp_mod": 4.741294860839844,
   "argmax_sublayer": 2
  },
  {
   "unit": 1111,
   "max_amp_mod": 4.513241291046143,
   "argmax_sublayer": 0
  },
  {
   "unit": 1052,
   "max_amp_mod": 4.48275089263916,
   "argmax_sublayer": 0
  },
  {
   "unit": 222,
   "max_amp_mod": 4.387998104095459,
   "argmax_sublayer": 0
  },
  {
   "unit": 588,
   "max_amp_mod": 4.293817043304443,