{
 "position": 37,
 "sequence_aa": "P",
 "substrate_file": "/home/dbrayjr5/esm2-osc/esm2_substrate_facebook_esm2_t33_650M_UR50D/substrate.npz",
 "n_sublayers": 62,
 "n_units": 1280,
 "validity_floor": {
  "quantile": 0.1,
  "absolute_value": 2.7328476905822754,
  "n_valid_cells": 71424,
  "n_total_cells": 79360,
  "fraction_valid": 0.9
 },
 "depth_profiles": {
  "amp_modulation_mean": [
   1.1976661682128906,
   1.1697118282318115,
   1.1818169355392456,
   1.1470030546188354,
   1.1578049659729004,
   1.1399914026260376,
   1.1477727890014648,
   1.1341073513031006,
   1.1414673328399658,
   1.1290149688720703,
   1.127916932106018,
   1.1162396669387817,
   1.1284239292144775,
   1.111314058303833,
   1.1485086679458618,
   1.1412818431854248,
   1.128879189491272,
   1.1216880083084106,
   1.125335931777954,
   1.1173865795135498,
   1.1292682886123657,
   1.1003026962280273,
   1.1511335372924805,
   1.1721904277801514,
   1.1473777294158936,
   1.12479567527771,
   1.1638660430908203,
   1.1705774068832397,
   1.1494169235229492,
   1.1117857694625854,
   1.0600544214248657,
   1.0343658924102783,
   1.0401217937469482,
   1.0072647333145142,
   1.019032597541809,
   1.0262019634246826,
   1.0079209804534912,
   0.9882053136825562,
   1.03305184841156,
   1.0380628108978271,
   1.0166313648223877,
   1.0364829301834106,
   1.0655548572540283,
   1.0842479467391968,
   1.1218006610870361,
   1.2058442831039429,
   1.1362318992614746,
   1.130122423171997,
   1.1531108617782593,
   1.1366636753082275,
   1.1637840270996094,
   1.1947263479232788,
   1.2024351358413696,
   1.2206156253814697,
   1.1772319078445435,
   1.187120795249939,
   1.2062232494354248,
   1.2095410823822021,
   1.1567224264144897,
   1.1890439987182617,
   1.2065373659133911,
   1.180255651473999
  ],
  "amp_modulation_mean_valid_only": [
   1.1976661682128906,
   1.1697118282318115,
   1.1818169355392456,
   1.1470030546188354,
   1.1578049659729004,
   1.139724612236023,
   1.1477727890014648,
   1.1330610513687134,
   1.129664659500122,
   1.1047300100326538,
   1.1009467840194702,
   1.1114914417266846,
   1.1190435886383057,
   1.1074062585830688,
   1.1397829055786133,
   1.1351319551467896,
   1.1051989793777466,
   1.10873281955719,
   1.1047691106796265,
   1.1021301746368408,
   1.1221505403518677,
   1.093878149986267,
   1.1511335372924805,
   1.1721904277801514,
   1.1473777294158936,
   1.12479567527771,
   1.1638660430908203,
   1.1705774068832397,
   1.1494169235229492,
   1.1117857694625854,
   1.0600544214248657,
   1.0343658924102783,
   1.0401217937469482,
   1.0072647333145142,
   1.019032597541809,
   1.0262019634246826,
   1.0079209804534912,
   0.9882053136825562,
   1.03305184841156,
   1.0380628108978271,
   1.0166313648223877,
   1.0364829301834106,
   1.0655548572540283,
   1.0842479467391968,
   1.1218006610870361,
   1.2058442831039429,
   1.1362318992614746,
   1.130122423171997,
   1.1531108617782593,
   1.1366636753082275,
   1.1637840270996094,
   1.1947263479232788,
   1.2024351358413696,
   1.2206156253814697,
   1.1772319078445435,
   1.187120795249939,
   1.2062232494354248,
   1.2095410823822021,
   1.1567224264144897,
   1.1890439987182617,
   1.2065373659133911,
   1.180255651473999
  ],
  "phase_consistency_across_units": [
   0.013761830516159534,
   0.014214388094842434,
   0.015622756443917751,
   0.023226847872138023,
   0.024983061477541924,
   0.024582576006650925,
   0.027570275589823723,
   0.03696156665682793,
   0.03736092895269394,
   0.025680923834443092,
   0.02248297818005085,
   0.021499905735254288,
   0.027752069756388664,
   0.02764618769288063,
   0.030362477526068687,
   0.010632201097905636,
   0.02055131271481514,
   0.01885981112718582,
   0.027643093839287758,
   0.021921908482909203,
   0.014572380110621452,
   0.03161130100488663,
   0.029302790760993958,
   0.033069584518671036,
   0.03409810736775398,
   0.023785613477230072,
   0.022646242752671242,
   0.022176025435328484,
   0.024719756096601486,
   0.016106707975268364,
   0.016028128564357758,
   0.017528126016259193,
   0.015552453696727753,
   0.01645796187222004,
   0.020980997011065483,
   0.01861017569899559,
   0.021711306646466255,
   0.013537897728383541,
   0.013629947789013386,
   0.013151333667337894,
   0.005334368906915188,
   0.00982334278523922,
   0.006146887317299843,
   0.0027286296244710684,
   0.013092348352074623,
   0.01280394196510315,
   0.014367271214723587,
   0.009675569832324982,
   0.004216234665364027,
   0.011045399121940136,
   0.006657799705862999,
   0.006570552941411734,
   0.018020590767264366,
   0.003671698272228241,
   0.003345891833305359,
   0.01133751217275858,
   0.010090879164636135,
   0.010913262143731117,
   0.008747528307139874,
   0.002268233336508274,
   0.016507724300026894,
   0.011628532782196999
  ],
  "freq_mean": [
   0.19131633639335632,
   0.0206272192299366,
   0.1743607074022293,
   0.020850544795393944,
   0.13499358296394348,
   0.057665370404720306,
   0.1361600160598755,
   0.04697563126683235,
   0.1264185905456543,
   0.06390400975942612,
   0.11761049181222916,
   0.057364631444215775,
   0.10234735161066055,
   0.1050618439912796,
   0.20387299358844757,
   0.10148552805185318,
   0.14923837780952454,
   0.08941995352506638,
   0.1972101926803589,
   0.15742285549640656,
   0.19620591402053833,
   0.08171306550502777,
   0.30979934334754944,
   0.17131797969341278,
   0.2082243263721466,
   0.16814318299293518,
   0.24597211182117462,
   0.2283412665128708,
   0.24018605053424835,
   0.20779363811016083,
   0.2023729532957077,
   0.2115108072757721,
   0.17462269961833954,
   0.15869517624378204,
   0.19468815624713898,
   0.17034704983234406,
   0.1800946295261383,
   0.18516144156455994,
   0.2586911916732788,
   0.19089069962501526,
   0.17970862984657288,
   0.19805660843849182,
   0.2288096398115158,
   0.21185441315174103,
   0.28833475708961487,
   0.29862910509109497,
   0.17211854457855225,
   0.2186662256717682,
   0.2282753735780716,
   0.2250918596982956,
   0.2561980187892914,
   0.23689377307891846,
   0.27467966079711914,
   0.2214755117893219,
   0.23715996742248535,
   0.2343197762966156,
   0.3283897936344147,
   0.22080568969249725,
   0.32799431681632996,
   0.25863274931907654,
   0.533431351184845
  ],
  "freq_deviation_abs_mean": [
   0.33313146233558655,
   0.21164555847644806,
   0.24785533547401428,
   0.2543047070503235,
   0.22907619178295135,
   0.23118643462657928,
   0.22114679217338562,
   0.2291344702243805,
   0.2182239592075348,
   0.24461543560028076,
   0.24562862515449524,
   0.26766878366470337,
   0.24721994996070862,
   0.29607391357421875,
   0.3196438252925873,
   0.3167455792427063,
   0.2612191140651703,
   0.3164713680744171,
   0.3376754820346832,
   0.3770620822906494,
   0.3526732921600342,
   0.3928602635860443,
   0.3643065392971039,
   0.4039034843444824,
   0.32237759232521057,
   0.3507717251777649,
   0.3832346796989441,
   0.3876555562019348,
   0.3704416751861572,
   0.3727412819862366,
   0.34246763586997986,
   0.34277063608169556,
   0.3480597138404846,
   0.3399043083190918,
   0.3394640386104584,
   0.36038538813591003,
   0.3321717381477356,
   0.39719411730766296,
   0.38649988174438477,
   0.3677399158477783,
   0.3393363058567047,
   0.3432275652885437,
   0.3530769646167755,
   0.3810715079307556,
   0.418428897857666,
   0.41878247261047363,
   0.39022961258888245,
   0.38390398025512695,
   0.37020084261894226,
   0.40546154975891113,
   0.4237332344055176,
   0.4086650013923645,
   0.40205439925193787,
   0.4097002446651459,
   0.3916598856449127,
   0.41368284821510315,
   0.41127991676330566,
   0.45265722274780273,
   0.4339386820793152,
   0.4515841007232666,
   0.4282863736152649
  ],