{
 "position": 12,
 "sequence_aa": "I",
 "substrate_file": "/Users/djbray/Desktop/esm2/esm2_substrate_facebook_esm2_t33_650M_UR50D/substrate.npz",
 "n_sublayers": 62,
 "n_units": 1280,
 "depth_profiles": {
  "amp_mean": [
   9.9237699508667,
   5.434373378753662,
   5.54025936126709,
   4.333051681518555,
   4.387922286987305,
   3.772345781326294,
   3.8410983085632324,
   3.437328815460205,
   3.500694990158081,
   3.2468063831329346,
   3.3043129444122314,
   3.122551202774048,
   3.212883710861206,
   3.075212001800537,
   3.254298448562622,
   3.1385440826416016,
   3.2317955493927,
   3.183101177215576,
   3.449110746383667,
   3.389467716217041,
   3.54085111618042,
   3.4862449169158936,
   3.9076225757598877,
   3.9462215900421143,
   3.9636752605438232,
   3.970715284347534,
   4.032237529754639,
   4.153636455535889,
   4.088810920715332,
   4.081328392028809,
   4.151159763336182,
   4.30008602142334,
   4.055284023284912,
   4.083815574645996,
   4.206303596496582,
   4.411201000213623,
   4.464867115020752,
   4.614090919494629,
   4.755732536315918,
   5.145208835601807,
   4.9802656173706055,
   5.0043768882751465,
   5.034649848937988,
   4.936612129211426,
   5.029934406280518,
   5.026844024658203,
   5.168187618255615,
   5.380807876586914,
   5.565664768218994,
   5.780972957611084,
   5.906667232513428,
   6.093905448913574,
   6.327271938323975,
   6.324549674987793,
   6.345235824584961,
   6.289986610412598,
   6.9221978187561035,
   7.552762031555176,
   7.575770378112793,
   8.172508239746094,
   8.47984504699707,
   11.506258964538574
  ],
  "amp_modulation_mean": [
   1.1441895961761475,
   1.1354442834854126,
   1.1385207176208496,
   1.123792290687561,
   1.1301349401474,
   1.1217155456542969,
   1.1290998458862305,
   1.118394136428833,
   1.1311410665512085,
   1.12459397315979,
   1.121917486190796,
   1.114286184310913,
   1.125279188156128,
   1.113152027130127,
   1.1392908096313477,
   1.132254719734192,
   1.1175003051757812,
   1.1239087581634521,
   1.141341209411621,
   1.141268014907837,
   1.1480989456176758,
   1.1240466833114624,
   1.1875852346420288,
   1.1847032308578491,
   1.1611825227737427,
   1.1279656887054443,
   1.1301181316375732,
   1.1156511306762695,
   1.1031794548034668,
   1.0753517150878906,
   1.0697386264801025,
   1.0667568445205688,
   1.0138523578643799,
   0.9866815805435181,
   1.017499566078186,
   1.0517809391021729,
   1.0445492267608643,
   1.0477569103240967,
   1.0668284893035889,
   1.1455612182617188,
   1.1033823490142822,
   1.0927248001098633,
   1.0823780298233032,
   1.0409797430038452,
   1.0487735271453857,
   1.0447965860366821,
   1.0598390102386475,
   1.1034581661224365,
   1.1217838525772095,
   1.163448691368103,
   1.1510813236236572,
   1.1853971481323242,
   1.1981894969940186,
   1.1898235082626343,
   1.155588150024414,
   1.1209895610809326,
   1.1880885362625122,
   1.2349132299423218,
   1.1782430410385132,
   1.1856269836425781,
   1.145950436592102,
   1.11500883102417
  ],
  "phase_consistency_across_units": [
   0.02987673319876194,
   0.02967960573732853,
   0.021715011447668076,
   0.04186297580599785,
   0.028010176494717598,
   0.048782795667648315,
   0.04051152616739273,
   0.05041048675775528,
   0.04689711704850197,
   0.043735381215810776,
   0.04767639562487602,
   0.05062475800514221,
   0.03968038409948349,
   0.04498617351055145,
   0.0412079393863678,
   0.02063589356839657,
   0.037369146943092346,
   0.023282643407583237,
   0.03264709189534187,
   0.022425049915909767,
   0.039426278322935104,
   0.041382789611816406,
   0.03343230485916138,
   0.03610340133309364,
   0.02778935432434082,
   0.02530871517956257,
   0.023068774491548538,
   0.02307240478694439,
   0.011940637603402138,
   0.02663074992597103,
   0.0052719623781740665,
   0.016426682472229004,
   0.02768654003739357,
   0.0328914113342762,
   0.025335993617773056,
   0.029264777898788452,
   0.016305599361658096,
   0.009868111461400986,
   0.004523338750004768,
   0.020888686180114746,
   0.028716914355754852,
   0.01325592864304781,
   0.01997380331158638,
   0.01872755028307438,
   0.0022923718206584454,
   0.006549764424562454,
   0.009795313701033592,
   0.011272127740085125,
   0.009203601628541946,
   0.0024490884970873594,
   0.015574414283037186,
   0.003546691732481122,
   0.017767421901226044,
   0.010257715359330177,
   0.01970815099775791,
   0.014417770318686962,
   0.011994724161922932,
   0.017757298424839973,
   0.027833828702569008,
   0.031045611947774887,
   0.028510062023997307,
   0.032599739730358124
  ],
  "freq_mean": [
   0.16252389550209045,
   0.034214407205581665,
   0.16234090924263,
   0.04571504518389702,
   0.1358300745487213,
   0.05722925812005997,
   0.134962260723114,
   0.0616864338517189,
   0.13742704689502716,
   0.07932821661233902,
   0.1198633462190628,
   0.0742570161819458,
   0.11975491046905518,
   0.08670924603939056,
   0.1878352165222168,
   0.08716683089733124,
   0.1252731829881668,
   0.11101869493722916,
   0.2131996899843216,
   0.12871399521827698,
   0.17129819095134735,
   0.12568847835063934,
   0.29225853085517883,
   0.17262552678585052,
   0.23875632882118225,
   0.15508070588111877,
   0.21733002364635468,
   0.17116759717464447,
   0.20892933011054993,
   0.11796456575393677,
   0.24269095063209534,
   0.17180100083351135,
   0.1492389589548111,
   0.12942202389240265,
   0.2071724385023117,
   0.1916387379169464,
   0.20496121048927307,
   0.19890211522579193,
   0.26163753867149353,
   0.28659147024154663,
   0.18788005411624908,
   0.2414306104183197,
   0.1998208463191986,
   0.17064324021339417,
   0.19935263693332672,
   0.1889825165271759,
   0.2166762351989746,
   0.2213018834590912,
   0.2654135227203369,
   0.25046733021736145,
   0.22734662890434265,
   0.28242260217666626,
   0.2958933115005493,
   0.26090869307518005,
   0.212254136800766,
   0.16781967878341675,
   0.3702392876148224,
   0.26705509424209595,
   0.38182976841926575,
   0.22733333706855774,
   0.5187968015670776
  ],
  "freq_deviation_abs_mean": [
   0.36259469389915466,
   0.2221691608428955,
   0.2590194344520569,
   0.24396243691444397,
   0.2234247922897339,
   0.22492007911205292,
   0.21623186767101288,
   0.2515096664428711,
   0.26058071851730347,
   0.2864934504032135,
   0.2408100664615631,
   0.25585031509399414,
   0.23530802130699158,
   0.30167680978775024,
   0.32015544176101685,
   0.32412463426589966,
   0.30059903860092163,
   0.3352418839931488,
   0.344111829996109,
   0.37311264872550964,
   0.34671682119369507,
   0.39498135447502136,
   0.3653540015220642,
   0.39992865920066833,
   0.3562954366207123,
   0.35595762729644775,
   0.34822162985801697,
   0.3447563648223877,
   0.3111567795276642,
   0.353217214345932,
   0.3224810063838959,
   0.33930668234825134,
   0.3155232071876526,
   0.354950487613678,
   0.36459094285964966,
   0.3705601096153259,
   0.3691762685775757,
   0.39962369203567505,
   0.44712895154953003,
   0.4144020676612854,
   0.40284737944602966,
   0.3789377808570862,
   0.36392971873283386,
   0.3435221314430237,
   0.34160909056663513,
   0.3772094249725342,
   0.3996369242668152,
   0.41738349199295044,
   0.40605878829956055,
   0.4198415279388428,
   0.44562435150146484,
   0.4337829649448395,
   0.41819334030151367,
   0.3932778835296631,
   0.3701644241809845,
   0.42902278900146484,
   0.42433175444602966,
   0.49575215578079224,
   0.4424355924129486,
   0.48767679929733276,
   0.4490002691745758
  ]
 },
 "top_units_by_amp_modulation_max": [
  {
   "unit": 152,
   "max_amp_mod": 5.0131096839904785,
   "argmax_sublayer": 0
  },
  {
   "unit": 219,
   "max_amp_mod": 4.9256591796875,
   "argmax_sublayer": 0
  },
  {
   "unit": 1266,
   "max_amp_mod": 4.752426624298096,
   "argmax_sublayer": 0
  },
  {
   "unit": 813,
   "max_amp_mod": 4.749066352844238,
   "argmax_sublayer": 8
  },
  {
   "unit": 1174,
   "max_amp_mod": 4.693593978881836,