{
 "position": 21,
 "sequence_aa": "T",
 "substrate_file": "/Users/djbray/Desktop/esm2/esm2_substrate_facebook_esm2_t33_650M_UR50D/substrate.npz",
 "n_sublayers": 62,
 "n_units": 1280,
 "depth_profiles": {
  "amp_mean": [
   10.7136812210083,
   5.801098823547363,
   5.9481425285339355,
   4.64646053314209,
   4.737491607666016,
   4.056589603424072,
   4.118420600891113,
   3.7381529808044434,
   3.7594962120056152,
   3.529085636138916,
   3.6205334663391113,
   3.4310333728790283,
   3.5660674571990967,
   3.460376739501953,
   3.6770644187927246,
   3.6038997173309326,
   3.992422103881836,
   4.27473783493042,
   4.279065132141113,
   3.973336696624756,
   4.071093559265137,
   3.9357879161834717,
   3.9794363975524902,
   4.025753974914551,
   4.02247428894043,
   4.173838138580322,
   4.100663661956787,
   4.368781089782715,
   4.279326438903809,
   4.412470817565918,
   4.3629350662231445,
   4.492754936218262,
   4.430749416351318,
   4.525373935699463,
   4.543482780456543,
   4.543923377990723,
   4.688016891479492,
   4.618741035461426,
   4.796143531799316,
   4.928743839263916,
   4.794564723968506,
   4.660931587219238,
   4.716667175292969,
   4.7496514320373535,
   4.779229164123535,
   4.73342227935791,
   4.754436492919922,
   4.881182670593262,
   4.999843597412109,
   5.054111480712891,
   5.179390907287598,
   5.308531761169434,
   5.5671820640563965,
   5.733519077301025,
   6.007433891296387,
   6.233891487121582,
   6.759076118469238,
   7.640354156494141,
   7.9319167137146,
   8.325535774230957,
   8.723636627197266,
   12.408103942871094
  ],
  "amp_modulation_mean": [
   1.2362959384918213,
   1.2103174924850464,
   1.220415711402893,
   1.2019063234329224,
   1.2193622589111328,
   1.2053709030151367,
   1.2092584371566772,
   1.2150958776474,
   1.2139846086502075,
   1.2197766304016113,
   1.227292776107788,
   1.2227617502212524,
   1.2478214502334595,
   1.252225399017334,
   1.2849904298782349,
   1.2993581295013428,
   1.3850475549697876,
   1.5195586681365967,
   1.4203917980194092,
   1.337968111038208,
   1.3247144222259521,
   1.2713886499404907,
   1.2070910930633545,
   1.2041304111480713,
   1.1778485774993896,
   1.1842995882034302,
   1.1486505270004272,
   1.1735280752182007,
   1.1549303531646729,
   1.163283348083496,
   1.122802972793579,
   1.1137263774871826,
   1.106560468673706,
   1.0897667407989502,
   1.0930582284927368,
   1.0765854120254517,
   1.0896538496017456,
   1.0399631261825562,
   1.0683473348617554,
   1.0886579751968384,
   1.05323326587677,
   1.010617971420288,
   1.0061954259872437,
   0.9941202402114868,
   0.987822413444519,
   0.9761172533035278,
   0.9670621752738953,
   0.9917390942573547,
   0.9994910955429077,
   1.0095008611679077,
   1.0027083158493042,
   1.0256160497665405,
   1.0491929054260254,
   1.0721385478973389,
   1.0885734558105469,
   1.1061084270477295,
   1.1566195487976074,
   1.2488155364990234,
   1.2323336601257324,
   1.2028729915618896,
   1.1784918308258057,
   1.2059853076934814
  ],
  "phase_consistency_across_units": [
   0.01754160411655903,
   0.038561902940273285,
   0.018775125965476036,
   0.033650390803813934,
   0.03261295333504677,
   0.041255585849285126,
   0.04028113931417465,
   0.0376061275601387,
   0.03882671520113945,
   0.036187149584293365,
   0.04139524698257446,
   0.03872331976890564,
   0.031236661598086357,
   0.028586816042661667,
   0.025499310344457626,
   0.012804912403225899,
   0.020352661609649658,
   0.028591150417923927,
   0.041366785764694214,
   0.036429598927497864,
   0.025219213217496872,
   0.03974608704447746,
   0.04298882931470871,
   0.041996683925390244,
   0.03214467689394951,
   0.03510419279336929,
   0.03236200660467148,
   0.040907956659793854,
   0.03339848667383194,
   0.02190254256129265,
   0.016653044149279594,
   0.026806635782122612,
   0.026680808514356613,
   0.027973471209406853,
   0.03105229325592518,
   0.025865988805890083,
   0.020474229007959366,
   0.01584203541278839,
   0.012306137941777706,
   0.0076369005255401134,
   0.015554885379970074,
   0.01119273528456688,
   0.012657593935728073,
   0.014711355790495872,
   0.03290632367134094,
   0.03486287593841553,
   0.024481134489178658,
   0.020206838846206665,
   0.031834252178668976,
   0.025975268334150314,
   0.011829993687570095,
   0.0179410632699728,
   0.010194553062319756,
   0.010368957184255123,
   0.004884552210569382,
   0.009914789348840714,
   0.007024912629276514,
   0.004210386425256729,
   0.015847038477659225,
   0.01919032260775566,
   0.025290831923484802,
   0.026468677446246147
  ],
  "freq_mean": [
   0.16522939503192902,
   0.03369731828570366,
   0.1417294442653656,
   0.06827735900878906,
   0.1546563357114792,
   0.05833212286233902,
   0.14508652687072754,
   0.05899423360824585,
   0.12876147031784058,
   0.07541974633932114,
   0.11024639755487442,
   0.08431489765644073,
   0.14423546195030212,
   0.1105748862028122,
   0.16878345608711243,
   0.1214294284582138,
   0.2885049283504486,
   0.296983540058136,
   0.24375586211681366,
   0.16310568153858185,
   0.26099473237991333,
   0.14595329761505127,
   0.26332539319992065,
   0.12302093207836151,
   0.2478126585483551,
   0.13844521343708038,
   0.21665886044502258,
   0.21063284575939178,
   0.21235351264476776,
   0.18862755596637726,
   0.17895443737506866,
   0.18625767529010773,
   0.19304324686527252,
   0.21992170810699463,
   0.21352672576904297,
   0.20577087998390198,
   0.22048917412757874,
   0.18194644153118134,
   0.2785397469997406,
   0.2611353397369385,
   0.17255271971225739,
   0.1790366917848587,
   0.22630731761455536,
   0.18791760504245758,
   0.22859878838062286,
   0.14753636717796326,
   0.19599609076976776,
   0.20578141510486603,
   0.20784148573875427,
   0.2045927494764328,
   0.23520994186401367,
   0.23690056800842285,
   0.27872195839881897,
   0.21974892914295197,
   0.2804422378540039,
   0.178844153881073,
   0.38609805703163147,
   0.33333900570869446,
   0.35196566581726074,
   0.194802924990654,
   0.5122454762458801
  ],
  "freq_deviation_abs_mean": [
   0.3514680862426758,
   0.23572874069213867,
   0.2705678939819336,
   0.24288706481456757,
   0.25127166509628296,
   0.24105624854564667,
   0.24872203171253204,
   0.26701831817626953,
   0.22277918457984924,
   0.23387213051319122,
   0.22472257912158966,
   0.23900535702705383,
   0.2584323287010193,
   0.3219263553619385,
   0.32462191581726074,
   0.36961960792541504,
   0.4175821840763092,
   0.49172526597976685,
   0.4236467480659485,
   0.4052550196647644,
   0.39084264636039734,
   0.4473930299282074,
   0.3648947775363922,
   0.38399067521095276,
   0.3294033110141754,
   0.356781542301178,
   0.3390958905220032,
   0.36695605516433716,
   0.3363169729709625,
   0.3359847068786621,
   0.3561192750930786,
   0.33262887597084045,
   0.3440885841846466,
   0.3735833764076233,
   0.3942585587501526,
   0.3936978876590729,
   0.3776121139526367,
   0.4023114740848541,
   0.40437740087509155,
   0.40556254982948303,
   0.3888297975063324,
   0.366231769323349,
   0.3554040491580963,
   0.3844776153564453,
   0.36007633805274963,
   0.36260613799095154,
   0.357745498418808,
   0.36324983835220337,
   0.3399782180786133,
   0.3722745180130005,
   0.40718182921409607,
   0.417639821767807,
   0.39139699935913086,
   0.4372459948062897,
   0.3952649235725403,
   0.4769658148288727,
   0.4555288255214691,
   0.45262160897254944,
   0.3923373818397522,
   0.47684818506240845,
   0.46463221311569214
  ]
 },
 "top_units_by_amp_modulation_max": [
  {
   "unit": 573,
   "max_amp_mod": 5.3073954582214355,
   "argmax_sublayer": 18
  },
  {
   "unit": 1275,
   "max_amp_mod": 5.060568332672119,
   "argmax_sublayer": 15
  },
  {
   "unit": 1274,
   "max_amp_mod": 5.055102825164795,
   "argmax_sublayer": 0
  },
  {
   "unit": 1226,
   "max_amp_mod": 4.701347351074219,
   "argmax_sublayer": 59
  },
  {
   "unit": 413,
   "max_amp_mod": 4.693185806274414,