{
 "position": 16,
 "sequence_aa": "V",
 "substrate_file": "/home/dbrayjr5/esm2-osc/esm2_substrate_facebook_esm2_t33_650M_UR50D/substrate.npz",
 "n_sublayers": 62,
 "n_units": 1280,
 "validity_floor": {
  "quantile": 0.1,
  "absolute_value": 2.7328476905822754,
  "n_valid_cells": 71424,
  "n_total_cells": 79360,
  "fraction_valid": 0.9
 },
 "depth_profiles": {
  "amp_modulation_mean": [
   1.2358111143112183,
   1.2137658596038818,
   1.2231804132461548,
   1.1962391138076782,
   1.2107585668563843,
   1.1908833980560303,
   1.2039709091186523,
   1.1878960132598877,
   1.208709478378296,
   1.1943856477737427,
   1.2045047283172607,
   1.1862072944641113,
   1.1932058334350586,
   1.1756480932235718,
   1.2049064636230469,
   1.1994370222091675,
   1.191332221031189,
   1.194211483001709,
   1.2001588344573975,
   1.2051115036010742,
   1.2114566564559937,
   1.1890907287597656,
   1.2153828144073486,
   1.2145830392837524,
   1.179877519607544,
   1.1654155254364014,
   1.1777799129486084,
   1.1496108770370483,
   1.1562654972076416,
   1.1717231273651123,
   1.1073329448699951,
   1.0852323770523071,
   1.0600817203521729,
   1.0272915363311768,
   1.0730838775634766,
   1.0999670028686523,
   1.0783917903900146,
   1.0628231763839722,
   1.129650354385376,
   1.217506766319275,
   1.1895627975463867,
   1.1821750402450562,
   1.1806312799453735,
   1.165320634841919,
   1.1431758403778076,
   1.149170994758606,
   1.1397327184677124,
   1.1221253871917725,
   1.1375759840011597,
   1.1690493822097778,
   1.1850523948669434,
   1.1769176721572876,
   1.189204454421997,
   1.2308080196380615,
   1.171807050704956,
   1.14687180519104,
   1.167607307434082,
   1.198122262954712,
   1.1763975620269775,
   1.1834951639175415,
   1.1696794033050537,
   1.2069388628005981
  ],
  "amp_modulation_mean_valid_only": [
   1.2358111143112183,
   1.2137658596038818,
   1.2231804132461548,
   1.1962391138076782,
   1.2107585668563843,
   1.1919620037078857,
   1.2039709091186523,
   1.1780797243118286,
   1.1926891803741455,
   1.14271879196167,
   1.159045934677124,
   1.133925437927246,
   1.137485384941101,
   1.1183513402938843,
   1.1454176902770996,
   1.1774632930755615,
   1.1459910869598389,
   1.1615923643112183,
   1.1739177703857422,
   1.1785036325454712,
   1.2063055038452148,
   1.1855454444885254,
   1.2153828144073486,
   1.2145830392837524,
   1.179877519607544,
   1.1654155254364014,
   1.1777799129486084,
   1.1496108770370483,
   1.1562654972076416,
   1.1717231273651123,
   1.1073329448699951,
   1.0852323770523071,
   1.0600817203521729,
   1.0272915363311768,
   1.0730838775634766,
   1.0999670028686523,
   1.0783917903900146,
   1.0628231763839722,
   1.129650354385376,
   1.217506766319275,
   1.1895627975463867,
   1.1821750402450562,
   1.1806312799453735,
   1.165320634841919,
   1.1431758403778076,
   1.149170994758606,
   1.1397327184677124,
   1.1221253871917725,
   1.1375759840011597,
   1.1690493822097778,
   1.1850523948669434,
   1.1769176721572876,
   1.189204454421997,
   1.2308080196380615,
   1.171807050704956,
   1.14687180519104,
   1.167607307434082,
   1.198122262954712,
   1.1763975620269775,
   1.1834951639175415,
   1.1696794033050537,
   1.2069388628005981
  ],
  "phase_consistency_across_units": [
   0.027817945927381516,
   0.029582759365439415,
   0.025396449491381645,
   0.03874533623456955,
   0.038305994123220444,
   0.050033845007419586,
   0.047199416905641556,
   0.06334888935089111,
   0.05088285356760025,
   0.05095678195357323,
   0.043082017451524734,
   0.04906671494245529,
   0.03894072398543358,
   0.04252036660909653,
   0.0400138720870018,
   0.013976839371025562,
   0.030920011922717094,
   0.02143893949687481,
   0.03328398987650871,
   0.018589019775390625,
   0.03914877399802208,
   0.023441236466169357,
   0.01718449965119362,
   0.022059230133891106,
   0.024242350831627846,
   0.02074824646115303,
   0.030312901362776756,
   0.03220495209097862,
   0.03604590520262718,
   0.034728653728961945,
   0.024361345916986465,
   0.030250899493694305,
   0.02748771384358406,
   0.020491819828748703,
   0.009973045438528061,
   0.006545550189912319,
   0.01956872083246708,
   0.024483101442456245,
   0.0011793995508924127,
   0.010468372143805027,
   0.010462123900651932,
   0.008258390240371227,
   0.014564529061317444,
   0.022064952179789543,
   0.020571723580360413,
   0.012282188981771469,
   0.009798647835850716,
   0.018078915774822235,
   0.003461594693362713,
   0.022971220314502716,
   0.019592314958572388,
   0.03771769627928734,
   0.022442158311605453,
   0.02581278793513775,
   0.03306668996810913,
   0.03156152367591858,
   0.022513791918754578,
   0.03110656701028347,
   0.020741716027259827,
   0.02677064947783947,
   0.01580885984003544,
   0.01713099516928196
  ],
  "freq_mean": [
   0.15469330549240112,
   0.02846975065767765,
   0.14578410983085632,
   0.051657624542713165,
   0.131305530667305,
   0.06004887819290161,
   0.12661439180374146,
   0.04833124950528145,
   0.1399986743927002,
   0.07830067723989487,
   0.14325790107250214,
   0.06956607103347778,
   0.137067049741745,
   0.08040471374988556,
   0.17830264568328857,
   0.10070592164993286,
   0.1636856496334076,
   0.10561690479516983,
   0.2191925048828125,
   0.15124809741973877,
   0.20565970242023468,
   0.11458335071802139,
   0.27287644147872925,
   0.1292867809534073,
   0.1995997130870819,
   0.14615991711616516,
   0.2361305207014084,
   0.15362147986888885,
   0.19354398548603058,
   0.20297905802726746,
   0.15560422837734222,
   0.16313286125659943,
   0.14765706658363342,
   0.13259325921535492,
   0.22101107239723206,
   0.1885664016008377,
   0.16983714699745178,
   0.1964855045080185,
   0.2747212052345276,
   0.2683791518211365,
   0.21327486634254456,
   0.23270802199840546,
   0.24670036137104034,
   0.24054069817066193,
   0.21524150669574738,
   0.21445712447166443,
   0.18662814795970917,
   0.1905684769153595,
   0.20592686533927917,
   0.2549116611480713,
   0.2541111409664154,
   0.22209306061267853,
   0.3042171895503998,
   0.2364654541015625,
   0.2294704020023346,
   0.17106342315673828,
   0.29999369382858276,
   0.19398090243339539,
   0.3318254351615906,
   0.16559560596942902,
   0.5089249610900879
  ],
  "freq_deviation_abs_mean": [
   0.3386816084384918,
   0.21475520730018616,
   0.2459266483783722,
   0.23647531867027283,
   0.22168609499931335,
   0.22536234557628632,
   0.2138230800628662,
   0.229630708694458,
   0.23439231514930725,
   0.2505553364753723,
   0.22215712070465088,
   0.25534144043922424,
   0.24163445830345154,
   0.29389306902885437,
   0.298717737197876,
   0.3188621997833252,
   0.29507461190223694,
   0.35764533281326294,
   0.3337244987487793,
   0.3802131116390228,
   0.35935288667678833,
   0.4053784906864166,
   0.34887832403182983,
   0.3677166998386383,
   0.34082239866256714,
   0.3703974783420563,
   0.3466950058937073,
   0.3395622968673706,
   0.33400604128837585,
   0.33244240283966064,
   0.3545469641685486,
   0.3220534920692444,
   0.2927630543708801,
   0.335274338722229,
   0.34698423743247986,
   0.38803309202194214,
   0.36324217915534973,
   0.4263988137245178,
   0.4536094069480896,
   0.4082309603691101,
   0.3721221685409546,
   0.38591790199279785,
   0.3908434510231018,
   0.3532539904117584,
   0.3606041967868805,
   0.3656630516052246,
   0.3650297522544861,
   0.3759500980377197,
   0.384890615940094,
   0.385960191488266,
   0.376107782125473,
   0.3980690836906433,
   0.40105804800987244,
   0.4066295027732849,
   0.3779636323451996,
   0.400278240442276,
   0.4075872302055359,
   0.4458692967891693,
   0.399685800075531,
   0.4850158095359802,
   0.46708232164382935
  ],