{
 "position": 32,
 "sequence_aa": "K",
 "substrate_file": "/Users/djbray/Desktop/esm2/esm2_substrate_facebook_esm2_t33_650M_UR50D/substrate.npz",
 "n_sublayers": 62,
 "n_units": 1280,
 "depth_profiles": {
  "amp_mean": [
   8.954744338989258,
   4.844033241271973,
   5.00421142578125,
   3.906341552734375,
   3.9961771965026855,
   3.423335313796997,
   3.4960708618164062,
   3.138226270675659,
   3.1651618480682373,
   2.945464611053467,
   3.030819892883301,
   2.8792290687561035,
   2.9520649909973145,
   2.8716578483581543,
   3.0914289951324463,
   2.978198528289795,
   3.203364610671997,
   3.1966235637664795,
   3.276451826095581,
   3.184886932373047,
   3.2431323528289795,
   3.160560131072998,
   3.3518550395965576,
   3.4365062713623047,
   3.5579516887664795,
   3.560859203338623,
   3.6663403511047363,
   3.8604378700256348,
   3.582246780395508,
   3.5529351234436035,
   3.666541337966919,
   3.7883174419403076,
   3.7672226428985596,
   3.8413376808166504,
   3.8013319969177246,
   3.9195609092712402,
   4.070071220397949,
   4.129775524139404,
   4.4388275146484375,
   4.529498100280762,
   4.3580732345581055,
   4.313283443450928,
   4.493834018707275,
   4.665631294250488,
   4.593782901763916,
   4.65162992477417,
   4.7966814041137695,
   5.145148754119873,
   5.155981063842773,
   5.142348289489746,
   5.254294395446777,
   5.322004795074463,
   5.35373592376709,
   5.41495943069458,
   5.502152442932129,
   5.631295204162598,
   5.975306034088135,
   6.359575271606445,
   6.638883113861084,
   7.170926094055176,
   7.5723557472229,
   10.536958694458008
  ],
  "amp_modulation_mean": [
   1.0273860692977905,
   1.0093940496444702,
   1.024715542793274,
   1.010533332824707,
   1.026532769203186,
   1.0161199569702148,
   1.0252399444580078,
   1.019491195678711,
   1.0192317962646484,
   1.0160385370254517,
   1.0247660875320435,
   1.0234876871109009,
   1.029902458190918,
   1.0351886749267578,
   1.0779873132705688,
   1.0709798336029053,
   1.107022762298584,
   1.1292829513549805,
   1.0810372829437256,
   1.068734884262085,
   1.0495202541351318,
   1.0157420635223389,
   1.0138019323349,
   1.0276641845703125,
   1.0405277013778687,
   1.007690668106079,
   1.0253363847732544,
   1.036104679107666,
   0.9628322720527649,
   0.9332824945449829,
   0.9395435452461243,
   0.933569073677063,
   0.9358922839164734,
   0.9213750958442688,
   0.9146820306777954,
   0.9299671053886414,
   0.9484902620315552,
   0.9332912564277649,
   0.9920312166213989,
   1.0019967555999756,
   0.9589659571647644,
   0.9376033544540405,
   0.9618026614189148,
   0.9809122085571289,
   0.9544016122817993,
   0.9648290872573853,
   0.9806181192398071,
   1.0536969900131226,
   1.0377254486083984,
   1.0342200994491577,
   1.022435188293457,
   1.0324877500534058,
   1.0122525691986084,
   1.0161166191101074,
   0.9992332458496094,
   0.999972939491272,
   1.0233149528503418,
   1.0362231731414795,
   1.0296374559402466,
   1.0368105173110962,
   1.0227301120758057,
   1.0179718732833862
  ],
  "phase_consistency_across_units": [
   0.04087841883301735,
   0.026872089132666588,
   0.03337696194648743,
   0.045716919004917145,
   0.0370083712041378,
   0.054196227341890335,
   0.042778801172971725,
   0.05097334831953049,
   0.04047451540827751,
   0.03797170892357826,
   0.03922282159328461,
   0.04693227261304855,
   0.04120037704706192,
   0.038606300950050354,
   0.03916259482502937,
   0.021940793842077255,
   0.03227372467517853,
   0.023922154679894447,
   0.033924054354429245,
   0.014182808808982372,
   0.02788667194545269,
   0.030796615406870842,
   0.023902172222733498,
   0.026200177147984505,
   0.017984064295887947,
   0.027199899777770042,
   0.009668339043855667,
   0.02188050001859665,
   0.02519197389483452,
   0.024919060990214348,
   0.035957418382167816,
   0.0225953608751297,
   0.018721921369433403,
   0.026586292311549187,
   0.01813674159348011,
   0.015321113169193268,
   0.020845308899879456,
   0.015040267258882523,
   0.013657810166478157,
   0.01926894299685955,
   0.011640259064733982,
   0.01565312035381794,
   0.023675572127103806,
   0.015989601612091064,
   0.021537184715270996,
   0.009699211455881596,
   0.015894709154963493,
   0.006616916041821241,
   0.008798318915069103,
   0.026340186595916748,
   0.020106321200728416,
   0.014999321661889553,
   0.0189763605594635,
   0.023930521681904793,
   0.03408917039632797,
   0.017545338720083237,
   0.01755862683057785,
   0.010979081504046917,
   0.012022998183965683,
   0.023216912522912025,
   0.03785693645477295,
   0.04002870246767998
  ],
  "freq_mean": [
   0.17494408786296844,
   0.02995998039841652,
   0.17356452345848083,
   0.05971287563443184,
   0.17231209576129913,
   0.07939283549785614,
   0.16131678223609924,
   0.054639361798763275,
   0.11749080568552017,
   0.07133708894252777,
   0.1530626267194748,
   0.07707538455724716,
   0.13970768451690674,
   0.10612580925226212,
   0.214366152882576,
   0.12294205278158188,
   0.28304094076156616,
   0.1729559600353241,
   0.2442457377910614,
   0.16736428439617157,
   0.24004745483398438,
   0.10792770236730576,
   0.2743435502052307,
   0.17194052040576935,
   0.2461281269788742,
   0.13965529203414917,
   0.2931992709636688,
   0.228046253323555,
   0.1672607809305191,
   0.1813872754573822,
   0.22532276809215546,
   0.19899478554725647,
   0.19047167897224426,
   0.17643988132476807,
   0.1441163271665573,
   0.21038269996643066,
   0.19127017259597778,
   0.21105587482452393,
   0.27450427412986755,
   0.23026342689990997,
   0.16345271468162537,
   0.17564578354358673,
   0.24508348107337952,
   0.20305781066417694,
   0.19724567234516144,
   0.181742861866951,
   0.2381119728088379,
   0.2639302611351013,
   0.24576500058174133,
   0.22460384666919708,
   0.2619456350803375,
   0.20514413714408875,
   0.25669926404953003,
   0.22406606376171112,
   0.2572719156742096,
   0.21953189373016357,
   0.33009347319602966,
   0.24574093520641327,
   0.36174339056015015,
   0.21442368626594543,
   0.5198091268539429
  ],
  "freq_deviation_abs_mean": [
   0.38604480028152466,
   0.2381068915128708,
   0.27719372510910034,
   0.2603103518486023,
   0.2604878842830658,
   0.2610304355621338,
   0.25449293851852417,
   0.2484477013349533,
   0.23421549797058105,
   0.24441561102867126,
   0.23728808760643005,
   0.27036407589912415,
   0.2545405626296997,
   0.3330899178981781,
   0.3383975028991699,
   0.3643501400947571,
   0.3573921322822571,
   0.4443320631980896,
   0.3935076594352722,
   0.41543054580688477,
   0.37303441762924194,
   0.4348435401916504,
   0.3706502318382263,
   0.3920927941799164,
   0.36627712845802307,
   0.38490965962409973,
   0.37989550828933716,
   0.3824363648891449,
   0.3514101505279541,
   0.3561045229434967,
   0.3561011254787445,
   0.3431503474712372,
   0.3794705271720886,
   0.34469908475875854,
   0.34771692752838135,
   0.34919852018356323,
   0.3475523889064789,
   0.37256890535354614,
   0.3808612525463104,
   0.3537454903125763,
   0.3648039996623993,
   0.370863139629364,
   0.37311267852783203,
   0.3962221145629883,
   0.35616883635520935,
   0.369952917098999,
   0.3863472044467926,
   0.40468770265579224,
   0.3843013346195221,
   0.39716774225234985,
   0.39776700735092163,
   0.39573580026626587,
   0.3840884566307068,
   0.425079882144928,
   0.4093736708164215,
   0.4544807970523834,
   0.42063307762145996,
   0.47655564546585083,
   0.44002944231033325,
   0.511237621307373,
   0.4815448224544525
  ]
 },
 "top_units_by_amp_modulation_max": [
  {
   "unit": 526,
   "max_amp_mod": 4.128586292266846,
   "argmax_sublayer": 0
  },
  {
   "unit": 618,
   "max_amp_mod": 3.98293137550354,
   "argmax_sublayer": 0
  },
  {
   "unit": 1117,
   "max_amp_mod": 3.9483108520507812,
   "argmax_sublayer": 7
  },
  {
   "unit": 111,
   "max_amp_mod": 3.926591634750366,
   "argmax_sublayer": 7
  },
  {
   "unit": 510,
   "max_amp_mod": 3.9252896308898926,