{
 "position": 57,
 "sequence_aa": "D",
 "substrate_file": "/Users/djbray/Desktop/esm2/esm2_substrate_facebook_esm2_t33_650M_UR50D/substrate.npz",
 "n_sublayers": 62,
 "n_units": 1280,
 "depth_profiles": {
  "amp_mean": [
   10.01416015625,
   5.33254337310791,
   5.528101444244385,
   4.253348350524902,
   4.373809337615967,
   3.7356369495391846,
   3.816281795501709,
   3.4119858741760254,
   3.465094804763794,
   3.2129387855529785,
   3.2768828868865967,
   3.0865960121154785,
   3.1574525833129883,
   3.0329017639160156,
   3.205615997314453,
   3.0703442096710205,
   3.203531265258789,
   3.128920793533325,
   3.3394534587860107,
   3.2841110229492188,
   3.493884325027466,
   3.4135773181915283,
   3.8493812084198,
   3.9475440979003906,
   3.8865039348602295,
   3.927112579345703,
   4.059180736541748,
   4.055747032165527,
   4.170027732849121,
   4.3375630378723145,
   4.250929832458496,
   4.416895389556885,
   4.4166131019592285,
   4.540407657623291,
   4.544308662414551,
   4.732335090637207,
   4.653019428253174,
   4.551673412322998,
   5.130033016204834,
   5.397875785827637,
   5.146365165710449,
   5.189805030822754,
   5.2139177322387695,
   5.459627628326416,
   5.257094383239746,
   5.244402885437012,
   5.2862749099731445,
   5.149165153503418,
   5.29707670211792,
   5.295294284820557,
   5.612027645111084,
   5.7452216148376465,
   6.012944221496582,
   6.346837520599365,
   6.523438453674316,
   6.333752632141113,
   6.606717586517334,
   7.072517395019531,
   7.331911563873291,
   8.278020858764648,
   8.947237014770508,
   11.973970413208008
  ],
  "amp_modulation_mean": [
   1.159680962562561,
   1.1189618110656738,
   1.1401684284210205,
   1.1068629026412964,
   1.130704402923584,
   1.1165306568145752,
   1.126391053199768,
   1.1161277294158936,
   1.1250677108764648,
   1.1180740594863892,
   1.1184871196746826,
   1.1059105396270752,
   1.1090166568756104,
   1.0999979972839355,
   1.125767469406128,
   1.1092876195907593,
   1.1095020771026611,
   1.1052186489105225,
   1.1042817831039429,
   1.1043462753295898,
   1.1334874629974365,
   1.098934531211853,
   1.1675426959991455,
   1.1857736110687256,
   1.138858675956726,
   1.115274429321289,
   1.137878656387329,
   1.0892313718795776,
   1.1228086948394775,
   1.1418837308883667,
   1.0931005477905273,
   1.0927073955535889,
   1.1025240421295166,
   1.0954910516738892,
   1.0973907709121704,
   1.124798059463501,
   1.085466742515564,
   1.0293980836868286,
   1.1491200923919678,
   1.196821928024292,
   1.1337203979492188,
   1.1275452375411987,
   1.1149907112121582,
   1.1480610370635986,
   1.0913288593292236,
   1.0869754552841187,
   1.0801347494125366,
   1.0508363246917725,
   1.062387466430664,
   1.060711145401001,
   1.0904630422592163,
   1.1134341955184937,
   1.1345709562301636,
   1.1907196044921875,
   1.184049129486084,
   1.1251847743988037,
   1.1320140361785889,
   1.1566566228866577,
   1.1414735317230225,
   1.2023593187332153,
   1.214159607887268,
   1.165675401687622
  ],
  "phase_consistency_across_units": [
   0.004522702656686306,
   0.020361948758363724,
   0.02844349853694439,
   0.028831619769334793,
   0.019290002062916756,
   0.036826226860284805,
   0.02409489080309868,
   0.042952653020620346,
   0.03628387674689293,
   0.037815459072589874,
   0.048759788274765015,
   0.04809890687465668,
   0.050559792667627335,
   0.04390961676836014,
   0.04801786690950394,
   0.048051364719867706,
   0.04510021582245827,
   0.041020505130290985,
   0.04858862981200218,
   0.04007406160235405,
   0.03291424736380577,
   0.03753814101219177,
   0.028069715946912766,
   0.03365451470017433,
   0.02010827511548996,
   0.008615619502961636,
   0.016619186848402023,
   0.015331323258578777,
   0.016466274857521057,
   0.016668695956468582,
   0.014593764208257198,
   0.010707368142902851,
   0.01975080370903015,
   0.029178820550441742,
   0.022548777982592583,
   0.01567464880645275,
   0.01879536174237728,
   0.009618544951081276,
   0.01685003750026226,
   0.011442795395851135,
   0.021703651174902916,
   0.015212856233119965,
   0.01889510452747345,
   0.023265467956662178,
   0.019832970574498177,
   0.02419360727071762,
   0.019822878763079643,
   0.033982954919338226,
   0.030064184218645096,
   0.024456210434436798,
   0.001934920554049313,
   0.026666561141610146,
   0.024966329336166382,
   0.013945174403488636,
   0.013291562907397747,
   0.020814871415495872,
   0.01570769026875496,
   0.012198468670248985,
   0.026727935299277306,
   0.019138753414154053,
   0.0033970666117966175,
   0.009565823711454868
  ],
  "freq_mean": [
   0.14206774532794952,
   0.04319271072745323,
   0.1571662873029709,
   0.053533684462308884,
   0.1492224484682083,
   0.04993097856640816,
   0.13723908364772797,
   0.06087296083569527,
   0.12395031750202179,
   0.08001774549484253,
   0.10552380979061127,
   0.0855025053024292,
   0.09777210652828217,
   0.10679109394550323,
   0.16631373763084412,
   0.10253527015447617,
   0.1592993140220642,
   0.1411089152097702,
   0.19466829299926758,
   0.13107243180274963,
   0.17583750188350677,
   0.11322017014026642,
   0.2920956015586853,
   0.1613284796476364,
   0.2024260312318802,
   0.17780867218971252,
   0.22066886723041534,
   0.14007511734962463,
   0.27345791459083557,
   0.16052424907684326,
   0.18951711058616638,
   0.1941128671169281,
   0.1936434805393219,
   0.22902703285217285,
   0.20560960471630096,
   0.24768862128257751,
   0.13663318753242493,
   0.16957509517669678,
   0.32236358523368835,
   0.24635247886180878,
   0.2250838279724121,
   0.19901974499225616,
   0.24200686812400818,
   0.26289257407188416,
   0.16841569542884827,
   0.23587048053741455,
   0.18983788788318634,
   0.19795584678649902,
   0.20143094658851624,
   0.19488587975502014,
   0.2506487965583801,
   0.22759446501731873,
   0.27716532349586487,
   0.3038998246192932,
   0.27647918462753296,
   0.17199096083641052,
   0.3190537691116333,
   0.24541302025318146,
   0.35826221108436584,
   0.3047986924648285,
   0.553036093711853
  ],
  "freq_deviation_abs_mean": [
   0.3723466396331787,
   0.2364615499973297,
   0.27083820104599,
   0.26705336570739746,
   0.2562543749809265,
   0.24060507118701935,
   0.23713746666908264,
   0.2444969117641449,
   0.24526932835578918,
   0.2419532835483551,
   0.2551496624946594,
   0.26554641127586365,
   0.2600374221801758,
   0.27291804552078247,
   0.2869691550731659,
   0.3133009076118469,
   0.30167269706726074,
   0.31023669242858887,
   0.33014407753944397,
   0.3849651515483856,
   0.3378780782222748,
   0.38684582710266113,
   0.3776762783527374,
   0.4110890328884125,
   0.3467105031013489,
   0.3767223060131073,
   0.36295443773269653,
   0.3941381573677063,
   0.3523239493370056,
   0.3634723126888275,
   0.33379560708999634,
   0.350277304649353,
   0.3820711076259613,
   0.36128997802734375,
   0.35510486364364624,
   0.37169989943504333,
   0.3324618339538574,
   0.3602885603904724,
   0.40467721223831177,
   0.3833613097667694,
   0.36769184470176697,
   0.39221030473709106,
   0.3703112006187439,
   0.35511457920074463,
   0.3586583435535431,
   0.33798617124557495,
   0.3685406744480133,
   0.37783709168434143,
   0.356215238571167,
   0.4052059054374695,
   0.4138384461402893,
   0.41632431745529175,
   0.43468332290649414,
   0.4638153910636902,
   0.39524322748184204,
   0.4290190637111664,
   0.39172086119651794,
   0.45958155393600464,
   0.4658295214176178,
   0.5278836488723755,
   0.4731447696685791
  ]
 },
 "top_units_by_amp_modulation_max": [
  {
   "unit": 526,
   "max_amp_mod": 5.536797523498535,
   "argmax_sublayer": 0
  },
  {
   "unit": 1196,
   "max_amp_mod": 5.20384407043457,
   "argmax_sublayer": 0
  },
  {
   "unit": 973,
   "max_amp_mod": 4.677758693695068,
   "argmax_sublayer": 0
  },
  {
   "unit": 884,
   "max_amp_mod": 4.5928449630737305,
   "argmax_sublayer": 0
  },
  {
   "unit": 1254,
   "max_amp_mod": 4.56751012802124,