{
 "position": 30,
 "sequence_aa": "Q",
 "substrate_file": "/Users/djbray/Desktop/esm2/esm2_substrate_facebook_esm2_t33_650M_UR50D/substrate.npz",
 "n_sublayers": 62,
 "n_units": 1280,
 "depth_profiles": {
  "amp_mean": [
   10.90159797668457,
   5.860793590545654,
   6.0121355056762695,
   4.651346683502197,
   4.755520343780518,
   4.034537315368652,
   4.107229709625244,
   3.666879177093506,
   3.72273325920105,
   3.4324746131896973,
   3.53745698928833,
   3.342578887939453,
   3.490502119064331,
   3.3694286346435547,
   3.639162063598633,
   3.5291290283203125,
   3.914865493774414,
   4.1277642250061035,
   3.997652769088745,
   3.750326156616211,
   3.801922559738159,
   3.6531739234924316,
   3.9282050132751465,
   3.9264678955078125,
   3.8307769298553467,
   3.7990469932556152,
   3.906989336013794,
   4.071913719177246,
   3.92339825630188,
   3.9399895668029785,
   4.167746067047119,
   4.382922649383545,
   4.135871887207031,
   4.18688440322876,
   4.1738152503967285,
   4.304274559020996,
   4.440836429595947,
   4.553962707519531,
   4.792232513427734,
   5.074735164642334,
   4.976561546325684,
   4.925453186035156,
   4.922661781311035,
   4.927288055419922,
   4.995406150817871,
   5.032939910888672,
   5.136489391326904,
   5.145360946655273,
   5.337275505065918,
   5.187108039855957,
   5.918999671936035,
   6.612806797027588,
   6.58046817779541,
   6.679296016693115,
   6.86236047744751,
   6.9482316970825195,
   7.061436653137207,
   7.665051460266113,
   8.193020820617676,
   8.85525131225586,
   9.607861518859863,
   12.974233627319336
  ],
  "amp_modulation_mean": [
   1.271247148513794,
   1.2375690937042236,
   1.2466840744018555,
   1.2169272899627686,
   1.234342336654663,
   1.2078742980957031,
   1.214599370956421,
   1.1993271112442017,
   1.2082579135894775,
   1.192347764968872,
   1.2049448490142822,
   1.1977870464324951,
   1.2280343770980835,
   1.224820852279663,
   1.276189923286438,
   1.2788194417953491,
   1.363473653793335,
   1.4700393676757812,
   1.3290570974349976,
   1.265978455543518,
   1.2387152910232544,
   1.1818958520889282,
   1.1943658590316772,
   1.1784272193908691,
   1.1226003170013428,
   1.0774790048599243,
   1.0948541164398193,
   1.0932931900024414,
   1.0554465055465698,
   1.0357086658477783,
   1.0705296993255615,
   1.0838594436645508,
   1.0296690464019775,
   1.0063526630401611,
   1.0045522451400757,
   1.0219987630844116,
   1.0348466634750366,
   1.029773473739624,
   1.071353554725647,
   1.1249538660049438,
   1.0975003242492676,
   1.0711647272109985,
   1.0527517795562744,
   1.0347989797592163,
   1.0381485223770142,
   1.044073462486267,
   1.0506378412246704,
   1.0516788959503174,
   1.0740337371826172,
   1.0410852432250977,
   1.1527875661849976,
   1.287815809249878,
   1.2491798400878906,
   1.2592207193374634,
   1.2529696226119995,
   1.2430200576782227,
   1.2155992984771729,
   1.2573130130767822,
   1.2823781967163086,
   1.2915582656860352,
   1.3105548620224,
   1.2721116542816162
  ],
  "phase_consistency_across_units": [
   0.013259083032608032,
   0.004611731506884098,
   0.005322000477463007,
   0.013273792341351509,
   0.011735065840184689,
   0.023927710950374603,
   0.01950046978890896,
   0.02552739717066288,
   0.024553466588258743,
   0.026047535240650177,
   0.026217713952064514,
   0.027589144185185432,
   0.03268272429704666,
   0.03259896859526634,
   0.04131827875971794,
   0.01947285793721676,
   0.022151781246066093,
   0.015521331690251827,
   0.019795862957835197,
   0.0315166637301445,
   0.007584473118185997,
   0.028719384223222733,
   0.01594364456832409,
   0.025757022202014923,
   0.026024917140603065,
   0.025890186429023743,
   0.01807183213531971,
   0.0138976089656353,
   0.02260066755115986,
   0.020455488935112953,
   0.017119180411100388,
   0.02322196401655674,
   0.027348319068551064,
   0.03098638914525509,
   0.020841920748353004,
   0.01952425017952919,
   0.016293209046125412,
   0.020082909613847733,
   0.010665896348655224,
   0.013831800781190395,
   0.00745006650686264,
   0.018402766436338425,
   0.015693634748458862,
   0.019643548876047134,
   0.026190895587205887,
   0.02881796285510063,
   0.020335804671049118,
   0.012322336435317993,
   0.01431252434849739,
   0.014830788597464561,
   0.0080318758264184,
   0.014926341362297535,
   0.03761141374707222,
   0.024918917566537857,
   0.029169689863920212,
   0.009074771776795387,
   0.023916276171803474,
   0.01383878942579031,
   0.009749055840075016,
   0.016879431903362274,
   0.0216395054012537,
   0.012857839465141296
  ],
  "freq_mean": [
   0.14867901802062988,
   0.054881058633327484,
   0.1410718560218811,
   0.07306009531021118,
   0.13340994715690613,
   0.051554761826992035,
   0.13359077274799347,
   0.0487494096159935,
   0.12001410871744156,
   0.05857851356267929,
   0.11473739147186279,
   0.07625018060207367,
   0.15534266829490662,
   0.10941827297210693,
   0.18734990060329437,
   0.08950470387935638,
   0.32069095969200134,
   0.3082529902458191,
   0.23747575283050537,
   0.18331095576286316,
   0.2041107416152954,
   0.1352531611919403,
   0.28503745794296265,
   0.13506074249744415,
   0.18545357882976532,
   0.12551899254322052,
   0.2212805300951004,
   0.16910400986671448,
   0.1563011109828949,
   0.13484427332878113,
   0.2815006375312805,
   0.19584311544895172,
   0.16619351506233215,
   0.1549190729856491,
   0.17441889643669128,
   0.17519816756248474,
   0.1893969476222992,
   0.2051202356815338,
   0.26672253012657166,
   0.2622549533843994,
   0.1970357596874237,
   0.18719878792762756,
   0.1855071485042572,
   0.17151044309139252,
   0.20624704658985138,
   0.20279531180858612,
   0.19615864753723145,
   0.20229554176330566,
   0.18676705658435822,
   0.12915603816509247,
   0.32186266779899597,
   0.31104961037635803,
   0.27991384267807007,
   0.2545444369316101,
   0.2905232906341553,
   0.19756239652633667,
   0.2895844578742981,
   0.29817861318588257,
   0.34222131967544556,
   0.22456970810890198,
   0.5315855741500854
  ],
  "freq_deviation_abs_mean": [
   0.3425305485725403,
   0.20832233130931854,
   0.2595140337944031,
   0.24028894305229187,
   0.23332715034484863,
   0.22936971485614777,
   0.22046120464801788,
   0.22068187594413757,
   0.20041406154632568,
   0.21765108406543732,
   0.22092218697071075,
   0.2522129416465759,
   0.2540237307548523,
   0.3283757269382477,
   0.3167940676212311,
   0.37084144353866577,
   0.40280428528785706,
   0.4794459939002991,
   0.42298346757888794,
   0.43274563550949097,
   0.3979959487915039,
   0.4275241792201996,
   0.3756476938724518,
   0.4046646058559418,
   0.32490378618240356,
   0.33209389448165894,
   0.3468322455883026,
   0.3577733039855957,
   0.3288500905036926,
   0.3648436665534973,
   0.35636553168296814,
   0.36138981580734253,
   0.3449982702732086,
   0.35013335943222046,
   0.3246142268180847,
   0.3593983054161072,
   0.3516388535499573,
   0.3757716715335846,
   0.408848375082016,
   0.37825092673301697,
   0.36161214113235474,
   0.34638354182243347,
   0.3279709219932556,
   0.33573681116104126,
   0.33779269456863403,
   0.3467508852481842,
   0.35108572244644165,
   0.3809603154659271,
   0.3413708806037903,
   0.42164546251296997,
   0.4243234097957611,
   0.4388907551765442,
   0.409745991230011,
   0.40281161665916443,
   0.3928290903568268,
   0.4327566623687744,
   0.4325660765171051,
   0.47171515226364136,
   0.42126092314720154,
   0.47113627195358276,
   0.4262675344944
  ]
 },
 "top_units_by_amp_modulation_max": [
  {
   "unit": 1274,
   "max_amp_mod": 5.278479099273682,
   "argmax_sublayer": 0
  },
  {
   "unit": 360,
   "max_amp_mod": 5.184558868408203,
   "argmax_sublayer": 0
  },
  {
   "unit": 514,
   "max_amp_mod": 5.0204997062683105,
   "argmax_sublayer": 61
  },
  {
   "unit": 55,
   "max_amp_mod": 4.601748466491699,
   "argmax_sublayer": 0
  },
  {
   "unit": 797,
   "max_amp_mod": 4.589643478393555,