{
 "position": 26,
 "sequence_aa": "K",
 "substrate_file": "/Users/djbray/Desktop/esm2/esm2_substrate_facebook_esm2_t33_650M_UR50D/substrate.npz",
 "n_sublayers": 62,
 "n_units": 1280,
 "depth_profiles": {
  "amp_mean": [
   12.39319896697998,
   6.771073341369629,
   6.892300605773926,
   5.363826274871826,
   5.404588222503662,
   4.630430221557617,
   4.676464080810547,
   4.224789619445801,
   4.268435955047607,
   3.99430775642395,
   4.07012414932251,
   3.8984227180480957,
   4.013885974884033,
   3.9464004039764404,
   4.141369819641113,
   4.082572937011719,
   4.4286298751831055,
   4.736311912536621,
   4.600130558013916,
   4.446229457855225,
   4.525149345397949,
   4.307281494140625,
   4.4790825843811035,
   4.455004692077637,
   4.230456352233887,
   4.118834495544434,
   4.128888130187988,
   4.178044319152832,
   4.181371688842773,
   4.2115607261657715,
   4.540322780609131,
   4.688671112060547,
   4.653977394104004,
   4.753522872924805,
   4.592931270599365,
   4.779635906219482,
   5.0299882888793945,
   5.396735191345215,
   5.508768558502197,
   5.4959540367126465,
   5.479826927185059,
   5.509392738342285,
   5.548867225646973,
   5.716224670410156,
   5.787535667419434,
   5.838803291320801,
   5.919860363006592,
   5.950531005859375,
   6.111427307128906,
   6.0197296142578125,
   6.656582832336426,
   7.061164855957031,
   7.098811149597168,
   7.287280082702637,
   7.347113132476807,
   7.2071123123168945,
   7.960758209228516,
   8.858981132507324,
   9.090513229370117,
   9.6273832321167,
   10.498767852783203,
   14.458231925964355
  ],
  "amp_modulation_mean": [
   1.4346383810043335,
   1.4215240478515625,
   1.4214366674423218,
   1.3978272676467896,
   1.3981823921203613,
   1.3846931457519531,
   1.3793243169784546,
   1.382246971130371,
   1.383681058883667,
   1.3887965679168701,
   1.3867037296295166,
   1.3975872993469238,
   1.4128248691558838,
   1.436290979385376,
   1.4549614191055298,
   1.4793391227722168,
   1.5452747344970703,
   1.6890348196029663,
   1.532755732536316,
   1.501922369003296,
   1.4761841297149658,
   1.3957093954086304,
   1.3618108034133911,
   1.3353544473648071,
   1.2400776147842407,
   1.1703706979751587,
   1.1560642719268799,
   1.1221179962158203,
   1.1271483898162842,
   1.1100890636444092,
   1.1687041521072388,
   1.1622194051742554,
   1.1617934703826904,
   1.1453896760940552,
   1.1068141460418701,
   1.1347332000732422,
   1.1727476119995117,
   1.2219626903533936,
   1.2312321662902832,
   1.2172958850860596,
   1.2083957195281982,
   1.1995373964309692,
   1.1885478496551514,
   1.2028400897979736,
   1.204246163368225,
   1.2114856243133545,
   1.211572289466858,
   1.2165117263793945,
   1.2294666767120361,
   1.209653615951538,
   1.2989623546600342,
   1.3755847215652466,
   1.346523642539978,
   1.372416615486145,
   1.3374786376953125,
   1.2812522649765015,
   1.3635141849517822,
   1.4462172985076904,
   1.416416883468628,
   1.3991590738296509,
   1.4276056289672852,
   1.4095323085784912
  ],
  "phase_consistency_across_units": [
   0.011801686137914658,
   0.008259104564785957,
   0.018251599743962288,
   0.024472463876008987,
   0.016996100544929504,
   0.026213260367512703,
   0.023511797189712524,
   0.02752634510397911,
   0.01647561602294445,
   0.012860573828220367,
   0.01522927638143301,
   0.01687845028936863,
   0.009702707640826702,
   0.013097889721393585,
   0.024027708917856216,
   0.021321699023246765,
   0.02074609324336052,
   0.02496946230530739,
   0.02753739431500435,
   0.03545193746685982,
   0.022576402872800827,
   0.03228385001420975,
   0.02306961454451084,
   0.016017960384488106,
   0.012107343412935734,
   0.025515954941511154,
   0.02675965242087841,
   0.032293979078531265,
   0.01546074915677309,
   0.016023170202970505,
   0.009223283268511295,
   0.01936572790145874,
   0.010824400000274181,
   0.025267520919442177,
   0.019945988431572914,
   0.01743185892701149,
   0.02616008184850216,
   0.031290166079998016,
   0.02606220729649067,
   0.011268838308751583,
   0.008477800525724888,
   0.016791056841611862,
   0.025105107575654984,
   0.01394157949835062,
   0.008826510049402714,
   0.02173616737127304,
   0.012183599174022675,
   0.009723171591758728,
   0.003219053614884615,
   0.016726532950997353,
   0.014802416786551476,
   0.020291496068239212,
   0.010234110988676548,
   0.0089271180331707,
   0.004036033060401678,
   0.018609752878546715,
   0.021855507045984268,
   0.015837842598557472,
   0.010272309184074402,
   0.015135894529521465,
   0.005718991160392761,
   0.004225283861160278
  ],
  "freq_mean": [
   0.17432355880737305,
   0.018236394971609116,
   0.1632128357887268,
   0.0327482745051384,
   0.14662620425224304,
   0.04374290257692337,
   0.14039921760559082,
   0.06293853372335434,
   0.12665247917175293,
   0.04972807690501213,
   0.12287604808807373,
   0.05993729829788208,
   0.1379668265581131,
   0.09073390066623688,
   0.17521099746227264,
   0.07239104062318802,
   0.2820685803890228,
   0.24592521786689758,
   0.21841445565223694,
   0.2224331647157669,
   0.20468416810035706,
   0.18826892971992493,
   0.28843170404434204,
   0.1718139350414276,
   0.17306621372699738,
   0.10879109054803848,
   0.16300992667675018,
   0.12088960409164429,
   0.1247343048453331,
   0.14526796340942383,
   0.2395319938659668,
   0.1745828092098236,
   0.2089828997850418,
   0.1875469982624054,
   0.13535615801811218,
   0.18342339992523193,
   0.22637565433979034,
   0.260817289352417,
   0.2562790513038635,
   0.2024771273136139,
   0.22528672218322754,
   0.1725369244813919,
   0.17257007956504822,
   0.21529893577098846,
   0.21414132416248322,
   0.18912717700004578,
   0.20000700652599335,
   0.2318834364414215,
   0.177475243806839,
   0.16909992694854736,
   0.32132449746131897,
   0.2421758621931076,
   0.2618114948272705,
   0.25679469108581543,
   0.248367577791214,
   0.16026344895362854,
   0.35201185941696167,
   0.2977638244628906,
   0.33091625571250916,
   0.19545400142669678,
   0.5202147960662842
  ],
  "freq_deviation_abs_mean": [
   0.27431705594062805,
   0.17714720964431763,
   0.20775406062602997,
   0.19867101311683655,
   0.18866890668869019,
   0.18911175429821014,
   0.1993480920791626,
   0.2025720328092575,
   0.1874672919511795,
   0.20578792691230774,
   0.1908336579799652,
   0.2146531641483307,
   0.21981556713581085,
   0.29179248213768005,
   0.2913402020931244,
   0.33497586846351624,
   0.3653005063533783,
   0.4779576361179352,
   0.41873160004615784,
   0.41785454750061035,
   0.42228516936302185,
   0.4046669006347656,
   0.38900142908096313,
   0.38244956731796265,
   0.3062782287597656,
   0.3221261501312256,
   0.312378853559494,
   0.3082059919834137,
   0.2895430624485016,
   0.31838536262512207,
   0.3390394449234009,
   0.36236411333084106,
   0.35223594307899475,
   0.3386989235877991,
   0.3425540328025818,
   0.355526328086853,
   0.37660303711891174,
   0.38705968856811523,
   0.3642558157444,
   0.3742741346359253,
   0.37071511149406433,
   0.36738309264183044,
   0.35771021246910095,
   0.3439987301826477,
   0.33483174443244934,
   0.34622064232826233,
   0.32936832308769226,
   0.3388827443122864,
   0.3538106083869934,
   0.38566896319389343,
   0.420082151889801,
   0.4187045693397522,
   0.3865118622779846,
   0.4040672183036804,
   0.38207507133483887,
   0.4442293047904968,
   0.41253605484962463,
   0.4193291664123535,
   0.3752332627773285,
   0.4255704879760742,
   0.40103310346603394
  ]
 },
 "top_units_by_amp_modulation_max": [
  {
   "unit": 432,
   "max_amp_mod": 6.359321117401123,
   "argmax_sublayer": 17
  },
  {
   "unit": 396,
   "max_amp_mod": 6.101195335388184,
   "argmax_sublayer": 0
  },
  {
   "unit": 498,
   "max_amp_mod": 5.974576950073242,
   "argmax_sublayer": 19
  },
  {
   "unit": 570,
   "max_amp_mod": 5.716062545776367,
   "argmax_sublayer": 0
  },
  {
   "unit": 525,
   "max_amp_mod": 5.494490623474121,