{
 "position": 59,
 "sequence_aa": "N",
 "substrate_file": "/home/dbrayjr5/esm2-osc/esm2_substrate_facebook_esm2_t33_650M_UR50D/substrate.npz",
 "n_sublayers": 62,
 "n_units": 1280,
 "validity_floor": {
  "quantile": 0.1,
  "absolute_value": 2.7328476905822754,
  "n_valid_cells": 71424,
  "n_total_cells": 79360,
  "fraction_valid": 0.9
 },
 "depth_profiles": {
  "amp_modulation_mean": [
   1.2309296131134033,
   1.256148099899292,
   1.2497583627700806,
   1.2399866580963135,
   1.2434890270233154,
   1.241528868675232,
   1.240013599395752,
   1.2345867156982422,
   1.2376749515533447,
   1.2453397512435913,
   1.232655644416809,
   1.2214834690093994,
   1.2286990880966187,
   1.229778528213501,
   1.2470204830169678,
   1.2314164638519287,
   1.2141119241714478,
   1.2158923149108887,
   1.2059144973754883,
   1.212722659111023,
   1.2457506656646729,
   1.2077691555023193,
   1.2677667140960693,
   1.2790641784667969,
   1.2470901012420654,
   1.2402006387710571,
   1.2471953630447388,
   1.2009296417236328,
   1.2304017543792725,
   1.2244462966918945,
   1.1734200716018677,
   1.2010719776153564,
   1.1844218969345093,
   1.1817092895507812,
   1.2212461233139038,
   1.2616766691207886,
   1.2022889852523804,
   1.2149842977523804,
   1.2757422924041748,
   1.43244469165802,
   1.410125732421875,
   1.4785358905792236,
   1.480102300643921,
   1.317644715309143,
   1.2569174766540527,
   1.2082669734954834,
   1.2190725803375244,
   1.1605918407440186,
   1.1590349674224854,
   1.1596906185150146,
   1.1546655893325806,
   1.1426576375961304,
   1.1294325590133667,
   1.1296608448028564,
   1.136141061782837,
   1.1874327659606934,
   1.183687686920166,
   1.1966081857681274,
   1.1931138038635254,
   1.2167322635650635,
   1.182100534439087,
   1.194504976272583
  ],
  "amp_modulation_mean_valid_only": [
   1.2309296131134033,
   1.256148099899292,
   1.2497583627700806,
   1.2399866580963135,
   1.2434890270233154,
   1.2409136295318604,
   1.240013599395752,
   1.2332978248596191,
   1.2269526720046997,
   1.186668872833252,
   1.1794639825820923,
   1.1705615520477295,
   1.1789761781692505,
   1.2053526639938354,
   1.2034425735473633,
   1.1995617151260376,
   1.1564737558364868,
   1.177071452140808,
   1.1804970502853394,
   1.1912070512771606,
   1.2415673732757568,
   1.2099977731704712,
   1.2677667140960693,
   1.2790641784667969,
   1.2470901012420654,
   1.2402006387710571,
   1.2471953630447388,
   1.2009296417236328,
   1.2304017543792725,
   1.2244462966918945,
   1.1734200716018677,
   1.2010719776153564,
   1.1844218969345093,
   1.1817092895507812,
   1.2212461233139038,
   1.2616766691207886,
   1.2022889852523804,
   1.2149842977523804,
   1.2757422924041748,
   1.43244469165802,
   1.410125732421875,
   1.4785358905792236,
   1.480102300643921,
   1.317644715309143,
   1.2569174766540527,
   1.2082669734954834,
   1.2190725803375244,
   1.1605918407440186,
   1.1590349674224854,
   1.1596906185150146,
   1.1546655893325806,
   1.1426576375961304,
   1.1294325590133667,
   1.1296608448028564,
   1.136141061782837,
   1.1874327659606934,
   1.183687686920166,
   1.1966081857681274,
   1.1931138038635254,
   1.2167322635650635,
   1.182100534439087,
   1.194504976272583
  ],
  "phase_consistency_across_units": [
   0.015401100739836693,
   0.01656365767121315,
   0.01966942846775055,
   0.024297719821333885,
   0.01788243092596531,
   0.03044075518846512,
   0.01432799268513918,
   0.028089379891753197,
   0.008609944023191929,
   0.01765546202659607,
   0.008536755107343197,
   0.00972122885286808,
   0.010036934167146683,
   0.008142193779349327,
   0.011072240769863129,
   0.0005727344541810453,
   0.016361206769943237,
   0.014837602153420448,
   0.012106570415198803,
   0.015972282737493515,
   0.015038073994219303,
   0.028398146852850914,
   0.013304957188665867,
   0.01585894078016281,
   0.02003096230328083,
   0.020022084936499596,
   0.030353158712387085,
   0.029955992475152016,
   0.026998164132237434,
   0.02955007739365101,
   0.023604432120919228,
   0.01462993398308754,
   0.01793956570327282,
   0.034675613045692444,
   0.028227467089891434,
   0.010262616910040379,
   0.021331196650862694,
   0.016468709334731102,
   0.017327897250652313,
   0.01481582410633564,
   0.014371971599757671,
   0.005011468194425106,
   0.006330547388643026,
   0.022330135107040405,
   0.012697105295956135,
   0.016922028735280037,
   0.012139263562858105,
   0.006408229935914278,
   0.00996579509228468,
   0.01005973108112812,
   0.006457408424466848,
   0.015163000673055649,
   0.014043412171304226,
   0.008169523440301418,
   0.006259850226342678,
   0.007758438587188721,
   0.01075785793364048,
   0.025684325024485588,
   0.010025744326412678,
   0.009824728593230247,
   0.009874528273940086,
   0.011491529643535614
  ],
  "freq_mean": [
   0.16078591346740723,
   0.05016054958105087,
   0.14926807582378387,
   0.04272835701704025,
   0.1305805742740631,
   0.04951329901814461,
   0.13259759545326233,
   0.045528240501880646,
   0.1221526637673378,
   0.08924493938684464,
   0.11599357426166534,
   0.08438543975353241,
   0.08413001149892807,
   0.10188132524490356,
   0.15603815019130707,
   0.08936544507741928,
   0.11982621997594833,
   0.09316130727529526,
   0.15897901356220245,
   0.13124708831310272,
   0.16613823175430298,
   0.09582708030939102,
   0.2873176038265228,
   0.14641065895557404,
   0.23232023417949677,
   0.16974179446697235,
   0.21209561824798584,
   0.15355655550956726,
   0.2535482943058014,
   0.1449114978313446,
   0.20056287944316864,
   0.1947561353445053,
   0.17798027396202087,
   0.1615639626979828,
   0.22150607407093048,
   0.2037905752658844,
   0.16586163640022278,
   0.16213323175907135,
   0.24642321467399597,
   0.2965078353881836,
   0.22572870552539825,
   0.3493715226650238,
   0.23614096641540527,
   0.19236090779304504,
   0.1656588762998581,
   0.19757427275180817,
   0.20224109292030334,
   0.15685544908046722,
   0.20245857536792755,
   0.17405186593532562,
   0.24379301071166992,
   0.15258513391017914,
   0.21722957491874695,
   0.15049979090690613,
   0.25884535908699036,
   0.2035568505525589,
   0.28112736344337463,
   0.2203562706708908,
   0.3392992615699768,
   0.18543247878551483,
   0.476884663105011
  ],
  "freq_deviation_abs_mean": [
   0.3211188018321991,
   0.2110641449689865,
   0.24169783294200897,
   0.22798100113868713,
   0.22365717589855194,
   0.21775230765342712,
   0.22730454802513123,
   0.23506441712379456,
   0.22395949065685272,
   0.2260633409023285,
   0.21106886863708496,
   0.24227499961853027,
   0.2300076186656952,
   0.2624659538269043,
   0.3010401725769043,
   0.31573817133903503,
   0.250721275806427,
   0.30574101209640503,
   0.3350578546524048,
   0.34362658858299255,
   0.3133869469165802,
   0.3418462872505188,
   0.35117411613464355,
   0.3988998532295227,
   0.3362669348716736,
   0.3621123433113098,
   0.35537827014923096,
   0.3760751783847809,
   0.3462052047252655,
   0.35911107063293457,
   0.3557649254798889,
   0.3465646207332611,
   0.34657564759254456,
   0.3420681357383728,
   0.3548022508621216,
   0.37527382373809814,
   0.32415029406547546,
   0.3366618752479553,
   0.3818032741546631,
   0.37231892347335815,
   0.3927004337310791,
   0.399407297372818,
   0.382084459066391,
   0.33566662669181824,
   0.30370718240737915,
   0.3067130446434021,
   0.32037514448165894,
   0.36614933609962463,
   0.3532673120498657,
   0.342558890581131,
   0.3176949620246887,
   0.3681570887565613,
   0.3335936665534973,
   0.40096625685691833,
   0.3833315670490265,
   0.39824286103248596,
   0.38610216975212097,
   0.4312906265258789,
   0.363677442073822,
   0.42607393860816956,
   0.4329907298088074
  ],