{
 "position": 35,
 "sequence_aa": "I",
 "substrate_file": "/home/dbrayjr5/esm2-osc/esm2_substrate_facebook_esm2_t33_650M_UR50D/substrate.npz",
 "n_sublayers": 62,
 "n_units": 1280,
 "validity_floor": {
  "quantile": 0.1,
  "absolute_value": 2.7328476905822754,
  "n_valid_cells": 71424,
  "n_total_cells": 79360,
  "fraction_valid": 0.9
 },
 "depth_profiles": {
  "amp_modulation_mean": [
   1.1680794954299927,
   1.1281639337539673,
   1.1458290815353394,
   1.104311227798462,
   1.1251804828643799,
   1.1049435138702393,
   1.1038175821304321,
   1.0855417251586914,
   1.086071252822876,
   1.0747143030166626,
   1.0883128643035889,
   1.069875717163086,
   1.09221351146698,
   1.0820589065551758,
   1.1209218502044678,
   1.1049575805664062,
   1.0881162881851196,
   1.0867372751235962,
   1.1033462285995483,
   1.1071993112564087,
   1.1285502910614014,
   1.1116571426391602,
   1.0985205173492432,
   1.0981886386871338,
   1.1432050466537476,
   1.1283855438232422,
   1.1464743614196777,
   1.1356998682022095,
   1.0799767971038818,
   1.0693283081054688,
   1.0073262453079224,
   0.9828742742538452,
   0.9753502011299133,
   0.9452940225601196,
   0.9526450037956238,
   0.9514382481575012,
   0.9398806691169739,
   0.9227811694145203,
   0.9692918658256531,
   0.9805046319961548,
   0.9793105125427246,
   0.982338547706604,
   1.0035313367843628,
   1.0028737783432007,
   1.0472054481506348,
   1.0925195217132568,
   1.0443003177642822,
   1.047997236251831,
   1.0700266361236572,
   1.0573337078094482,
   1.0504066944122314,
   1.0667206048965454,
   1.1267658472061157,
   1.1848526000976562,
   1.1252670288085938,
   1.0990259647369385,
   1.1302493810653687,
   1.1490272283554077,
   1.1196099519729614,
   1.14669668674469,
   1.148506760597229,
   1.1543033123016357
  ],
  "amp_modulation_mean_valid_only": [
   1.1680794954299927,
   1.1281639337539673,
   1.1458290815353394,
   1.104311227798462,
   1.1251804828643799,
   1.1050254106521606,
   1.1038175821304321,
   1.082404375076294,
   1.0851362943649292,
   1.0525941848754883,
   1.0727335214614868,
   1.0617105960845947,
   1.0907937288284302,
   1.1102712154388428,
   1.147294282913208,
   1.1293715238571167,
   1.0816967487335205,
   1.0807379484176636,
   1.0846500396728516,
   1.0860413312911987,
   1.1168696880340576,
   1.1084274053573608,
   1.0985205173492432,
   1.0981886386871338,
   1.1432050466537476,
   1.1283855438232422,
   1.1464743614196777,
   1.1356998682022095,
   1.0799767971038818,
   1.0693283081054688,
   1.0073262453079224,
   0.9828742742538452,
   0.9753502011299133,
   0.9452940225601196,
   0.9526450037956238,
   0.9514382481575012,
   0.9398806691169739,
   0.9227811694145203,
   0.9692918658256531,
   0.9805046319961548,
   0.9793105125427246,
   0.982338547706604,
   1.0035313367843628,
   1.0028737783432007,
   1.0472054481506348,
   1.0925195217132568,
   1.0443003177642822,
   1.047997236251831,
   1.0700266361236572,
   1.0573337078094482,
   1.0504066944122314,
   1.0667206048965454,
   1.1267658472061157,
   1.1848526000976562,
   1.1252670288085938,
   1.0990259647369385,
   1.1302493810653687,
   1.1490272283554077,
   1.1196099519729614,
   1.14669668674469,
   1.148506760597229,
   1.1543033123016357
  ],
  "phase_consistency_across_units": [
   0.01458373200148344,
   0.008755340240895748,
   0.016398118808865547,
   0.025011416524648666,
   0.013042686507105827,
   0.036122359335422516,
   0.026871269568800926,
   0.036165446043014526,
   0.028715329244732857,
   0.030477847903966904,
   0.03403399884700775,
   0.031202953308820724,
   0.02850324846804142,
   0.02054203487932682,
   0.025756506249308586,
   0.009815514087677002,
   0.025029746815562248,
   0.02487150952219963,
   0.027017347514629364,
   0.021317243576049805,
   0.02112487331032753,
   0.03561480715870857,
   0.015987083315849304,
   0.020022403448820114,
   0.01250594761222601,
   0.013272705487906933,
   0.03149431571364403,
   0.03763476014137268,
   0.015575142577290535,
   0.019217923283576965,
   0.013196252286434174,
   0.017351683229207993,
   0.01659717597067356,
   0.027590343728661537,
   0.01749078370630741,
   0.018455609679222107,
   0.012886092066764832,
   0.019192153587937355,
   0.011324144899845123,
   0.006182392127811909,
   0.008587999269366264,
   0.013286886736750603,
   0.014017581939697266,
   0.009620249271392822,
   0.010821766220033169,
   0.008322321809828281,
   0.0061352127231657505,
   0.013777014799416065,
   0.00905110314488411,
   0.0187859944999218,
   0.01003248430788517,
   0.008504089899361134,
   0.013397224247455597,
   0.015040839090943336,
   0.01315495278686285,
   0.013748861849308014,
   0.0036147930659353733,
   0.00477032084017992,
   0.017376217991113663,
   0.007874262519180775,
   0.01041254960000515,
   0.012399159371852875
  ],
  "freq_mean": [
   0.16708143055438995,
   0.039572589099407196,
   0.1587192714214325,
   0.05535626411437988,
   0.19563028216362,
   0.05776127427816391,
   0.1733607053756714,
   0.050870638340711594,
   0.10365255177021027,
   0.0781802088022232,
   0.12451960891485214,
   0.06865297257900238,
   0.12159068882465363,
   0.1138208881020546,
   0.21160288155078888,
   0.08329601585865021,
   0.15704910457134247,
   0.1254604607820511,
   0.22756318747997284,
   0.14154331386089325,
   0.2249699831008911,
   0.1369364708662033,
   0.22083178162574768,
   0.16123154759407043,
   0.25974494218826294,
   0.17435717582702637,
   0.2804500162601471,
   0.172212153673172,
   0.2115597426891327,
   0.2021438330411911,
   0.19468924403190613,
   0.19223280251026154,
   0.17830170691013336,
   0.18844224512577057,
   0.2010708600282669,
   0.19292904436588287,
   0.14320071041584015,
   0.18085932731628418,
   0.22689881920814514,
   0.17273303866386414,
   0.2115234136581421,
   0.21071374416351318,
   0.23553696274757385,
   0.22311708331108093,
   0.2799009084701538,
   0.25035449862480164,
   0.21513333916664124,
   0.25113049149513245,
   0.2592039704322815,
   0.17524127662181854,
   0.244768887758255,
   0.18909767270088196,
   0.31837645173072815,
   0.27502089738845825,
   0.2542192041873932,
   0.18356721103191376,
   0.3657059669494629,
   0.21879538893699646,
   0.333867609500885,
   0.20396581292152405,
   0.5368887186050415
  ],
  "freq_deviation_abs_mean": [
   0.35308557748794556,
   0.23524513840675354,
   0.27557381987571716,
   0.2656477093696594,
   0.2669089436531067,
   0.26949062943458557,
   0.2552792429924011,
   0.27364465594291687,
   0.2424899786710739,
   0.23408086597919464,
   0.2223835289478302,
   0.2477763146162033,
   0.24621614813804626,
   0.2923707067966461,
   0.3161098062992096,
   0.34171414375305176,
   0.2781762480735779,
   0.35114413499832153,
   0.3485570549964905,
   0.3871982991695404,
   0.37006431818008423,
   0.40352708101272583,
   0.3720511794090271,
   0.41988974809646606,
   0.36641836166381836,
   0.38929471373558044,
   0.36857324838638306,
   0.38790324330329895,
   0.3446747660636902,
   0.3474508821964264,
   0.35432329773902893,
   0.3570036292076111,
   0.3658718168735504,
   0.3379136025905609,
   0.3322526812553406,
   0.3561014235019684,
   0.34683066606521606,
   0.37659212946891785,
   0.3800952434539795,
   0.37203532457351685,
   0.34590277075767517,
   0.3527839481830597,
   0.3645404875278473,
   0.39707881212234497,
   0.41245731711387634,
   0.3801115155220032,
   0.3660149574279785,
   0.3965722620487213,
   0.39339014887809753,
   0.4282209873199463,
   0.3657469153404236,
   0.42052167654037476,
   0.4455401301383972,
   0.4566265046596527,
   0.39299339056015015,
   0.4327326714992523,
   0.3963324725627899,
   0.44883760809898376,
   0.40956345200538635,
   0.4926127791404724,
   0.44504493474960327
  ],