{
 "position": 40,
 "sequence_aa": "Q",
 "substrate_file": "/Users/djbray/Desktop/esm2/esm2_substrate_facebook_esm2_t33_650M_UR50D/substrate.npz",
 "n_sublayers": 62,
 "n_units": 1280,
 "depth_profiles": {
  "amp_mean": [
   12.899667739868164,
   7.198687553405762,
   7.2568159103393555,
   5.695598602294922,
   5.707525253295898,
   4.886519432067871,
   4.891574859619141,
   4.39120626449585,
   4.415159702301025,
   4.098412990570068,
   4.151442527770996,
   3.933129072189331,
   4.04091215133667,
   3.8758552074432373,
   4.116730690002441,
   4.011303901672363,
   4.0569167137146,
   4.008440971374512,
   4.24512243270874,
   4.201729774475098,
   4.428027153015137,
   4.409736633300781,
   4.850140571594238,
   4.89335823059082,
   4.82072639465332,
   5.064141750335693,
   4.934706211090088,
   5.154437065124512,
   5.08181619644165,
   4.912750244140625,
   5.027998924255371,
   4.984738349914551,
   5.034552097320557,
   5.094038963317871,
   5.200963020324707,
   5.485046863555908,
   5.427038669586182,
   5.522027492523193,
   5.5418219566345215,
   5.952794551849365,
   5.929325103759766,
   6.255928039550781,
   6.39263391494751,
   6.451362609863281,
   6.773809909820557,
   6.8252763748168945,
   6.803154945373535,
   7.131979465484619,
   7.283175468444824,
   7.376683235168457,
   7.5342254638671875,
   7.533886909484863,
   7.9590349197387695,
   7.939384460449219,
   8.053500175476074,
   8.092750549316406,
   8.313766479492188,
   8.699010848999023,
   9.073880195617676,
   10.056620597839355,
   10.618191719055176,
   14.856335639953613
  ],
  "amp_modulation_mean": [
   1.5073964595794678,
   1.5269371271133423,
   1.5109800100326538,
   1.498257040977478,
   1.4887840747833252,
   1.4736113548278809,
   1.4566631317138672,
   1.4500114917755127,
   1.4458496570587158,
   1.4383974075317383,
   1.4276351928710938,
   1.4228771924972534,
   1.43435800075531,
   1.4205710887908936,
   1.4595344066619873,
   1.4635465145111084,
   1.4192990064620972,
   1.4329373836517334,
   1.4170429706573486,
   1.4256272315979004,
   1.4491854906082153,
   1.434448003768921,
   1.4849170446395874,
   1.483182668685913,
   1.42525315284729,
   1.4514920711517334,
   1.3952875137329102,
   1.3980448246002197,
   1.3801226615905762,
   1.3029413223266602,
   1.3027055263519287,
   1.2420933246612549,
   1.2639899253845215,
   1.2322018146514893,
   1.2598248720169067,
   1.308931589126587,
   1.2703726291656494,
   1.2540850639343262,
   1.2440450191497803,
   1.3280611038208008,
   1.3151544332504272,
   1.3694219589233398,
   1.3780044317245483,
   1.366344690322876,
   1.4179788827896118,
   1.42556893825531,
   1.4007688760757446,
   1.4670851230621338,
   1.4720274209976196,
   1.4897868633270264,
   1.4746296405792236,
   1.4710521697998047,
   1.5167512893676758,
   1.5011003017425537,
   1.4725812673568726,
   1.447117567062378,
   1.4310344457626343,
   1.425814151763916,
   1.4181417226791382,
   1.4642711877822876,
   1.4497041702270508,
   1.4594688415527344
  ],
  "phase_consistency_across_units": [
   0.02506350912153721,
   0.020048562437295914,
   0.019527411088347435,
   0.015107497572898865,
   0.010803597047924995,
   0.02520439587533474,
   0.015867216512560844,
   0.023982161656022072,
   0.013306760229170322,
   0.014620086178183556,
   0.016494423151016235,
   0.014266133308410645,
   0.015267961658537388,
   0.013755097053945065,
   0.01923651061952114,
   0.008555170148611069,
   0.0189822968095541,
   0.027229711413383484,
   0.019815029576420784,
   0.01927267760038376,
   0.014115525409579277,
   0.02221674658358097,
   0.012239139527082443,
   0.02260918915271759,
   0.02385476417839527,
   0.0250526312738657,
   0.017661577090620995,
   0.022217338904738426,
   0.025264764204621315,
   0.012683344073593616,
   0.0004424439393915236,
   0.01841607131063938,
   0.023292724043130875,
   0.016753261908888817,
   0.004164563026279211,
   0.008658467791974545,
   0.010708416812121868,
   0.009223119355738163,
   0.008895727805793285,
   0.007779689505696297,
   0.015111580491065979,
   0.02094423398375511,
   0.010997550562024117,
   0.0075327507220208645,
   0.01428466197103262,
   0.012778314761817455,
   0.015546566806733608,
   0.008113235235214233,
   0.007213235832750797,
   0.011458318680524826,
   0.013193388469517231,
   0.012805124744772911,
   0.006489337421953678,
   0.006739908363670111,
   0.020838089287281036,
   0.014740395359694958,
   0.009713001549243927,
   0.014504382386803627,
   0.012839791364967823,
   0.00466156704351306,
   0.021682972088456154,
   0.02575681358575821
  ],
  "freq_mean": [
   0.16599944233894348,
   0.029678458347916603,
   0.131097674369812,
   0.05334826186299324,
   0.12271430343389511,
   0.0565427765250206,
   0.1268530637025833,
   0.05497618764638901,
   0.098923459649086,
   0.06730543822050095,
   0.1050732284784317,
   0.08503802865743637,
   0.09859953075647354,
   0.06383698433637619,
   0.19396449625492096,
   0.06704081594944,
   0.12360914796590805,
   0.08743076026439667,
   0.15982887148857117,
   0.09250373393297195,
   0.17029568552970886,
   0.08790542930364609,
   0.29165738821029663,
   0.1199195384979248,
   0.21738262474536896,
   0.15654893219470978,
   0.19935476779937744,
   0.22254523634910583,
   0.15559692680835724,
   0.1606801450252533,
   0.20025959610939026,
   0.16086046397686005,
   0.19444718956947327,
   0.14889054000377655,
   0.21986761689186096,
   0.19884541630744934,
   0.17343389987945557,
   0.16049951314926147,
   0.19943547248840332,
   0.22605256736278534,
   0.1867392212152481,
   0.24683859944343567,
   0.18768659234046936,
   0.20536832511425018,
   0.24384668469429016,
   0.1871916949748993,
   0.22421324253082275,
   0.230208158493042,
   0.2059253454208374,
   0.24188263714313507,
   0.20434880256652832,
   0.22703704237937927,
   0.26390114426612854,
   0.21860018372535706,
   0.2390241175889969,
   0.16591902077198029,
   0.24694447219371796,
   0.16068172454833984,
   0.29607439041137695,
   0.18057319521903992,
   0.46868401765823364
  ],
  "freq_deviation_abs_mean": [
   0.2868865132331848,
   0.1785692274570465,
   0.2028336077928543,
   0.19284024834632874,
   0.20668992400169373,
   0.21481530368328094,
   0.19923625886440277,
   0.2092757672071457,
   0.19337210059165955,
   0.21276196837425232,
   0.2129869908094406,
   0.2158849686384201,
   0.19647446274757385,
   0.2567713260650635,
   0.2685757279396057,
   0.3003128468990326,
   0.22221556305885315,
   0.27538272738456726,
   0.28236860036849976,
   0.30970072746276855,
   0.30221128463745117,
   0.3573535978794098,
   0.3232937753200531,
   0.3729969561100006,
   0.32698675990104675,
   0.35964101552963257,
   0.33560749888420105,
   0.34682098031044006,
   0.3475464880466461,
   0.35058245062828064,
   0.34263959527015686,
   0.3386666774749756,
   0.315278023481369,
   0.33145883679389954,
   0.3275381326675415,
   0.35522836446762085,
   0.34960871934890747,
   0.36006778478622437,
   0.33932313323020935,
   0.3277566730976105,
   0.3563540279865265,
   0.3582809269428253,
   0.36576589941978455,
   0.35602784156799316,
   0.3605216145515442,
   0.352929025888443,
   0.3549157679080963,
   0.37434667348861694,
   0.3720265328884125,
   0.348930299282074,
   0.36128902435302734,
   0.3588562309741974,
   0.36975544691085815,
   0.3692186772823334,
   0.3723597526550293,
   0.35720914602279663,
   0.3362014889717102,
   0.3790244162082672,
   0.3511224389076233,
   0.39764881134033203,
   0.38634973764419556
  ]
 },
 "top_units_by_amp_modulation_max": [
  {
   "unit": 996,
   "max_amp_mod": 6.220698356628418,
   "argmax_sublayer": 0
  },
  {
   "unit": 922,
   "max_amp_mod": 6.066542625427246,
   "argmax_sublayer": 0
  },
  {
   "unit": 999,
   "max_amp_mod": 5.725113391876221,
   "argmax_sublayer": 22
  },
  {
   "unit": 325,
   "max_amp_mod": 5.670766830444336,
   "argmax_sublayer": 54
  },
  {
   "unit": 87,
   "max_amp_mod": 5.502403259277344,