{
 "position": 44,
 "sequence_aa": "F",
 "substrate_file": "/home/dbrayjr5/esm2-osc/esm2_substrate_facebook_esm2_t33_650M_UR50D/substrate.npz",
 "n_sublayers": 62,
 "n_units": 1280,
 "validity_floor": {
  "quantile": 0.1,
  "absolute_value": 2.7328476905822754,
  "n_valid_cells": 71424,
  "n_total_cells": 79360,
  "fraction_valid": 0.9
 },
 "depth_profiles": {
  "amp_modulation_mean": [
   1.4416420459747314,
   1.4160254001617432,
   1.4213241338729858,
   1.3888717889785767,
   1.4005720615386963,
   1.3767824172973633,
   1.3718513250350952,
   1.351531744003296,
   1.3589847087860107,
   1.3439463376998901,
   1.3392049074172974,
   1.3340463638305664,
   1.3361189365386963,
   1.3238779306411743,
   1.3369369506835938,
   1.3266903162002563,
   1.3283143043518066,
   1.3268506526947021,
   1.3356999158859253,
   1.3326215744018555,
   1.328173279762268,
   1.3191907405853271,
   1.3982518911361694,
   1.4151344299316406,
   1.3770010471343994,
   1.3588966131210327,
   1.2980960607528687,
   1.2650998830795288,
   1.2577450275421143,
   1.2159984111785889,
   1.2394119501113892,
   1.2173693180084229,
   1.2026498317718506,
   1.1721343994140625,
   1.1704155206680298,
   1.1970258951187134,
   1.2318754196166992,
   1.2378818988800049,
   1.223335862159729,
   1.2429406642913818,
   1.2352561950683594,
   1.2558962106704712,
   1.279585599899292,
   1.2736260890960693,
   1.2747818231582642,
   1.2957178354263306,
   1.2883937358856201,
   1.285416841506958,
   1.307938814163208,
   1.334251046180725,
   1.3254923820495605,
   1.3981090784072876,
   1.4051069021224976,
   1.4366841316223145,
   1.4407888650894165,
   1.444795846939087,
   1.4717909097671509,
   1.498567819595337,
   1.490722417831421,
   1.447522521018982,
   1.4472239017486572,
   1.4325653314590454
  ],
  "amp_modulation_mean_valid_only": [
   1.4416420459747314,
   1.4160254001617432,
   1.4213241338729858,
   1.3888717889785767,
   1.4005720615386963,
   1.374242901802063,
   1.3718513250350952,
   1.3230228424072266,
   1.339742660522461,
   1.2995072603225708,
   1.309602975845337,
   1.2464027404785156,
   1.273147463798523,
   1.2375333309173584,
   1.2904759645462036,
   1.2749745845794678,
   1.2855074405670166,
   1.2725194692611694,
   1.322568416595459,
   1.3224773406982422,
   1.3209766149520874,
   1.320444107055664,
   1.3982518911361694,
   1.4151344299316406,
   1.3770010471343994,
   1.3588966131210327,
   1.2980960607528687,
   1.2650998830795288,
   1.2577450275421143,
   1.2159984111785889,
   1.2394119501113892,
   1.2173693180084229,
   1.2026498317718506,
   1.1721343994140625,
   1.1704155206680298,
   1.1970258951187134,
   1.2318754196166992,
   1.2378818988800049,
   1.223335862159729,
   1.2429406642913818,
   1.2352561950683594,
   1.2558962106704712,
   1.279585599899292,
   1.2736260890960693,
   1.2747818231582642,
   1.2957178354263306,
   1.2883937358856201,
   1.285416841506958,
   1.307938814163208,
   1.334251046180725,
   1.3254923820495605,
   1.3981090784072876,
   1.4051069021224976,
   1.4366841316223145,
   1.4407888650894165,
   1.444795846939087,
   1.4717909097671509,
   1.498567819595337,
   1.490722417831421,
   1.447522521018982,
   1.4472239017486572,
   1.4325653314590454
  ],
  "phase_consistency_across_units": [
   0.013558621518313885,
   0.01677001267671585,
   0.020515693351626396,
   0.03682742267847061,
   0.021243318915367126,
   0.04563159868121147,
   0.03173267841339111,
   0.05183535814285278,
   0.03555626794695854,
   0.03356679901480675,
   0.03085372783243656,
   0.029866356402635574,
   0.028575293719768524,
   0.028193505480885506,
   0.030392538756132126,
   0.0312056802213192,
   0.028689097613096237,
   0.03517518192529678,
   0.025642890483140945,
   0.035439640283584595,
   0.026030588895082474,
   0.038102827966213226,
   0.01957721635699272,
   0.014942253939807415,
   0.016025640070438385,
   0.026582542806863785,
   0.02497750334441662,
   0.019693434238433838,
   0.007964042946696281,
   0.004445800557732582,
   0.0037787691690027714,
   0.0035535271745175123,
   0.0038645565509796143,
   0.005231517367064953,
   0.012594359926879406,
   0.01619180664420128,
   0.019563214853405952,
   0.004302026238292456,
   0.007526995148509741,
   0.0014275129651650786,
   0.009428015910089016,
   0.005844316445291042,
   0.00413560913875699,
   0.007237028796225786,
   0.001464596251025796,
   0.004373788367956877,
   0.015389771200716496,
   0.011907314881682396,
   0.01040866132825613,
   0.010201677680015564,
   0.014611640945076942,
   0.009940105490386486,
   0.006615155842155218,
   0.01696879230439663,
   0.010265795513987541,
   0.010671143420040607,
   0.016911784186959267,
   0.024283891543745995,
   0.013984561897814274,
   0.00936936680227518,
   0.010301903821527958,
   0.012789597734808922
  ],
  "freq_mean": [
   0.15850815176963806,
   0.010946422815322876,
   0.15714038908481598,
   0.039935726672410965,
   0.1441703736782074,
   0.04428042843937874,
   0.1317010372877121,
   0.051490508019924164,
   0.11512462794780731,
   0.04501279070973396,
   0.12741322815418243,
   0.06845138967037201,
   0.11576954275369644,
   0.08436954766511917,
   0.14977338910102844,
   0.07008971273899078,
   0.1207210049033165,
   0.09733055531978607,
   0.19852909445762634,
   0.10792548954486847,
   0.158448725938797,
   0.08728732913732529,
   0.28440386056900024,
   0.16040495038032532,
   0.2324177473783493,
   0.16450235247612,
   0.19910462200641632,
   0.1989823877811432,
   0.17383027076721191,
   0.16488590836524963,
   0.2429882287979126,
   0.19057056307792664,
   0.20024415850639343,
   0.15982550382614136,
   0.15435214340686798,
   0.1801951378583908,
   0.21593943238258362,
   0.2104809582233429,
   0.2145790159702301,
   0.17887263000011444,
   0.19945600628852844,
   0.22656163573265076,
   0.22856390476226807,
   0.2240128070116043,
   0.21436254680156708,
   0.21072712540626526,
   0.18366502225399017,
   0.21410539746284485,
   0.21928735077381134,
   0.17680343985557556,
   0.2452944815158844,
   0.2551809251308441,
   0.25560203194618225,
   0.25579944252967834,
   0.2687460780143738,
   0.24513983726501465,
   0.3319169282913208,
   0.27425628900527954,
   0.3310295045375824,
   0.21768108010292053,
   0.5160229206085205
  ],
  "freq_deviation_abs_mean": [
   0.3111007809638977,
   0.1947745978832245,
   0.2264672815799713,
   0.22578421235084534,
   0.22790078818798065,
   0.2158288210630417,
   0.2104063481092453,
   0.2201281487941742,
   0.19378940761089325,
   0.23370417952537537,
   0.22232899069786072,
   0.23255619406700134,
   0.2069522887468338,
   0.2530604302883148,
   0.2614218294620514,
   0.2826079726219177,
   0.27360373735427856,
   0.29901471734046936,
   0.3323940634727478,
   0.379733145236969,
   0.33329716324806213,
   0.3565593361854553,
   0.3325788080692291,
   0.38041144609451294,
   0.33405783772468567,
   0.34959855675697327,
   0.3265381455421448,
   0.34590235352516174,
   0.33993011713027954,
   0.3400987982749939,
   0.36555227637290955,
   0.3505244851112366,
   0.31951314210891724,
   0.33724111318588257,
   0.3434688150882721,
   0.36444517970085144,
   0.36965280771255493,
   0.3649304509162903,
   0.34785690903663635,
   0.3598989248275757,
   0.36958077549934387,
   0.3952365815639496,
   0.40841546654701233,
   0.3748140335083008,
   0.36279529333114624,
   0.36567968130111694,
   0.36965399980545044,
   0.3646973967552185,
   0.3683220446109772,
   0.3949841856956482,
   0.4012017250061035,
   0.39431232213974,
   0.39025235176086426,
   0.41454917192459106,
   0.4079360365867615,
   0.4450380206108093,
   0.4435500204563141,
   0.433519184589386,
   0.4026249051094055,
   0.444918155670166,
   0.42004361748695374
  ],