{
 "position": 75,
 "sequence_aa": "G",
 "substrate_file": "/home/dbrayjr5/esm2-osc/esm2_substrate_facebook_esm2_t33_650M_UR50D/substrate.npz",
 "n_sublayers": 62,
 "n_units": 1280,
 "validity_floor": {
  "quantile": 0.1,
  "absolute_value": 2.7328476905822754,
  "n_valid_cells": 71424,
  "n_total_cells": 79360,
  "fraction_valid": 0.9
 },
 "depth_profiles": {
  "amp_modulation_mean": [
   1.1356099843978882,
   1.145676612854004,
   1.1326358318328857,
   1.132068395614624,
   1.1307696104049683,
   1.126265287399292,
   1.1222277879714966,
   1.1202647686004639,
   1.1283296346664429,
   1.1263446807861328,
   1.1182175874710083,
   1.1259973049163818,
   1.1165456771850586,
   1.1245208978652954,
   1.1304047107696533,
   1.1334044933319092,
   1.1040449142456055,
   1.1092065572738647,
   1.1013950109481812,
   1.0932633876800537,
   1.1161187887191772,
   1.0983351469039917,
   1.1072015762329102,
   1.1315183639526367,
   1.1148217916488647,
   1.0966695547103882,
   1.0744061470031738,
   1.045934796333313,
   1.0496091842651367,
   1.0624744892120361,
   1.0315790176391602,
   1.0223000049591064,
   1.0107313394546509,
   1.0104236602783203,
   1.0155260562896729,
   1.0283666849136353,
   1.0259273052215576,
   1.017650842666626,
   1.0468976497650146,
   1.1252480745315552,
   1.1086812019348145,
   1.1164629459381104,
   1.1044731140136719,
   1.0664761066436768,
   1.0562264919281006,
   1.0539543628692627,
   1.0760266780853271,
   1.0819308757781982,
   1.0984091758728027,
   1.1442574262619019,
   1.181753396987915,
   1.1807893514633179,
   1.1582971811294556,
   1.1594209671020508,
   1.1685874462127686,
   1.1527879238128662,
   1.1342928409576416,
   1.1197736263275146,
   1.1485469341278076,
   1.1805310249328613,
   1.1537721157073975,
   1.128994107246399
  ],
  "amp_modulation_mean_valid_only": [
   1.1356099843978882,
   1.145676612854004,
   1.1326358318328857,
   1.132068395614624,
   1.1307696104049683,
   1.1258846521377563,
   1.1222277879714966,
   1.1112748384475708,
   1.1276142597198486,
   1.123337745666504,
   1.106119990348816,
   1.1201847791671753,
   1.1199896335601807,
   1.1504660844802856,
   1.135002851486206,
   1.1574769020080566,
   1.1008026599884033,
   1.119872808456421,
   1.096117377281189,
   1.0942628383636475,
   1.1196764707565308,
   1.0886142253875732,
   1.1072015762329102,
   1.1315183639526367,
   1.1148217916488647,
   1.0966695547103882,
   1.0744061470031738,
   1.045934796333313,
   1.0496091842651367,
   1.0624744892120361,
   1.0315790176391602,
   1.0223000049591064,
   1.0107313394546509,
   1.0104236602783203,
   1.0155260562896729,
   1.0283666849136353,
   1.0259273052215576,
   1.017650842666626,
   1.0468976497650146,
   1.1252480745315552,
   1.1086812019348145,
   1.1164629459381104,
   1.1044731140136719,
   1.0664761066436768,
   1.0562264919281006,
   1.0539543628692627,
   1.0760266780853271,
   1.0819308757781982,
   1.0984091758728027,
   1.1442574262619019,
   1.181753396987915,
   1.1807893514633179,
   1.1582971811294556,
   1.1594209671020508,
   1.1685874462127686,
   1.1527879238128662,
   1.1342928409576416,
   1.1197736263275146,
   1.1485469341278076,
   1.1805310249328613,
   1.1537721157073975,
   1.128994107246399
  ],
  "phase_consistency_across_units": [
   0.021802572533488274,
   0.030155586078763008,
   0.021001048386096954,
   0.04150131717324257,
   0.028973547741770744,
   0.050738994032144547,
   0.03891470655798912,
   0.04592167213559151,
   0.04174394533038139,
   0.04834156483411789,
   0.04736940562725067,
   0.05068923532962799,
   0.04533413425087929,
   0.0338987335562706,
   0.0392628014087677,
   0.007452202495187521,
   0.040721554309129715,
   0.018898991867899895,
   0.03266153112053871,
   0.020891662687063217,
   0.017951959744095802,
   0.031629178673028946,
   0.02995576709508896,
   0.024257007986307144,
   0.029615726321935654,
   0.030930835753679276,
   0.028058914467692375,
   0.02437731623649597,
   0.02311823144555092,
   0.013848910108208656,
   0.005002821795642376,
   0.01507535483688116,
   0.008818594738841057,
   0.01411491446197033,
   0.01118497271090746,
   0.035841796547174454,
   0.025920264422893524,
   0.025054341182112694,
   0.018969902768731117,
   0.014384498819708824,
   0.009500877000391483,
   0.016439717262983322,
   0.01689201593399048,
   0.024122687056660652,
   0.023733394220471382,
   0.02131490595638752,
   0.02713162824511528,
   0.025155680254101753,
   0.0142087796702981,
   0.024410037323832512,
   0.018014634028077126,
   0.0059742103330791,
   0.018987832590937614,
   0.017037536948919296,
   0.021570254117250443,
   0.020772380754351616,
   0.027503803372383118,
   0.010357445105910301,
   0.020192371681332588,
   0.021295269951224327,
   0.020814068615436554,
   0.016373157501220703
  ],
  "freq_mean": [
   0.15295040607452393,
   0.03628344088792801,
   0.140801340341568,
   0.05808975547552109,
   0.13232402503490448,
   0.06897807121276855,
   0.1480683982372284,
   0.08069279789924622,
   0.14977264404296875,
   0.06574294716119766,
   0.13168726861476898,
   0.07983338832855225,
   0.1091756820678711,
   0.10264990478754044,
   0.17097310721874237,
   0.13102693855762482,
   0.12033490091562271,
   0.09821823984384537,
   0.17735382914543152,
   0.11669638007879257,
   0.19496098160743713,
   0.11045875400304794,
   0.2583053708076477,
   0.18418177962303162,
   0.23570823669433594,
   0.1587376445531845,
   0.1933400183916092,
   0.15045469999313354,
   0.2076863795518875,
   0.17992240190505981,
   0.19181089103221893,
   0.18930253386497498,
   0.18936534225940704,
   0.20073577761650085,
   0.18813613057136536,
   0.21312832832336426,
   0.19164183735847473,
   0.166019469499588,
   0.2514370381832123,
   0.2639656066894531,
   0.22078685462474823,
   0.24741049110889435,
   0.20190434157848358,
   0.2149278223514557,
   0.19751353561878204,
   0.21070262789726257,
   0.21144895255565643,
   0.225355863571167,
   0.21819312870502472,
   0.28749459981918335,
   0.2704412043094635,
   0.26742982864379883,
   0.24292750656604767,
   0.22617097198963165,
   0.2806868553161621,
   0.21762117743492126,
   0.2691499590873718,
   0.21093447506427765,
   0.41321173310279846,
   0.21138517558574677,
   0.5342459678649902
  ],
  "freq_deviation_abs_mean": [
   0.343818724155426,
   0.22622725367546082,
   0.2477593868970871,
   0.2561231255531311,
   0.23397628962993622,
   0.2545028030872345,
   0.24433593451976776,
   0.24336650967597961,
   0.2559036314487457,
   0.25018423795700073,
   0.22354523837566376,
   0.24500656127929688,
   0.2414855659008026,
   0.28711336851119995,
   0.32465440034866333,
   0.3241918087005615,
   0.2742641270160675,
   0.31100577116012573,
   0.313371479511261,
   0.3649900555610657,
   0.3420940339565277,
   0.3735571503639221,
   0.3657723665237427,
   0.3928413391113281,
   0.3741568624973297,
   0.35724201798439026,
   0.3435109555721283,
   0.35392481088638306,
   0.35550838708877563,
   0.366209477186203,
   0.34475642442703247,
   0.35771995782852173,
   0.3534349799156189,
   0.3458344638347626,
   0.3545352518558502,
   0.39106374979019165,
   0.37303274869918823,
   0.358029305934906,
   0.366880863904953,
   0.38978663086891174,
   0.374420166015625,
   0.36459049582481384,
   0.3843262195587158,
   0.36364445090293884,
   0.34350067377090454,
   0.345954030752182,
   0.3691616654396057,
   0.37890762090682983,
   0.397342711687088,
   0.39916133880615234,
   0.4202679693698883,
   0.40442579984664917,
   0.38892731070518494,
   0.3908658027648926,
   0.3773818016052246,
   0.40271109342575073,
   0.3981103301048279,
   0.43344324827194214,
   0.397075891494751,
   0.5259336233139038,
   0.48515811562538147
  ],