{
 "position": 66,
 "sequence_aa": "L",
 "substrate_file": "/Users/djbray/Desktop/esm2/esm2_substrate_facebook_esm2_t33_650M_UR50D/substrate.npz",
 "n_sublayers": 62,
 "n_units": 1280,
 "depth_profiles": {
  "amp_mean": [
   12.415445327758789,
   7.138740539550781,
   7.2366180419921875,
   5.7715253829956055,
   5.8182373046875,
   5.028502464294434,
   5.0974249839782715,
   4.633369445800781,
   4.692624092102051,
   4.3734025955200195,
   4.42270040512085,
   4.259198188781738,
   4.3357648849487305,
   4.268792629241943,
   4.447469234466553,
   4.284397125244141,
   4.526139259338379,
   4.420260906219482,
   4.563762664794922,
   4.639401435852051,
   4.7530517578125,
   4.873661994934082,
   5.319472312927246,
   5.662677764892578,
   5.328865051269531,
   5.356871128082275,
   5.716279029846191,
   6.368403434753418,
   6.085916996002197,
   5.898410797119141,
   6.02899694442749,
   6.105007648468018,
   5.918656349182129,
   5.587639808654785,
   5.62058687210083,
   5.449398040771484,
   5.475993633270264,
   5.286185264587402,
   5.5459818840026855,
   5.806658744812012,
   5.723239898681641,
   5.68498420715332,
   6.062996864318848,
   6.439509391784668,
   6.575406551361084,
   6.420739650726318,
   6.511813163757324,
   6.723061561584473,
   6.502444267272949,
   6.430854797363281,
   6.680964469909668,
   6.747567176818848,
   6.902336120605469,
   7.0674238204956055,
   7.185905456542969,
   7.415818691253662,
   7.7642059326171875,
   8.465337753295898,
   8.750269889831543,
   9.659126281738281,
   9.928716659545898,
   14.0216703414917
  ],
  "amp_modulation_mean": [
   1.4359078407287598,
   1.5031410455703735,
   1.495659589767456,
   1.5080188512802124,
   1.5099278688430786,
   1.507812738418579,
   1.510472059249878,
   1.523728370666504,
   1.5314785242080688,
   1.5304008722305298,
   1.5166785717010498,
   1.5371134281158447,
   1.5360620021820068,
   1.5630229711532593,
   1.5740506649017334,
   1.5615413188934326,
   1.582289695739746,
   1.5784348249435425,
   1.5256625413894653,
   1.5775620937347412,
   1.5571691989898682,
   1.5889928340911865,
   1.6300957202911377,
   1.7188313007354736,
   1.578774094581604,
   1.5381910800933838,
   1.623225212097168,
   1.7327840328216553,
   1.6554515361785889,
   1.5657507181167603,
   1.563859224319458,
   1.5231671333312988,
   1.4882330894470215,
   1.356139898300171,
   1.3667173385620117,
   1.3027961254119873,
   1.2842429876327515,
   1.2021033763885498,
   1.2461578845977783,
   1.294046401977539,
   1.2672888040542603,
   1.2427082061767578,
   1.3058093786239624,
   1.3639329671859741,
   1.3768819570541382,
   1.34176504611969,
   1.341933012008667,
   1.3829572200775146,
   1.3136968612670898,
   1.2970638275146484,
   1.3057730197906494,
   1.3161405324935913,
   1.3117036819458008,
   1.332451581954956,
   1.3100401163101196,
   1.3218252658843994,
   1.3319209814071655,
   1.3835994005203247,
   1.3620647192001343,
   1.4030269384384155,
   1.3440284729003906,
   1.361730933189392
  ],
  "phase_consistency_across_units": [
   0.025077158585190773,
   0.014693361707031727,
   0.018445821478962898,
   0.020446689799427986,
   0.02230420522391796,
   0.023452837020158768,
   0.026319317519664764,
   0.03016810491681099,
   0.03291040286421776,
   0.03144441917538643,
   0.027684852480888367,
   0.026801899075508118,
   0.04238484799861908,
   0.03508136793971062,
   0.032798897475004196,
   0.02295244298875332,
   0.03650525212287903,
   0.02083662711083889,
   0.01752886176109314,
   0.022803543135523796,
   0.017627911642193794,
   0.019526151940226555,
   0.02556086890399456,
   0.029878677800297737,
   0.0207240991294384,
   0.012438385747373104,
   0.01895102858543396,
   0.027966374531388283,
   0.024437427520751953,
   0.027584431692957878,
   0.024587471038103104,
   0.023095427080988884,
   0.025860393419861794,
   0.025807252153754234,
   0.01888648420572281,
   0.013084587641060352,
   0.012107761576771736,
   0.013166963122785091,
   0.021178826689720154,
   0.022522101178765297,
   0.0335547961294651,
   0.027966851368546486,
   0.025148525834083557,
   0.009788310155272484,
   0.01120392419397831,
   0.014354677870869637,
   0.008894075639545918,
   0.020210308954119682,
   0.014536235481500626,
   0.004395902156829834,
   0.014119712635874748,
   0.0041962903924286366,
   0.011439226567745209,
   0.020105808973312378,
   0.011489290744066238,
   0.006018626503646374,
   0.01177317276597023,
   0.008983663283288479,
   0.010975991375744343,
   0.012949250638484955,
   0.024754758924245834,
   0.024209633469581604
  ],
  "freq_mean": [
   0.15250620245933533,
   0.02478896453976631,
   0.14735102653503418,
   0.04128935933113098,
   0.13134081661701202,
   0.030722375959157944,
   0.1428396999835968,
   0.057275839149951935,
   0.12730973958969116,
   0.04920626059174538,
   0.11916546523571014,
   0.08288023620843887,
   0.09911693632602692,
   0.12840445339679718,
   0.12319429963827133,
   0.06891164183616638,
   0.18983761966228485,
   0.0593787357211113,
   0.19287118315696716,
   0.10843262821435928,
   0.1554727554321289,
   0.11099231243133545,
   0.2800833582878113,
   0.19861890375614166,
   0.15108755230903625,
   0.11807092279195786,
   0.27493715286254883,
   0.27861326932907104,
   0.16996093094348907,
   0.20986585319042206,
   0.2317948043346405,
   0.23882314562797546,
   0.16022709012031555,
   0.18697090446949005,
   0.1868857443332672,
   0.17731574177742004,
   0.17585138976573944,
   0.12309552729129791,
   0.19977347552776337,
   0.17678363621234894,
   0.13088467717170715,
   0.13188478350639343,
   0.23795151710510254,
   0.23168864846229553,
   0.224521666765213,
   0.16191193461418152,
   0.26017093658447266,
   0.22818203270435333,
   0.17897598445415497,
   0.17895349860191345,
   0.211070254445076,
   0.16846537590026855,
   0.22625207901000977,
   0.17373356223106384,
   0.24410848319530487,
   0.1343485414981842,
   0.3161497712135315,
   0.1922757923603058,
   0.3408900797367096,
   0.16848626732826233,
   0.4510757327079773
  ],
  "freq_deviation_abs_mean": [
   0.2870239019393921,
   0.1813064068555832,
   0.20223334431648254,
   0.18955816328525543,
   0.1933407485485077,
   0.1910417526960373,
   0.18117883801460266,
   0.19065120816230774,
   0.19167070090770721,
   0.2112414389848709,
   0.19336912035942078,
   0.2011389434337616,
   0.1956932246685028,
   0.24278230965137482,
   0.2638501226902008,
   0.2796723246574402,
   0.269736111164093,
   0.30786019563674927,
   0.283126562833786,
   0.3177027106285095,
   0.2843690514564514,
   0.32734113931655884,
   0.36709481477737427,
   0.3821958601474762,
   0.3231736123561859,
   0.31363236904144287,
   0.3455267548561096,
   0.36159369349479675,
   0.3482885956764221,
   0.3486534059047699,
   0.36357608437538147,
   0.3491895794868469,
   0.337348997592926,
   0.32000523805618286,
   0.3481796383857727,
   0.36669883131980896,
   0.3344944715499878,
   0.35391777753829956,
   0.3486793041229248,
   0.31724825501441956,
   0.2938650846481323,
   0.33249130845069885,
   0.34321069717407227,
   0.35426607728004456,
   0.33932793140411377,
   0.3607822060585022,
   0.34447622299194336,
   0.35739490389823914,
   0.3328133225440979,
   0.3591567277908325,
   0.35823068022727966,
   0.3715676963329315,
   0.3400198817253113,
   0.3771282732486725,
   0.3562823534011841,
   0.4335860311985016,
   0.38646751642227173,
   0.440357506275177,
   0.4110751748085022,
   0.4394304156303406,
   0.4064233899116516
  ]
 },
 "top_units_by_amp_modulation_max": [
  {
   "unit": 566,
   "max_amp_mod": 6.448661804199219,
   "argmax_sublayer": 27
  },
  {
   "unit": 842,
   "max_amp_mod": 6.2592453956604,
   "argmax_sublayer": 27
  },
  {
   "unit": 1276,
   "max_amp_mod": 5.910099506378174,
   "argmax_sublayer": 9
  },
  {
   "unit": 565,
   "max_amp_mod": 5.8070220947265625,
   "argmax_sublayer": 7
  },
  {
   "unit": 569,
   "max_amp_mod": 5.6448469161987305,