{
 "position": 46,
 "sequence_aa": "G",
 "substrate_file": "/Users/djbray/Desktop/esm2/esm2_substrate_facebook_esm2_t33_650M_UR50D/substrate.npz",
 "n_sublayers": 62,
 "n_units": 1280,
 "depth_profiles": {
  "amp_mean": [
   12.2728910446167,
   6.953801155090332,
   7.025816917419434,
   5.574540138244629,
   5.617335319519043,
   4.864003658294678,
   4.874512672424316,
   4.453173637390137,
   4.440682411193848,
   4.214169979095459,
   4.269072532653809,
   4.266716957092285,
   4.258264064788818,
   4.269652366638184,
   4.282965183258057,
   4.151821136474609,
   4.173910617828369,
   4.000280857086182,
   4.215945243835449,
   4.179004192352295,
   4.396283149719238,
   4.461861610412598,
   4.945700645446777,
   5.318286895751953,
   4.953222751617432,
   5.1366167068481445,
   5.127110958099365,
   4.988994598388672,
   4.970152378082275,
   4.810490608215332,
   5.2268500328063965,
   5.396982192993164,
   5.36556339263916,
   5.453658103942871,
   5.152711868286133,
   5.201876640319824,
   5.406898021697998,
   5.484611511230469,
   5.5782270431518555,
   5.714726448059082,
   5.57094669342041,
   5.871420383453369,
   5.979137897491455,
   6.054205417633057,
   6.194087982177734,
   6.499222755432129,
   6.693495273590088,
   6.513589382171631,
   6.561659336090088,
   6.457573890686035,
   6.660317420959473,
   6.609519958496094,
   6.672187805175781,
   6.919064521789551,
   7.13048791885376,
   7.4990129470825195,
   7.789272308349609,
   8.01899528503418,
   8.298595428466797,
   9.190755844116211,
   9.86158561706543,
   13.968938827514648
  ],
  "amp_modulation_mean": [
   1.4226666688919067,
   1.4628663063049316,
   1.4508469104766846,
   1.4551417827606201,
   1.455735683441162,
   1.457322359085083,
   1.4417645931243896,
   1.4611486196517944,
   1.445947527885437,
   1.472407341003418,
   1.460849404335022,
   1.539180040359497,
   1.5064533948898315,
   1.563494086265564,
   1.5183899402618408,
   1.513616919517517,
   1.4587934017181396,
   1.4257314205169678,
   1.4038151502609253,
   1.4165027141571045,
   1.4374663829803467,
   1.4524930715560913,
   1.5140354633331299,
   1.6108510494232178,
   1.4609224796295166,
   1.4687585830688477,
   1.4481028318405151,
   1.350142478942871,
   1.3464266061782837,
   1.2730419635772705,
   1.3498623371124268,
   1.3399102687835693,
   1.3434127569198608,
   1.3184728622436523,
   1.2460616827011108,
   1.238913893699646,
   1.2646113634109497,
   1.245415449142456,
   1.2518666982650757,
   1.2685829401016235,
   1.2297708988189697,
   1.280240774154663,
   1.2818819284439087,
   1.2752541303634644,
   1.2900235652923584,
   1.351681113243103,
   1.3721753358840942,
   1.3325443267822266,
   1.3184711933135986,
   1.2945153713226318,
   1.2945417165756226,
   1.2826011180877686,
   1.260788917541504,
   1.2996492385864258,
   1.295933723449707,
   1.3347371816635132,
   1.333376407623291,
   1.306287169456482,
   1.2912613153457642,
   1.331865668296814,
   1.3387821912765503,
   1.361945390701294
  ],
  "phase_consistency_across_units": [
   0.00564719969406724,
   0.004353170748800039,
   0.01168719120323658,
   0.017742883414030075,
   0.013677572831511497,
   0.022501623257994652,
   0.010434620082378387,
   0.023836757987737656,
   0.017582030966877937,
   0.02791624329984188,
   0.021423591300845146,
   0.022203711792826653,
   0.016554944217205048,
   0.011846577748656273,
   0.02950008399784565,
   0.024436865001916885,
   0.02211575023829937,
   0.022801924496889114,
   0.010627977550029755,
   0.01659783534705639,
   0.005420075263828039,
   0.012873907573521137,
   0.013705200515687466,
   0.011014311574399471,
   0.014283785596489906,
   0.008235123939812183,
   0.0083277253434062,
   0.023561563342809677,
   0.02198268659412861,
   0.01717759296298027,
   0.00851005595177412,
   0.007607052102684975,
   0.011338056065142155,
   0.007093149237334728,
   0.010164141654968262,
   0.020648349076509476,
   0.009039010852575302,
   0.009889132343232632,
   0.00848543643951416,
   0.005464703775942326,
   0.008371292613446712,
   0.01714404486119747,
   0.011454710736870766,
   0.006952004041522741,
   0.018612662330269814,
   0.012008888646960258,
   0.006372876465320587,
   0.00539350975304842,
   0.009610220789909363,
   0.015888063237071037,
   0.007702085189521313,
   0.0016841470496729016,
   0.017334960401058197,
   0.01068939920514822,
   0.010877941735088825,
   0.012234555557370186,
   0.007520894054323435,
   0.005536296870559454,
   0.016840694472193718,
   0.005647651851177216,
   0.018085330724716187,
   0.00340106338262558
  ],
  "freq_mean": [
   0.18224072456359863,
   0.030497292056679726,
   0.14988146722316742,
   0.030291076749563217,
   0.14955930411815643,
   0.025324225425720215,
   0.14160208404064178,
   0.03678589686751366,
   0.11964216083288193,
   0.05717891454696655,
   0.14605766534805298,
   0.1281767636537552,
   0.15797194838523865,
   0.17147168517112732,
   0.17247894406318665,
   0.1524980366230011,
   0.1439092755317688,
   0.09208520501852036,
   0.1873185932636261,
   0.09149335324764252,
   0.19607862830162048,
   0.07833744585514069,
   0.31785815954208374,
   0.21766777336597443,
   0.1571233868598938,
   0.2198023796081543,
   0.19206909835338593,
   0.16822360455989838,
   0.1386275589466095,
   0.1362258940935135,
   0.26814740896224976,
   0.15525193512439728,
   0.25530117750167847,
   0.17441414296627045,
   0.133629709482193,
   0.17522069811820984,
   0.20315690338611603,
   0.17836453020572662,
   0.2072540819644928,
   0.16456562280654907,
   0.16818484663963318,
   0.21442022919654846,
   0.18604323267936707,
   0.1598893702030182,
   0.20994560420513153,
   0.22862307727336884,
   0.23671689629554749,
   0.20781464874744415,
   0.21936273574829102,
   0.17952470481395721,
   0.2408965528011322,
   0.15827633440494537,
   0.21769988536834717,
   0.197179913520813,
   0.2786967158317566,
   0.21911923587322235,
   0.32793989777565,
   0.1719779074192047,
   0.2984298765659332,
   0.15423183143138885,
   0.48538661003112793
  ],
  "freq_deviation_abs_mean": [
   0.3034101724624634,
   0.1766689121723175,
   0.21690210700035095,
   0.20281343162059784,
   0.20970496535301208,
   0.19792278110980988,
   0.19601678848266602,
   0.21450038254261017,
   0.2080458104610443,
   0.21862249076366425,
   0.23211392760276794,
   0.2517947256565094,
   0.25807157158851624,
   0.32978683710098267,
   0.3651789128780365,
   0.3372578024864197,
   0.3358345329761505,
   0.3283170461654663,
   0.3242523670196533,
   0.32577672600746155,
   0.2973080277442932,
   0.37188324332237244,
   0.3495520055294037,
   0.37631550431251526,
   0.3705657124519348,
   0.3601033091545105,
   0.3574248254299164,
   0.33093753457069397,
   0.2908565402030945,
   0.32958656549453735,
   0.3589951992034912,
   0.3781774640083313,
   0.35820698738098145,
   0.3323773443698883,
   0.3208526074886322,
   0.3537824749946594,
   0.3412950038909912,
   0.3494407534599304,
   0.3591437339782715,
   0.37039273977279663,
   0.35183221101760864,
   0.3490237593650818,
   0.34355440735816956,
   0.34240251779556274,
   0.3493572175502777,
   0.37108445167541504,
   0.38469210267066956,
   0.3862690329551697,
   0.3653797209262848,
   0.3939628005027771,
   0.36686182022094727,
   0.3920486271381378,
   0.3693062365055084,
   0.41010648012161255,
   0.3921060860157013,
   0.4358976483345032,
   0.3780338764190674,
   0.4333988130092621,
   0.3873339295387268,
   0.44784918427467346,
   0.43929654359817505
  ]
 },
 "top_units_by_amp_modulation_max": [
  {
   "unit": 834,
   "max_amp_mod": 5.984516620635986,
   "argmax_sublayer": 13
  },
  {
   "unit": 692,
   "max_amp_mod": 5.806614875793457,
   "argmax_sublayer": 0
  },
  {
   "unit": 794,
   "max_amp_mod": 5.704226016998291,
   "argmax_sublayer": 7
  },
  {
   "unit": 189,
   "max_amp_mod": 5.402403831481934,
   "argmax_sublayer": 14
  },
  {
   "unit": 417,
   "max_amp_mod": 5.328779697418213,