{
 "position": 70,
 "sequence_aa": "L",
 "substrate_file": "/Users/djbray/Desktop/esm2/esm2_substrate_facebook_esm2_t33_650M_UR50D/substrate.npz",
 "n_sublayers": 62,
 "n_units": 1280,
 "depth_profiles": {
  "amp_mean": [
   10.56257438659668,
   5.90854549407959,
   5.975246906280518,
   4.695975303649902,
   4.709097862243652,
   4.065090179443359,
   4.104682922363281,
   3.7017219066619873,
   3.7230236530303955,
   3.4724745750427246,
   3.5436863899230957,
   3.347207546234131,
   3.412338972091675,
   3.290628433227539,
   3.480203628540039,
   3.336862087249756,
   3.491673231124878,
   3.421260356903076,
   3.641465663909912,
   3.598954439163208,
   3.774914264678955,
   3.7293636798858643,
   4.176380157470703,
   4.308987617492676,
   4.201045036315918,
   4.174012184143066,
   4.175908088684082,
   4.319871425628662,
   4.345372676849365,
   4.4096269607543945,
   4.541825294494629,
   4.687269687652588,
   4.627347946166992,
   4.730551719665527,
   4.633296012878418,
   4.703072547912598,
   5.065256118774414,
   5.242735385894775,
   5.2923479080200195,
   5.477295398712158,
   5.328255653381348,
   5.447542667388916,
   5.639128684997559,
   5.912273406982422,
   5.971550941467285,
   5.850368499755859,
   5.8356523513793945,
   5.750017166137695,
   5.874514579772949,
   5.850628852844238,
   6.4690656661987305,
   6.875248908996582,
   6.691926002502441,
   6.789976596832275,
   6.854984283447266,
   6.964180946350098,
   7.280362129211426,
   7.547986030578613,
   7.915972709655762,
   8.598043441772461,
   9.109431266784668,
   12.462237358093262
  ],
  "amp_modulation_mean": [
   1.2301123142242432,
   1.24850594997406,
   1.2406779527664185,
   1.2297652959823608,
   1.2261772155761719,
   1.221164345741272,
   1.2184275388717651,
   1.216944694519043,
   1.214587926864624,
   1.2141573429107666,
   1.2145992517471313,
   1.2061259746551514,
   1.2059478759765625,
   1.2010315656661987,
   1.2267005443572998,
   1.2108523845672607,
   1.214943528175354,
   1.2162340879440308,
   1.2138376235961914,
   1.2183473110198975,
   1.2327096462249756,
   1.2094823122024536,
   1.2767760753631592,
   1.3028100728988647,
   1.2379331588745117,
   1.191985845565796,
   1.1780955791473389,
   1.16911780834198,
   1.1781511306762695,
   1.1687513589859009,
   1.1761305332183838,
   1.1666853427886963,
   1.1606439352035522,
   1.145911455154419,
   1.1231858730316162,
   1.122626543045044,
   1.1877578496932983,
   1.1933884620666504,
   1.1886165142059326,
   1.221511960029602,
   1.1822052001953125,
   1.19248628616333,
   1.2144747972488403,
   1.2514677047729492,
   1.2495132684707642,
   1.2211806774139404,
   1.2003432512283325,
   1.1809685230255127,
   1.186858892440796,
   1.1803170442581177,
   1.266413688659668,
   1.3431127071380615,
   1.2738597393035889,
   1.2839447259902954,
   1.2529175281524658,
   1.2442681789398193,
   1.2541344165802002,
   1.23857581615448,
   1.2393381595611572,
   1.2548890113830566,
   1.2413244247436523,
   1.2219053506851196
  ],
  "phase_consistency_across_units": [
   0.008501240983605385,
   0.02275865152478218,
   0.029163939878344536,
   0.038536958396434784,
   0.0363931767642498,
   0.04541140794754028,
   0.03377073258161545,
   0.04181845113635063,
   0.034682538360357285,
   0.038510676473379135,
   0.04165632277727127,
   0.032401591539382935,
   0.032947737723588943,
   0.029189325869083405,
   0.03680816665291786,
   0.01588313654065132,
   0.024564923718571663,
   0.028088442981243134,
   0.03890952840447426,
   0.04090675339102745,
   0.030070805922150612,
   0.032175466418266296,
   0.02259962074458599,
   0.033939000219106674,
   0.04417082667350769,
   0.03541102260351181,
   0.027332529425621033,
   0.0407201386988163,
   0.03091861866414547,
   0.020213475450873375,
   0.02067445032298565,
   0.022605814039707184,
   0.020955177024006844,
   0.02728986367583275,
   0.026756448671221733,
   0.022137021645903587,
   0.025914669036865234,
   0.024608660489320755,
   0.01815958134829998,
   0.022744018584489822,
   0.01397174596786499,
   0.02445555478334427,
   0.026557758450508118,
   0.021692950278520584,
   0.010721908882260323,
   0.012017788365483284,
   0.006271233316510916,
   0.0039012166671454906,
   0.008905680850148201,
   0.01126365177333355,
   0.010283141396939754,
   0.022566646337509155,
   0.01593846082687378,
   0.019137701019644737,
   0.014420758932828903,
   0.0037263601552695036,
   0.01815206930041313,
   0.014805467799305916,
   0.0193034578114748,
   0.013090607710182667,
   0.01628582365810871,
   0.013565078377723694
  ],
  "freq_mean": [
   0.14260125160217285,
   0.05231595039367676,
   0.13645949959754944,
   0.05275551229715347,
   0.12484957277774811,
   0.07219961285591125,
   0.12687334418296814,
   0.045971065759658813,
   0.10029537975788116,
   0.08031632006168365,
   0.10132080316543579,
   0.07220617681741714,
   0.0863252654671669,
   0.10872624814510345,
   0.1335078924894333,
   0.10022163391113281,
   0.1393769532442093,
   0.11893614381551743,
   0.1755475103855133,
   0.10464388132095337,
   0.16947588324546814,
   0.11795903742313385,
   0.3033609390258789,
   0.19127163290977478,
   0.21894189715385437,
   0.13661666214466095,
   0.17374944686889648,
   0.16887648403644562,
   0.2098923623561859,
   0.17481043934822083,
   0.2510630190372467,
   0.19855952262878418,
   0.1961599886417389,
   0.18161693215370178,
   0.13580620288848877,
   0.18210861086845398,
   0.2289392054080963,
   0.21330218017101288,
   0.2337328940629959,
   0.19808802008628845,
   0.17308621108531952,
   0.22553527355194092,
   0.2511736750602722,
   0.25031906366348267,
   0.2362176924943924,
   0.20549888908863068,
   0.1996694803237915,
   0.19558978080749512,
   0.17654991149902344,
   0.16314634680747986,
   0.3148733973503113,
   0.2567054331302643,
   0.23067693412303925,
   0.21452760696411133,
   0.20823876559734344,
   0.19720162451267242,
   0.2516551911830902,
   0.23358388245105743,
   0.3262600302696228,
   0.19891546666622162,
   0.5180982351303101
  ],
  "freq_deviation_abs_mean": [
   0.3450016975402832,
   0.21910056471824646,
   0.24435362219810486,
   0.22226004302501678,
   0.2261846959590912,
   0.23012976348400116,
   0.23316402733325958,
   0.22878172993659973,
   0.22434143722057343,
   0.2337196171283722,
   0.23951482772827148,
   0.2554183602333069,
   0.23506149649620056,
   0.25862008333206177,
   0.31171655654907227,
   0.3269283175468445,
   0.27222925424575806,
   0.30448436737060547,
   0.3323974609375,
   0.3485128879547119,
   0.3119088113307953,
   0.35267582535743713,
   0.3832852244377136,
   0.4352400302886963,
   0.34819236397743225,
   0.35979095101356506,
   0.36335664987564087,
   0.330722838640213,
   0.31422293186187744,
   0.35477688908576965,
   0.3506391644477844,
   0.36857229471206665,
   0.3530188500881195,
   0.3244036138057709,
   0.3402388095855713,
   0.3595944046974182,
   0.3674653470516205,
   0.3641431927680969,
   0.37177595496177673,
   0.3750922679901123,
   0.3701554834842682,
   0.3754420280456543,
   0.3789585828781128,
   0.374123215675354,
   0.36465007066726685,
   0.36598557233810425,
   0.35636043548583984,
   0.3393584191799164,
   0.3440570831298828,
   0.3737933039665222,
   0.3940039873123169,
   0.39698368310928345,
   0.38861459493637085,
   0.39486947655677795,
   0.3727951645851135,
   0.38629084825515747,
   0.3951232433319092,
   0.41664642095565796,
   0.40532025694847107,
   0.46842795610427856,
   0.4236593246459961
  ]
 },
 "top_units_by_amp_modulation_max": [
  {
   "unit": 1146,
   "max_amp_mod": 5.859375476837158,
   "argmax_sublayer": 5
  },
  {
   "unit": 201,
   "max_amp_mod": 5.740897178649902,
   "argmax_sublayer": 0
  },
  {
   "unit": 52,
   "max_amp_mod": 4.754877090454102,
   "argmax_sublayer": 22
  },
  {
   "unit": 737,
   "max_amp_mod": 4.684075355529785,
   "argmax_sublayer": 4
  },
  {
   "unit": 403,
   "max_amp_mod": 4.665788173675537,