{
 "position": 5,
 "sequence_aa": "K",
 "substrate_file": "/Users/djbray/Desktop/esm2/esm2_substrate_facebook_esm2_t33_650M_UR50D/substrate.npz",
 "n_sublayers": 62,
 "n_units": 1280,
 "depth_profiles": {
  "amp_mean": [
   10.342190742492676,
   5.691526889801025,
   5.786473274230957,
   4.5375494956970215,
   4.589144229888916,
   3.9205222129821777,
   3.9757869243621826,
   3.582730770111084,
   3.6278796195983887,
   3.3849568367004395,
   3.4407246112823486,
   3.2323174476623535,
   3.2885642051696777,
   3.1670262813568115,
   3.311990261077881,
   3.1967034339904785,
   3.3084964752197266,
   3.2919723987579346,
   3.5202770233154297,
   3.51542329788208,
   3.713003635406494,
   3.7109615802764893,
   4.219475746154785,
   4.406337738037109,
   4.181823253631592,
   4.243872165679932,
   4.13015604019165,
   4.053916931152344,
   4.088915824890137,
   4.123843669891357,
   4.310353755950928,
   4.4223175048828125,
   4.257939338684082,
   4.205054759979248,
   4.2761383056640625,
   4.4011616706848145,
   4.555160045623779,
   4.664183616638184,
   4.8590288162231445,
   5.0844879150390625,
   5.022076606750488,
   5.133584499359131,
   5.239208221435547,
   5.378153324127197,
   5.500406265258789,
   5.578647613525391,
   5.484135627746582,
   5.657568454742432,
   5.675144195556641,
   5.659240245819092,
   5.8264312744140625,
   5.698123455047607,
   5.822856903076172,
   5.809699058532715,
   5.88272762298584,
   6.145725250244141,
   6.776589393615723,
   7.152366638183594,
   7.290017604827881,
   8.232992172241211,
   9.009454727172852,
   12.241315841674805
  ],
  "amp_modulation_mean": [
   1.19585382938385,
   1.1950929164886475,
   1.19284987449646,
   1.1821200847625732,
   1.1870756149291992,
   1.1722195148468018,
   1.1727807521820068,
   1.171384572982788,
   1.1768591403961182,
   1.1772593259811401,
   1.1728906631469727,
   1.158813238143921,
   1.1565449237823486,
   1.1499286890029907,
   1.1648600101470947,
   1.1580111980438232,
   1.1487741470336914,
   1.1670496463775635,
   1.1702989339828491,
   1.1891849040985107,
   1.2106269598007202,
   1.202772855758667,
   1.2883336544036865,
   1.3311913013458252,
   1.232372522354126,
   1.2135989665985107,
   1.1638031005859375,
   1.0940637588500977,
   1.1081310510635376,
   1.091385841369629,
   1.1143203973770142,
   1.0999517440795898,
   1.0663602352142334,
   1.015966773033142,
   1.0347282886505127,
   1.0485283136367798,
   1.0637606382369995,
   1.0579559803009033,
   1.089475393295288,
   1.1322929859161377,
   1.1116008758544922,
   1.1199142932891846,
   1.1235803365707397,
   1.1330028772354126,
   1.1459490060806274,
   1.1595673561096191,
   1.1245167255401611,
   1.1594700813293457,
   1.143975019454956,
   1.1383088827133179,
   1.135815978050232,
   1.1073691844940186,
   1.1031392812728882,
   1.0914608240127563,
   1.0709986686706543,
   1.0945043563842773,
   1.163395881652832,
   1.167214035987854,
   1.1333673000335693,
   1.1952812671661377,
   1.2236562967300415,
   1.1930010318756104
  ],
  "phase_consistency_across_units": [
   0.010284594260156155,
   0.018436243757605553,
   0.010047432966530323,
   0.012895085848867893,
   0.018546253442764282,
   0.027670586481690407,
   0.026843132451176643,
   0.03761259466409683,
   0.033793602138757706,
   0.0408901683986187,
   0.033278994262218475,
   0.03368731215596199,
   0.03700222447514534,
   0.04406053572893143,
   0.03747006505727768,
   0.033008165657520294,
   0.043254103511571884,
   0.027455415576696396,
   0.02949419617652893,
   0.024607863277196884,
   0.016410550102591515,
   0.01775301620364189,
   0.008293534629046917,
   0.014916900545358658,
   0.009375736117362976,
   0.023634525015950203,
   0.015773335471749306,
   0.032604753971099854,
   0.025830287486314774,
   0.025340009480714798,
   0.012728236615657806,
   0.023415496572852135,
   0.032232675701379776,
   0.02522970922291279,
   0.013512827455997467,
   0.023803403601050377,
   0.026837121695280075,
   0.02947365678846836,
   0.0344979502260685,
   0.03033754788339138,
   0.018632618710398674,
   0.020583635196089745,
   0.01605921983718872,
   0.021239209920167923,
   0.010405512526631355,
   0.012568704783916473,
   0.009136604145169258,
   0.009993152692914009,
   0.007861184887588024,
   0.009570028632879257,
   0.003739273175597191,
   0.005430447403341532,
   0.0033471775241196156,
   0.002510112477466464,
   0.009444564580917358,
   0.004146695602685213,
   0.014511161483824253,
   0.007720435969531536,
   0.009400018490850925,
   0.00692320941016078,
   0.015321428887546062,
   0.0110456058755517
  ],
  "freq_mean": [
   0.15909695625305176,
   0.050901174545288086,
   0.15195819735527039,
   0.07032345235347748,
   0.15263815224170685,
   0.054128050804138184,
   0.14942023158073425,
   0.0617930106818676,
   0.1297512799501419,
   0.10243364423513412,
   0.13067010045051575,
   0.10262234508991241,
   0.11743880808353424,
   0.1070028766989708,
   0.16048622131347656,
   0.11042916774749756,
   0.12014476209878922,
   0.1435958445072174,
   0.16634070873260498,
   0.11961643397808075,
   0.19160723686218262,
   0.12312624603509903,
   0.3253186345100403,
   0.17197486758232117,
   0.21037611365318298,
   0.20005297660827637,
   0.1883997619152069,
   0.15853801369667053,
   0.19187235832214355,
   0.17316928505897522,
   0.22796878218650818,
   0.17298269271850586,
   0.19673189520835876,
   0.14427517354488373,
   0.19081047177314758,
   0.18494586646556854,
   0.1907915472984314,
   0.17329862713813782,
   0.24758842587471008,
   0.22634682059288025,
   0.21887727081775665,
   0.2590017318725586,
   0.2371375858783722,
   0.2376905232667923,
   0.24023637175559998,
   0.2288247048854828,
   0.18620744347572327,
   0.24869973957538605,
   0.18406684696674347,
   0.2289661169052124,
   0.2329953908920288,
   0.18359926342964172,
   0.2693369388580322,
   0.15063194930553436,
   0.24130280315876007,
   0.2193443477153778,
   0.3452832102775574,
   0.21734893321990967,
   0.31522196531295776,
   0.2505933344364166,
   0.5554410219192505
  ],
  "freq_deviation_abs_mean": [
   0.3498919606208801,
   0.22255583107471466,
   0.2636791169643402,
   0.25640153884887695,
   0.24324551224708557,
   0.2437998503446579,
   0.22802886366844177,
   0.2304929792881012,
   0.22965578734874725,
   0.2645193636417389,
   0.23781462013721466,
   0.2493171989917755,
   0.2486581802368164,
   0.279202401638031,
   0.31410929560661316,
   0.30213862657546997,
   0.27010345458984375,
   0.29805824160575867,
   0.32964757084846497,
   0.3471181392669678,
   0.3379157483577728,
   0.37100809812545776,
   0.379518985748291,
   0.4263384938240051,
   0.3709651827812195,
   0.3654136657714844,
   0.34891477227211,
   0.36287447810173035,
   0.34978848695755005,
   0.36977601051330566,
   0.36380070447921753,
   0.3477318584918976,
   0.3264063894748688,
   0.34699732065200806,
   0.366936594247818,
   0.37519386410713196,
   0.3540540635585785,
   0.37107813358306885,
   0.3812903165817261,
   0.4217684268951416,
   0.39196401834487915,
   0.3580842912197113,
   0.3927600383758545,
   0.37630197405815125,
   0.3555843234062195,
   0.3373139798641205,
   0.37419983744621277,
   0.3487359583377838,
   0.37469667196273804,
   0.3734615445137024,
   0.37652406096458435,
   0.4057426452636719,
   0.38006094098091125,
   0.4109550416469574,
   0.38578441739082336,
   0.47239285707473755,
   0.44051748514175415,
   0.4739183783531189,
   0.43061333894729614,
   0.5212949514389038,
   0.44623827934265137
  ]
 },
 "top_units_by_amp_modulation_max": [
  {
   "unit": 143,
   "max_amp_mod": 5.249823570251465,
   "argmax_sublayer": 0
  },
  {
   "unit": 507,
   "max_amp_mod": 5.001992225646973,
   "argmax_sublayer": 2
  },
  {
   "unit": 526,
   "max_amp_mod": 4.7769246101379395,
   "argmax_sublayer": 0
  },
  {
   "unit": 479,
   "max_amp_mod": 4.7074151039123535,
   "argmax_sublayer": 0
  },
  {
   "unit": 1165,