{
 "position": 6,
 "sequence_aa": "T",
 "substrate_file": "/Users/djbray/Desktop/esm2/esm2_substrate_facebook_esm2_t33_650M_UR50D/substrate.npz",
 "n_sublayers": 62,
 "n_units": 1280,
 "depth_profiles": {
  "amp_mean": [
   10.707944869995117,
   5.791844844818115,
   5.938270092010498,
   4.6189866065979,
   4.699639320373535,
   4.033116817474365,
   4.10778284072876,
   3.722775936126709,
   3.7454733848571777,
   3.452228546142578,
   3.564488172531128,
   3.359753370285034,
   3.421337842941284,
   3.3032126426696777,
   3.4682223796844482,
   3.3723883628845215,
   3.4884071350097656,
   3.441537857055664,
   3.6864471435546875,
   3.6456215381622314,
   3.928006410598755,
   3.896303653717041,
   4.41464900970459,
   4.581386566162109,
   4.362360954284668,
   4.479464530944824,
   4.392330646514893,
   4.3535966873168945,
   4.295546054840088,
   4.322075843811035,
   4.440349578857422,
   4.478759288787842,
   4.232853889465332,
   4.266537666320801,
   4.429981231689453,
   4.566899299621582,
   4.868629455566406,
   5.218064785003662,
   5.001792907714844,
   4.815001487731934,
   4.979903697967529,
   5.044337749481201,
   5.341402530670166,
   5.654091835021973,
   5.626635551452637,
   5.640684604644775,
   5.66813325881958,
   5.858201503753662,
   5.897183895111084,
   5.92795467376709,
   6.086444854736328,
   6.046744346618652,
   6.267316818237305,
   6.36436128616333,
   6.365938186645508,
   6.843392848968506,
   7.311322212219238,
   7.41072940826416,
   7.7705793380737305,
   8.288293838500977,
   8.880971908569336,
   12.598010063171387
  ],
  "amp_modulation_mean": [
   1.2431007623672485,
   1.2203118801116943,
   1.23053777217865,
   1.2080771923065186,
   1.2200806140899658,
   1.209987759590149,
   1.2168664932250977,
   1.2219642400741577,
   1.2196450233459473,
   1.204676628112793,
   1.2195043563842773,
   1.2079746723175049,
   1.2076678276062012,
   1.2049041986465454,
   1.2239689826965332,
   1.2257407903671265,
   1.2155091762542725,
   1.2236831188201904,
   1.2280638217926025,
   1.2347662448883057,
   1.2838232517242432,
   1.2655664682388306,
   1.3515516519546509,
   1.3873447179794312,
   1.2891746759414673,
   1.2848201990127563,
   1.240376591682434,
   1.1786162853240967,
   1.1675094366073608,
   1.147374153137207,
   1.1508160829544067,
   1.1163593530654907,
   1.062382698059082,
   1.0346781015396118,
   1.0760300159454346,
   1.0917112827301025,
   1.1425520181655884,
   1.18816077709198,
   1.1240358352661133,
   1.0723052024841309,
   1.1040652990341187,
   1.1034266948699951,
   1.1509355306625366,
   1.1954162120819092,
   1.1766858100891113,
   1.1769962310791016,
   1.1667845249176025,
   1.2052438259124756,
   1.192334771156311,
   1.1961498260498047,
   1.1903321743011475,
   1.180389404296875,
   1.1913282871246338,
   1.2008174657821655,
   1.1620994806289673,
   1.2234623432159424,
   1.258474349975586,
   1.2137044668197632,
   1.212429404258728,
   1.2049140930175781,
   1.2093511819839478,
   1.232094168663025
  ],
  "phase_consistency_across_units": [
   0.014848158694803715,
   0.017483696341514587,
   0.019477615132927895,
   0.029456153512001038,
   0.02006649784743786,
   0.04039645195007324,
   0.02760014869272709,
   0.03587215021252632,
   0.020940864458680153,
   0.03591681271791458,
   0.025317125022411346,
   0.035668566823005676,
   0.024414438754320145,
   0.017576316371560097,
   0.008055087178945541,
   0.0011348515981808305,
   0.010229936800897121,
   0.014360753819346428,
   0.010722068138420582,
   0.012565604411065578,
   0.00877805519849062,
   0.018938522785902023,
   0.008937278762459755,
   0.009756132960319519,
   0.016013290733098984,
   0.015500090084969997,
   0.016550231724977493,
   0.01252687256783247,
   0.017338179051876068,
   0.01810373365879059,
   0.005659402348101139,
   0.007451287936419249,
   0.018297085538506508,
   0.01648201420903206,
   0.006898166611790657,
   0.01504307147115469,
   0.011435460299253464,
   0.019400333985686302,
   0.026487795636057854,
   0.02104160748422146,
   0.005522637628018856,
   0.007175903767347336,
   0.012323308736085892,
   0.007968874648213387,
   0.020609121769666672,
   0.01770666055381298,
   0.017850415781140327,
   0.0041061039082705975,
   0.007540171500295401,
   0.011358894407749176,
   0.015979979187250137,
   0.015402245335280895,
   0.01826918125152588,
   0.012917758896946907,
   0.007830070331692696,
   0.012048265896737576,
   0.017886385321617126,
   0.017751872539520264,
   0.014766310341656208,
   0.004054572898894548,
   0.01637294329702854,
   0.012402234598994255
  ],
  "freq_mean": [
   0.14069440960884094,
   0.029424380511045456,
   0.15990714728832245,
   0.0368037112057209,
   0.15394622087478638,
   0.05695705860853195,
   0.13891246914863586,
   0.08677659183740616,
   0.11766938865184784,
   0.08414816856384277,
   0.13205142319202423,
   0.08347900956869125,
   0.10652296245098114,
   0.08858349174261093,
   0.1696079671382904,
   0.10811977088451385,
   0.10389856994152069,
   0.11048784106969833,
   0.17112353444099426,
   0.10615257918834686,
   0.18709345161914825,
   0.10669492185115814,
   0.3242074251174927,
   0.17617252469062805,
   0.22753886878490448,
   0.20329241454601288,
   0.1957584172487259,
   0.1587829887866974,
   0.183946430683136,
   0.1477687805891037,
   0.25649315118789673,
   0.1707698106765747,
   0.12432125955820084,
   0.16329991817474365,
   0.17393724620342255,
   0.18437473475933075,
   0.2802240252494812,
   0.27569594979286194,
   0.17305438220500946,
   0.2037598192691803,
   0.2051497995853424,
   0.19524995982646942,
   0.24371500313282013,
   0.2505691647529602,
   0.2276902198791504,
   0.20469827950000763,
   0.2031184881925583,
   0.2452210932970047,
   0.22766156494617462,
   0.21172957122325897,
   0.22712883353233337,
   0.18500232696533203,
   0.28126412630081177,
   0.19455929100513458,
   0.234490305185318,
   0.2803521454334259,
   0.2929389774799347,
   0.20112967491149902,
   0.3360975384712219,
   0.14230142533779144,
   0.5275403261184692
  ],
  "freq_deviation_abs_mean": [
   0.341901570558548,
   0.21521425247192383,
   0.24616774916648865,
   0.23399825394153595,
   0.22879819571971893,
   0.22748549282550812,
   0.2410438060760498,
   0.27090325951576233,
   0.2578243315219879,
   0.2566278576850891,
   0.22539207339286804,
   0.2319822758436203,
   0.21626083552837372,
   0.2626407742500305,
   0.28736433386802673,
   0.2689681649208069,
   0.2558065354824066,
   0.28893622756004333,
   0.3124713897705078,
   0.32328978180885315,
   0.3134407103061676,
   0.3710792362689972,
   0.34655556082725525,
   0.3936290144920349,
   0.34573617577552795,
   0.36097151041030884,
   0.3400060534477234,
   0.34005028009414673,
   0.3420018255710602,
   0.39938515424728394,
   0.3991709351539612,
   0.35437026619911194,
   0.3331815004348755,
   0.34958451986312866,
   0.36921533942222595,
   0.39712226390838623,
   0.39272332191467285,
   0.4033969044685364,
   0.3694932460784912,
   0.3581269681453705,
   0.3589290678501129,
   0.36483922600746155,
   0.3832644820213318,
   0.3727084994316101,
   0.3596299886703491,
   0.3665485978126526,
   0.37169522047042847,
   0.3788906931877136,
   0.3807181417942047,
   0.37727463245391846,
   0.3531179428100586,
   0.3800554573535919,
   0.37832942605018616,
   0.4097798466682434,
   0.3988920748233795,
   0.4285401403903961,
   0.3964880108833313,
   0.43275028467178345,
   0.38734060525894165,
   0.47039374709129333,
   0.4342532157897949
  ]
 },
 "top_units_by_amp_modulation_max": [
  {
   "unit": 1209,
   "max_amp_mod": 5.069706439971924,
   "argmax_sublayer": 0
  },
  {
   "unit": 497,
   "max_amp_mod": 5.058623790740967,
   "argmax_sublayer": 1
  },
  {
   "unit": 636,
   "max_amp_mod": 4.729537010192871,
   "argmax_sublayer": 0
  },
  {
   "unit": 865,
   "max_amp_mod": 4.473766803741455,
   "argmax_sublayer": 5
  },
  {
   "unit": 1182,
   "max_amp_mod": 4.455648422241211,