{
 "position": 51,
 "sequence_aa": "D",
 "substrate_file": "/home/dbrayjr5/esm2-osc/esm2_substrate_facebook_esm2_t33_650M_UR50D/substrate.npz",
 "n_sublayers": 62,
 "n_units": 1280,
 "validity_floor": {
  "quantile": 0.1,
  "absolute_value": 2.7328476905822754,
  "n_valid_cells": 71424,
  "n_total_cells": 79360,
  "fraction_valid": 0.9
 },
 "depth_profiles": {
  "amp_modulation_mean": [
   1.327484130859375,
   1.3185992240905762,
   1.311153531074524,
   1.2849403619766235,
   1.283519983291626,
   1.2674639225006104,
   1.2668997049331665,
   1.2496474981307983,
   1.2537771463394165,
   1.2408215999603271,
   1.2387475967407227,
   1.2283122539520264,
   1.2316182851791382,
   1.2201019525527954,
   1.2417900562286377,
   1.2352087497711182,
   1.227661371231079,
   1.2080161571502686,
   1.2093024253845215,
   1.1982799768447876,
   1.2095493078231812,
   1.1832977533340454,
   1.2324539422988892,
   1.2286899089813232,
   1.2128204107284546,
   1.1806738376617432,
   1.1902697086334229,
   1.1475636959075928,
   1.1524416208267212,
   1.154738187789917,
   1.1380317211151123,
   1.1014355421066284,
   1.1268407106399536,
   1.1181386709213257,
   1.152866005897522,
   1.206932544708252,
   1.2199894189834595,
   1.1866028308868408,
   1.226997971534729,
   1.2843735218048096,
   1.280819296836853,
   1.3254601955413818,
   1.3993744850158691,
   1.5312772989273071,
   1.4670242071151733,
   1.5157945156097412,
   1.4411976337432861,
   1.3992189168930054,
   1.410571575164795,
   1.3946205377578735,
   1.4009469747543335,
   1.3979648351669312,
   1.4152846336364746,
   1.4602172374725342,
   1.450537919998169,
   1.3612552881240845,
   1.3780949115753174,
   1.4640729427337646,
   1.4619572162628174,
   1.3777042627334595,
   1.3719122409820557,
   1.3395514488220215
  ],
  "amp_modulation_mean_valid_only": [
   1.327484130859375,
   1.3185992240905762,
   1.311153531074524,
   1.2849403619766235,
   1.283519983291626,
   1.2681411504745483,
   1.2668997049331665,
   1.2570042610168457,
   1.2567707300186157,
   1.2432087659835815,
   1.2415869235992432,
   1.2330764532089233,
   1.221339464187622,
   1.253224492073059,
   1.2456943988800049,
   1.230187177658081,
   1.2370857000350952,
   1.215889811515808,
   1.2209417819976807,
   1.2042089700698853,
   1.2111424207687378,
   1.183669090270996,
   1.2324539422988892,
   1.2286899089813232,
   1.2128204107284546,
   1.1806738376617432,
   1.1902697086334229,
   1.1475636959075928,
   1.1524416208267212,
   1.154738187789917,
   1.1380317211151123,
   1.1014355421066284,
   1.1268407106399536,
   1.1181386709213257,
   1.152866005897522,
   1.206932544708252,
   1.2199894189834595,
   1.1866028308868408,
   1.226997971534729,
   1.2843735218048096,
   1.280819296836853,
   1.3254601955413818,
   1.3993744850158691,
   1.5312772989273071,
   1.4670242071151733,
   1.5157945156097412,
   1.4411976337432861,
   1.3992189168930054,
   1.410571575164795,
   1.3946205377578735,
   1.4009469747543335,
   1.3979648351669312,
   1.4152846336364746,
   1.4602172374725342,
   1.450537919998169,
   1.3612552881240845,
   1.3780949115753174,
   1.4640729427337646,
   1.4619572162628174,
   1.3777042627334595,
   1.3719122409820557,
   1.3395514488220215
  ],
  "phase_consistency_across_units": [
   0.005498258396983147,
   0.023913489654660225,
   0.016534678637981415,
   0.03504316508769989,
   0.013436701148748398,
   0.0327291414141655,
   0.024050334468483925,
   0.032598674297332764,
   0.0254652239382267,
   0.030298059806227684,
   0.02676224894821644,
   0.024727588519454002,
   0.022997869178652763,
   0.03070509061217308,
   0.023999731987714767,
   0.01696520298719406,
   0.02648838236927986,
   0.017121586948633194,
   0.030433878302574158,
   0.021807262673974037,
   0.024611931294202805,
   0.024641795083880424,
   0.0200263112783432,
   0.016055725514888763,
   0.009248008951544762,
   0.0043825022876262665,
   0.009093225933611393,
   0.011263108812272549,
   0.007920731790363789,
   0.012216280214488506,
   0.006566381547600031,
   0.005460804793983698,
   0.0093343211337924,
   0.0027537052519619465,
   0.012166611850261688,
   0.015470950864255428,
   0.00745079480111599,
   0.008725169114768505,
   0.010724958963692188,
   0.010309681296348572,
   0.003997998312115669,
   0.010264278389513493,
   0.00698179192841053,
   0.006047280505299568,
   0.005618983879685402,
   0.007311625871807337,
   0.0017904466949403286,
   0.008099032565951347,
   0.017909204587340355,
   0.007797996513545513,
   0.008604039438068867,
   0.008917019702494144,
   0.006379806436598301,
   0.0017722060438245535,
   0.01741967722773552,
   0.01394609548151493,
   0.024047600105404854,
   0.011559844948351383,
   0.008990198373794556,
   0.011397176422178745,
   0.013989809900522232,
   0.011378677561879158
  ],
  "freq_mean": [
   0.1325366050004959,
   0.02452738769352436,
   0.15328344702720642,
   0.03531277924776077,
   0.14446386694908142,
   0.03825882822275162,
   0.14371396601200104,
   0.03859139233827591,
   0.1169678121805191,
   0.06721089780330658,
   0.10562753677368164,
   0.07885879278182983,
   0.11261383444070816,
   0.09592960774898529,
   0.15234526991844177,
   0.09817493706941605,
   0.15521709620952606,
   0.10222089290618896,
   0.19271671772003174,
   0.10654838383197784,
   0.18943648040294647,
   0.12007687985897064,
   0.2565891146659851,
   0.14564937353134155,
   0.23742909729480743,
   0.13048237562179565,
   0.22753748297691345,
   0.13438859581947327,
   0.18902094662189484,
   0.1597909927368164,
   0.18551650643348694,
   0.14279192686080933,
   0.19302448630332947,
   0.15008501708507538,
   0.1989489048719406,
   0.222291499376297,
   0.21904392540454865,
   0.15936405956745148,
   0.22728495299816132,
   0.20915809273719788,
   0.17040088772773743,
   0.1712666153907776,
   0.29026103019714355,
   0.3015586733818054,
   0.23506388068199158,
   0.25772157311439514,
   0.17607715725898743,
   0.24266624450683594,
   0.1903291791677475,
   0.22953400015830994,
   0.23915831744670868,
   0.21759828925132751,
   0.2663411498069763,
   0.2885315418243408,
   0.26706263422966003,
   0.167567178606987,
   0.31453937292099,
   0.30805063247680664,
   0.3613746762275696,
   0.16365480422973633,
   0.506013035774231
  ],
  "freq_deviation_abs_mean": [
   0.33596765995025635,
   0.21571485698223114,
   0.25183090567588806,
   0.2442532330751419,
   0.23583540320396423,
   0.235253244638443,
   0.21020999550819397,
   0.2256554663181305,
   0.22455115616321564,
   0.25112855434417725,
   0.24271225929260254,
   0.25128158926963806,
   0.2346237152814865,
   0.27329182624816895,
   0.28938114643096924,
   0.3111422061920166,
   0.27554601430892944,
   0.3164970576763153,
   0.3108932077884674,
   0.3589092791080475,
   0.32919830083847046,
   0.3689313530921936,
   0.3479391932487488,
   0.4071109890937805,
   0.32792386412620544,
   0.36031126976013184,
   0.34361061453819275,
   0.3466998040676117,
   0.32943135499954224,
   0.3563900887966156,
   0.3442501425743103,
   0.34904998540878296,
   0.331470251083374,
   0.3431662917137146,
   0.3486418128013611,
   0.3817761540412903,
   0.3335281312465668,
   0.3594664931297302,
   0.3828915059566498,
   0.3463912904262543,
   0.35329917073249817,
   0.38746359944343567,
   0.4051175117492676,
   0.3599500358104706,
   0.37657612562179565,
   0.34759777784347534,
   0.3453170657157898,
   0.36080315709114075,
   0.39288216829299927,
   0.3660438656806946,
   0.3804969787597656,
   0.40349942445755005,
   0.42102089524269104,
   0.4310913681983948,
   0.38276568055152893,
   0.4434364438056946,
   0.43641647696495056,
   0.4518001675605774,
   0.39605027437210083,
   0.43118563294410706,
   0.4147571921348572
  ],