{
 "position": 53,
 "sequence_aa": "R",
 "substrate_file": "/home/dbrayjr5/esm2-osc/esm2_substrate_facebook_esm2_t33_650M_UR50D/substrate.npz",
 "n_sublayers": 62,
 "n_units": 1280,
 "validity_floor": {
  "quantile": 0.1,
  "absolute_value": 2.7328476905822754,
  "n_valid_cells": 71424,
  "n_total_cells": 79360,
  "fraction_valid": 0.9
 },
 "depth_profiles": {
  "amp_modulation_mean": [
   1.1979424953460693,
   1.1259663105010986,
   1.155559778213501,
   1.1019129753112793,
   1.1211001873016357,
   1.100311517715454,
   1.1162830591201782,
   1.088667631149292,
   1.1004002094268799,
   1.0799646377563477,
   1.0913089513778687,
   1.0729992389678955,
   1.0879703760147095,
   1.0708292722702026,
   1.0969316959381104,
   1.0875139236450195,
   1.083794116973877,
   1.0748991966247559,
   1.0865522623062134,
   1.0850955247879028,
   1.0904659032821655,
   1.0588206052780151,
   1.1080719232559204,
   1.105751633644104,
   1.0920642614364624,
   1.0863409042358398,
   1.0861396789550781,
   1.0420761108398438,
   1.0321576595306396,
   1.044075608253479,
   1.0141416788101196,
   0.9855863451957703,
   1.008057713508606,
   0.9994489550590515,
   1.0356999635696411,
   1.0823920965194702,
   1.0415257215499878,
   0.9992596507072449,
   1.0561587810516357,
   1.0687220096588135,
   1.090911626815796,
   1.1288398504257202,
   1.1789134740829468,
   1.230818510055542,
   1.1629917621612549,
   1.1794829368591309,
   1.1657612323760986,
   1.149489402770996,
   1.1668920516967773,
   1.1413490772247314,
   1.1579698324203491,
   1.1922616958618164,
   1.217503309249878,
   1.1955190896987915,
   1.1796562671661377,
   1.1917054653167725,
   1.1858718395233154,
   1.2384209632873535,
   1.2193667888641357,
   1.2186062335968018,
   1.2381483316421509,
   1.2212929725646973
  ],
  "amp_modulation_mean_valid_only": [
   1.1979424953460693,
   1.1259663105010986,
   1.155559778213501,
   1.1019129753112793,
   1.1211001873016357,
   1.1000744104385376,
   1.1162830591201782,
   1.082026481628418,
   1.0924503803253174,
   1.0418156385421753,
   1.0347830057144165,
   1.0254089832305908,
   1.0329900979995728,
   1.0217088460922241,
   1.0516618490219116,
   1.0327258110046387,
   1.0675232410430908,
   1.0497335195541382,
   1.0846089124679565,
   1.0771225690841675,
   1.0856133699417114,
   1.0603350400924683,
   1.1080719232559204,
   1.105751633644104,
   1.0920642614364624,
   1.0863409042358398,
   1.0861396789550781,
   1.0420761108398438,
   1.0321576595306396,
   1.044075608253479,
   1.0141416788101196,
   0.9855863451957703,
   1.008057713508606,
   0.9994489550590515,
   1.0356999635696411,
   1.0823920965194702,
   1.0415257215499878,
   0.9992596507072449,
   1.0561587810516357,
   1.0687220096588135,
   1.090911626815796,
   1.1288398504257202,
   1.1789134740829468,
   1.230818510055542,
   1.1629917621612549,
   1.1794829368591309,
   1.1657612323760986,
   1.149489402770996,
   1.1668920516967773,
   1.1413490772247314,
   1.1579698324203491,
   1.1922616958618164,
   1.217503309249878,
   1.1955190896987915,
   1.1796562671661377,
   1.1917054653167725,
   1.1858718395233154,
   1.2384209632873535,
   1.2193667888641357,
   1.2186062335968018,
   1.2381483316421509,
   1.2212929725646973
  ],
  "phase_consistency_across_units": [
   0.017846273258328438,
   0.007847379893064499,
   0.008289728313684464,
   0.026654860004782677,
   0.013617408461868763,
   0.03126281499862671,
   0.02172761596739292,
   0.0314781591296196,
   0.021027056500315666,
   0.042965710163116455,
   0.03195216879248619,
   0.02935550920665264,
   0.02392977476119995,
   0.025327686220407486,
   0.015463431365787983,
   0.014353638514876366,
   0.034599337726831436,
   0.01613922417163849,
   0.03222291171550751,
   0.037752408534288406,
   0.024339862167835236,
   0.03292755037546158,
   0.023797493427991867,
   0.019422588869929314,
   0.013753009960055351,
   0.017359493300318718,
   0.026799798011779785,
   0.025429971516132355,
   0.01861344650387764,
   0.017727702856063843,
   0.014124903827905655,
   0.006211775820702314,
   0.007715289015322924,
   0.010224703699350357,
   0.015066253952682018,
   0.009067212231457233,
   0.0053459955379366875,
   0.015443972311913967,
   0.021413562819361687,
   0.019674429669976234,
   0.01363582257181406,
   0.025645572692155838,
   0.017137594521045685,
   0.021134182810783386,
   0.023198464885354042,
   0.01186793576925993,
   0.022831175476312637,
   0.011911877430975437,
   0.008452815935015678,
   0.023635568097233772,
   0.008673110976815224,
   0.010479943826794624,
   0.014876991510391235,
   0.01918148808181286,
   0.0028393433894962072,
   0.012883514165878296,
   0.016274861991405487,
   0.01750650443136692,
   0.019817057996988297,
   0.013953281566500664,
   0.006953260861337185,
   0.013526054099202156
  ],
  "freq_mean": [
   0.15660227835178375,
   0.03180940821766853,
   0.16906671226024628,
   0.025480827316641808,
   0.1415691077709198,
   0.09211042523384094,
   0.15729740262031555,
   0.08217703551054001,
   0.09792657196521759,
   0.09083878993988037,
   0.1286139041185379,
   0.08953505754470825,
   0.12098795175552368,
   0.0977826789021492,
   0.17314288020133972,
   0.11417782306671143,
   0.15587928891181946,
   0.09334462136030197,
   0.20931465923786163,
   0.15359291434288025,
   0.1932472437620163,
   0.10104344040155411,
   0.2916579842567444,
   0.17637881636619568,
   0.21068668365478516,
   0.18468204140663147,
   0.2625044882297516,
   0.15731337666511536,
   0.22531382739543915,
   0.20361952483654022,
   0.13944140076637268,
   0.17729303240776062,
   0.1913938820362091,
   0.18528009951114655,
   0.2416200190782547,
   0.26993563771247864,
   0.1726406365633011,
   0.17843401432037354,
   0.23804597556591034,
   0.1902589201927185,
   0.25072017312049866,
   0.1997871696949005,
   0.2834603190422058,
   0.26146450638771057,
   0.19598135352134705,
   0.2577439248561859,
   0.21669960021972656,
   0.230844646692276,
   0.24278700351715088,
   0.18867060542106628,
   0.25720861554145813,
   0.2360069304704666,
   0.31106048822402954,
   0.18796484172344208,
   0.28993555903434753,
   0.23077209293842316,
   0.3516095280647278,
   0.30439287424087524,
   0.3779991567134857,
   0.25556591153144836,
   0.57015460729599
  ],
  "freq_deviation_abs_mean": [
   0.39832231402397156,
   0.26321157813072205,
   0.3079233765602112,
   0.2846551537513733,
   0.28147780895233154,
   0.26399582624435425,
   0.26276895403862,
   0.28103193640708923,
   0.26511716842651367,
   0.26850780844688416,
   0.2687036395072937,
   0.28569889068603516,
   0.26070839166641235,
   0.31474944949150085,
   0.33194223046302795,
   0.3454616963863373,
   0.2820795476436615,
   0.3328750729560852,
   0.3581055700778961,
   0.40441542863845825,
   0.371161550283432,
   0.41818898916244507,
   0.3789716362953186,
   0.4055318236351013,
   0.3624371588230133,
   0.3894946575164795,
   0.347616970539093,
   0.38569706678390503,
   0.3481563627719879,
   0.3530677258968353,
   0.3678833842277527,
   0.3600625693798065,
   0.3774815499782562,
   0.3803529143333435,
   0.3899584710597992,
   0.3825429379940033,
   0.3396608233451843,
   0.39442989230155945,
   0.3896813988685608,
   0.3751913607120514,
   0.3918786644935608,
   0.4133372902870178,
   0.40989845991134644,
   0.386791855096817,
   0.3934763967990875,
   0.3866786062717438,
   0.37199559807777405,
   0.37804070115089417,
   0.3385545015335083,
   0.36183038353919983,
   0.3962831497192383,
   0.4093838632106781,
   0.37206730246543884,
   0.4424940049648285,
   0.4721860885620117,
   0.5214782953262329,
   0.47932761907577515,
   0.5116947293281555,
   0.4703817367553711,
   0.5456720590591431,
   0.5033552050590515
  ],