{
 "position": 64,
 "sequence_aa": "S",
 "substrate_file": "/Users/djbray/Desktop/esm2/esm2_substrate_facebook_esm2_t33_650M_UR50D/substrate.npz",
 "n_sublayers": 62,
 "n_units": 1280,
 "depth_profiles": {
  "amp_mean": [
   10.225656509399414,
   5.6562910079956055,
   5.756534099578857,
   4.515896320343018,
   4.58472204208374,
   3.930105686187744,
   3.9864163398742676,
   3.596924304962158,
   3.631415605545044,
   3.378343105316162,
   3.4408206939697266,
   3.2632622718811035,
   3.3706252574920654,
   3.257481098175049,
   3.4545044898986816,
   3.3148880004882812,
   3.4800057411193848,
   3.4193806648254395,
   3.5041344165802,
   3.51475191116333,
   3.6697044372558594,
   3.5463688373565674,
   4.009884834289551,
   4.144845008850098,
   4.000064849853516,
   3.9626388549804688,
   4.089200019836426,
   4.250524044036865,
   4.2509660720825195,
   4.198080539703369,
   4.417937755584717,
   4.565925598144531,
   4.38491678237915,
   4.41085147857666,
   4.53902530670166,
   4.724404335021973,
   4.755784511566162,
   4.793205261230469,
   4.892045021057129,
   5.1781182289123535,
   5.04171895980835,
   5.144150733947754,
   5.368846893310547,
   5.503483772277832,
   5.549407482147217,
   5.584559440612793,
   5.5941877365112305,
   5.503934383392334,
   5.651415824890137,
   5.695441722869873,
   5.784635066986084,
   5.994932651519775,
   6.120808124542236,
   6.226365089416504,
   6.410340785980225,
   6.706725120544434,
   6.873055934906006,
   7.271263122558594,
   7.692418098449707,
   8.374049186706543,
   8.858803749084473,
   11.977816581726074
  ],
  "amp_modulation_mean": [
   1.1829593181610107,
   1.189265489578247,
   1.187412977218628,
   1.1779972314834595,
   1.1856815814971924,
   1.175168752670288,
   1.1773089170455933,
   1.1776212453842163,
   1.1796547174453735,
   1.1755752563476562,
   1.1741135120391846,
   1.1693469285964966,
   1.1842108964920044,
   1.1825729608535767,
   1.2132190465927124,
   1.1993244886398315,
   1.2075556516647339,
   1.212916612625122,
   1.164991021156311,
   1.1883708238601685,
   1.1972532272338867,
   1.1475709676742554,
   1.2232310771942139,
   1.2509269714355469,
   1.1772507429122925,
   1.1299821138381958,
   1.154049038887024,
   1.1495330333709717,
   1.150423288345337,
   1.1103835105895996,
   1.141124963760376,
   1.133532166481018,
   1.097761869430542,
   1.0663901567459106,
   1.0989339351654053,
   1.126440405845642,
   1.1126441955566406,
   1.0864009857177734,
   1.0964329242706299,
   1.151469111442566,
   1.1148090362548828,
   1.123089075088501,
   1.1532684564590454,
   1.162703275680542,
   1.159393072128296,
   1.1639009714126587,
   1.1494914293289185,
   1.129637360572815,
   1.1400775909423828,
   1.1475673913955688,
   1.1298651695251465,
   1.1686339378356934,
   1.1621602773666382,
   1.173267126083374,
   1.169676661491394,
   1.1982266902923584,
   1.1821727752685547,
   1.1904693841934204,
   1.201196551322937,
   1.2188416719436646,
   1.2058312892913818,
   1.1674346923828125
  ],
  "phase_consistency_across_units": [
   0.025240499526262283,
   0.03314334899187088,
   0.03501923754811287,
   0.03357718139886856,
   0.020329782739281654,
   0.03633570671081543,
   0.02608484961092472,
   0.038025181740522385,
   0.02800670452415943,
   0.03765774145722389,
   0.022758984938263893,
   0.030332783237099648,
   0.029731737449765205,
   0.018474888056516647,
   0.030852138996124268,
   0.014689610339701176,
   0.022349607199430466,
   0.021237613633275032,
   0.016212832182645798,
   0.022834934294223785,
   0.012986753135919571,
   0.02473384514451027,
   0.017708266153931618,
   0.011318158358335495,
   0.01885846257209778,
   0.021334711462259293,
   0.010644469410181046,
   0.019275637343525887,
   0.011750730685889721,
   0.015326593071222305,
   0.014709439128637314,
   0.02403425984084606,
   0.021116433665156364,
   0.014962228946387768,
   0.015100514516234398,
   0.01804700493812561,
   0.009141308255493641,
   0.008852498605847359,
   0.014897766523063183,
   0.009592973627150059,
   0.011364615522325039,
   0.006200019735842943,
   0.01094641350209713,
   0.010309654287993908,
   0.014532261528074741,
   0.011965268291532993,
   0.0028905775398015976,
   0.010349164716899395,
   0.00633692741394043,
   0.008489741012454033,
   0.011997810564935207,
   0.01088663563132286,
   0.015981826931238174,
   0.01235144678503275,
   0.01039941981434822,
   0.008569566532969475,
   0.004350009839981794,
   0.006444868631660938,
   0.011442277580499649,
   0.014892066828906536,
   0.006297838408499956,
   0.010381435044109821
  ],
  "freq_mean": [
   0.1621849536895752,
   0.04325980693101883,
   0.1354232132434845,
   0.06646880507469177,
   0.15031273663043976,
   0.055655550211668015,
   0.15372474491596222,
   0.06456468254327774,
   0.10422682762145996,
   0.08728886395692825,
   0.11407284438610077,
   0.07983927428722382,
   0.10661456733942032,
   0.08481042087078094,
   0.20516066253185272,
   0.09060768038034439,
   0.2014264315366745,
   0.11176888644695282,
   0.1811847984790802,
   0.12608419358730316,
   0.16282053291797638,
   0.10594497621059418,
   0.30508050322532654,
   0.21770882606506348,
   0.1745077669620514,
   0.15813085436820984,
   0.2267390936613083,
   0.2217433899641037,
   0.20163846015930176,
   0.1626211404800415,
   0.2581419050693512,
   0.2103298008441925,
   0.1548021286725998,
   0.1865788996219635,
   0.24399268627166748,
   0.21709926426410675,
   0.23557457327842712,
   0.18957088887691498,
   0.21844902634620667,
   0.24198684096336365,
   0.16484686732292175,
   0.21547937393188477,
   0.24055728316307068,
   0.2553229033946991,
   0.2246057093143463,
   0.23815059661865234,
   0.19217535853385925,
   0.16818279027938843,
   0.248625710606575,
   0.19775184988975525,
   0.24810676276683807,
   0.23002846539020538,
   0.2551681399345398,
   0.2114160805940628,
   0.3096962571144104,
   0.2438163310289383,
   0.257659375667572,
   0.24382558465003967,
   0.3567337989807129,
   0.22569283843040466,
   0.5102576017379761
  ],
  "freq_deviation_abs_mean": [
   0.3418053984642029,
   0.23803368210792542,
   0.24997811019420624,
   0.24341396987438202,
   0.24753685295581818,
   0.2560557425022125,
   0.22464914619922638,
   0.23454561829566956,
   0.22712615132331848,
   0.22299043834209442,
   0.21434791386127472,
   0.24486558139324188,
   0.2288777381181717,
   0.29142123460769653,
   0.3091652989387512,
   0.3525722622871399,
   0.33546677231788635,
   0.3397919833660126,
   0.31657400727272034,
   0.3894321322441101,
   0.34349802136421204,
   0.3804478049278259,
   0.3843476176261902,
   0.39181143045425415,
   0.34982994198799133,
   0.35631170868873596,
   0.3825100362300873,
   0.3751084804534912,
   0.3329339921474457,
   0.34518808126449585,
   0.36922046542167664,
   0.3578755259513855,
   0.3434353470802307,
   0.3515820801258087,
   0.37077152729034424,
   0.3905698359012604,
   0.35085809230804443,
   0.374162495136261,
   0.4095376133918762,
   0.36226707696914673,
   0.36063775420188904,
   0.3360219895839691,
   0.3574938476085663,
   0.3893052935600281,
   0.3947118818759918,
   0.3678658604621887,
   0.36092326045036316,
   0.37190762162208557,
   0.3615332245826721,
   0.39523905515670776,
   0.3713342249393463,
   0.39008718729019165,
   0.4000256657600403,
   0.46264925599098206,
   0.4486818313598633,
   0.4708222448825836,
   0.41868528723716736,
   0.4144316613674164,
   0.40694063901901245,
   0.4640067517757416,
   0.44044095277786255
  ]
 },
 "top_units_by_amp_modulation_max": [
  {
   "unit": 625,
   "max_amp_mod": 5.226418972015381,
   "argmax_sublayer": 22
  },
  {
   "unit": 578,
   "max_amp_mod": 4.926342010498047,
   "argmax_sublayer": 0
  },
  {
   "unit": 1192,
   "max_amp_mod": 4.836831569671631,
   "argmax_sublayer": 0
  },
  {
   "unit": 947,
   "max_amp_mod": 4.678321838378906,
   "argmax_sublayer": 0
  },
  {
   "unit": 970,
   "max_amp_mod": 4.653132915496826,