{
 "position": 68,
 "sequence_aa": "L",
 "substrate_file": "/home/dbrayjr5/esm2-osc/esm2_substrate_facebook_esm2_t33_650M_UR50D/substrate.npz",
 "n_sublayers": 62,
 "n_units": 1280,
 "validity_floor": {
  "quantile": 0.1,
  "absolute_value": 2.7328476905822754,
  "n_valid_cells": 71424,
  "n_total_cells": 79360,
  "fraction_valid": 0.9
 },
 "depth_profiles": {
  "amp_modulation_mean": [
   1.3544566631317139,
   1.3875869512557983,
   1.3678346872329712,
   1.3578201532363892,
   1.350955605506897,
   1.3492248058319092,
   1.3460359573364258,
   1.3395808935165405,
   1.3483941555023193,
   1.3417890071868896,
   1.336524248123169,
   1.3295786380767822,
   1.338150978088379,
   1.335327386856079,
   1.3597533702850342,
   1.3452625274658203,
   1.3637492656707764,
   1.3607791662216187,
   1.3132356405258179,
   1.3470207452774048,
   1.353214979171753,
   1.3354326486587524,
   1.389218807220459,
   1.4475053548812866,
   1.3581886291503906,
   1.3115018606185913,
   1.3707736730575562,
   1.3888790607452393,
   1.3629801273345947,
   1.3527476787567139,
   1.366040825843811,
   1.3662338256835938,
   1.3142879009246826,
   1.2340385913848877,
   1.241161584854126,
   1.2071071863174438,
   1.2546592950820923,
   1.2353402376174927,
   1.2426894903182983,
   1.2722941637039185,
   1.2375227212905884,
   1.2295992374420166,
   1.2556030750274658,
   1.2927511930465698,
   1.3176151514053345,
   1.3133577108383179,
   1.2639989852905273,
   1.2882261276245117,
   1.252050757408142,
   1.2295671701431274,
   1.2723156213760376,
   1.30579674243927,
   1.2992311716079712,
   1.3583171367645264,
   1.3083293437957764,
   1.2820470333099365,
   1.3023462295532227,
   1.3141463994979858,
   1.3345324993133545,
   1.3275350332260132,
   1.3081519603729248,
   1.3204731941223145
  ],
  "amp_modulation_mean_valid_only": [
   1.3544566631317139,
   1.3875869512557983,
   1.3678346872329712,
   1.3578201532363892,
   1.350955605506897,
   1.3508038520812988,
   1.3460359573364258,
   1.3263047933578491,
   1.3429722785949707,
   1.3116306066513062,
   1.3225582838058472,
   1.2844624519348145,
   1.3230997323989868,
   1.331758975982666,
   1.3686022758483887,
   1.3476425409317017,
   1.3613682985305786,
   1.3686124086380005,
   1.3146097660064697,
   1.347123622894287,
   1.3611189126968384,
   1.3312374353408813,
   1.389218807220459,
   1.4475053548812866,
   1.3581886291503906,
   1.3115018606185913,
   1.3707736730575562,
   1.3888790607452393,
   1.3629801273345947,
   1.3527476787567139,
   1.366040825843811,
   1.3662338256835938,
   1.3142879009246826,
   1.2340385913848877,
   1.241161584854126,
   1.2071071863174438,
   1.2546592950820923,
   1.2353402376174927,
   1.2426894903182983,
   1.2722941637039185,
   1.2375227212905884,
   1.2295992374420166,
   1.2556030750274658,
   1.2927511930465698,
   1.3176151514053345,
   1.3133577108383179,
   1.2639989852905273,
   1.2882261276245117,
   1.252050757408142,
   1.2295671701431274,
   1.2723156213760376,
   1.30579674243927,
   1.2992311716079712,
   1.3583171367645264,
   1.3083293437957764,
   1.2820470333099365,
   1.3023462295532227,
   1.3141463994979858,
   1.3345324993133545,
   1.3275350332260132,
   1.3081519603729248,
   1.3204731941223145
  ],
  "phase_consistency_across_units": [
   0.026830464601516724,
   0.022541437298059464,
   0.03134576976299286,
   0.029978560283780098,
   0.03323080763220787,
   0.03285476565361023,
   0.03422980383038521,
   0.04070502147078514,
   0.04193730279803276,
   0.04882364720106125,
   0.04902584105730057,
   0.04179977625608444,
   0.042656540870666504,
   0.041345905512571335,
   0.029469037428498268,
   0.028399387374520302,
   0.03392616659402847,
   0.024300409480929375,
   0.025962522253394127,
   0.019972363486886024,
   0.008371160365641117,
   0.023054545745253563,
   0.026101121678948402,
   0.01755654811859131,
   0.0128669748082757,
   0.011872022412717342,
   0.015828967094421387,
   0.03177015110850334,
   0.01972229778766632,
   0.013209268450737,
   0.015905121341347694,
   0.013616389594972134,
   0.015789421275258064,
   0.015646157786250114,
   0.011568092741072178,
   0.01368954498320818,
   0.021325992420315742,
   0.012170214205980301,
   0.02093765325844288,
   0.02249748632311821,
   0.031942643225193024,
   0.030845774337649345,
   0.03418591991066933,
   0.024285022169351578,
   0.016994066536426544,
   0.007064375095069408,
   0.00899540726095438,
   0.006167158484458923,
   0.010027172043919563,
   0.011634339578449726,
   0.015965493395924568,
   0.007071220315992832,
   0.0107579929754138,
   0.012012367136776447,
   0.012240882962942123,
   0.027211515232920647,
   0.01287777442485094,
   0.01962766982614994,
   0.017006056383252144,
   0.01790640503168106,
   0.0157377440482378,
   0.022972239181399345
  ],
  "freq_mean": [
   0.14476874470710754,
   0.04930894821882248,
   0.14045950770378113,
   0.030726630240678787,
   0.12231914699077606,
   0.05716743320226669,
   0.10887930542230606,
   0.06695188581943512,
   0.12445662170648575,
   0.06324166059494019,
   0.08775021135807037,
   0.07411980628967285,
   0.10350780189037323,
   0.10862229019403458,
   0.1632688045501709,
   0.10175321996212006,
   0.21535174548625946,
   0.10866498947143555,
   0.1910761147737503,
   0.11308453977108002,
   0.1715453416109085,
   0.09079315513372421,
   0.278119832277298,
   0.18754759430885315,
   0.16570469737052917,
   0.13699403405189514,
   0.2476651668548584,
   0.2207377403974533,
   0.17425952851772308,
   0.19356262683868408,
   0.22510762512683868,
   0.2336157262325287,
   0.15911652147769928,
   0.20458348095417023,
   0.15726037323474884,
   0.1655798703432083,
   0.21696129441261292,
   0.17716941237449646,
   0.2602924406528473,
   0.18314164876937866,
   0.16670605540275574,
   0.1784314662218094,
   0.1989082396030426,
   0.2389066517353058,
   0.26445719599723816,
   0.21312256157398224,
   0.20718534290790558,
   0.2142959088087082,
   0.18024727702140808,
   0.18877533078193665,
   0.27659544348716736,
   0.17163075506687164,
   0.23789477348327637,
   0.24665305018424988,
   0.20193040370941162,
   0.1880512684583664,
   0.2671058177947998,
   0.22920989990234375,
   0.3180851936340332,
   0.15533940494060516,
   0.48423242568969727
  ],
  "freq_deviation_abs_mean": [
   0.29643329977989197,
   0.19217181205749512,
   0.21530559659004211,
   0.2213556319475174,
   0.20711664855480194,
   0.21521897614002228,
   0.20153293013572693,
   0.21116241812705994,
   0.21323254704475403,
   0.22511664032936096,
   0.20642690360546112,
   0.2243085354566574,
   0.2171267569065094,
   0.2665540277957916,
   0.3003755211830139,
   0.3100309371948242,
   0.28609010577201843,
   0.31703683733940125,
   0.3026822805404663,
   0.34037989377975464,
   0.3069148063659668,
   0.344623863697052,
   0.3521508574485779,
   0.392966628074646,
   0.3550429940223694,
   0.3381426930427551,
   0.3347761631011963,
   0.35171476006507874,
   0.3565714657306671,
   0.3476998209953308,
   0.3721720278263092,
   0.34791630506515503,
   0.3351448178291321,
   0.33150923252105713,
   0.3267064094543457,
   0.36355409026145935,
   0.35852181911468506,
   0.3792720139026642,
   0.3596406579017639,
   0.34747523069381714,
   0.31604084372520447,
   0.3451750576496124,
   0.36721891164779663,
   0.35139694809913635,
   0.3565236032009125,
   0.37082552909851074,
   0.3915168344974518,
   0.36435168981552124,
   0.33346253633499146,
   0.38161635398864746,
   0.38107651472091675,
   0.3978511095046997,
   0.42044591903686523,
   0.41519564390182495,
   0.3908541202545166,
   0.40942293405532837,
   0.42918911576271057,
   0.4371045231819153,
   0.3746240437030792,
   0.4060811400413513,
   0.4000035226345062
  ],