{
 "position": 11,
 "sequence_aa": "T",
 "substrate_file": "/home/dbrayjr5/esm2-osc/esm2_substrate_facebook_esm2_t33_650M_UR50D/substrate.npz",
 "n_sublayers": 62,
 "n_units": 1280,
 "validity_floor": {
  "quantile": 0.1,
  "absolute_value": 2.7328476905822754,
  "n_valid_cells": 71424,
  "n_total_cells": 79360,
  "fraction_valid": 0.9
 },
 "depth_profiles": {
  "amp_modulation_mean": [
   1.146670937538147,
   1.1094532012939453,
   1.1182024478912354,
   1.0830271244049072,
   1.0913890600204468,
   1.0708670616149902,
   1.0848948955535889,
   1.0691173076629639,
   1.0858606100082397,
   1.063836693763733,
   1.0770355463027954,
   1.0649152994155884,
   1.0789539813995361,
   1.0693756341934204,
   1.0989001989364624,
   1.0836596488952637,
   1.0844535827636719,
   1.0877978801727295,
   1.1093227863311768,
   1.1078226566314697,
   1.1172205209732056,
   1.0833404064178467,
   1.1611839532852173,
   1.1539700031280518,
   1.0975534915924072,
   1.066583275794983,
   1.0676888227462769,
   1.0719845294952393,
   1.038560152053833,
   1.0211083889007568,
   1.0121595859527588,
   0.997982382774353,
   0.9636728167533875,
   0.9429301023483276,
   0.9651018381118774,
   1.0006320476531982,
   0.9873447418212891,
   0.9787492752075195,
   1.012179970741272,
   1.0603824853897095,
   1.0414912700653076,
   1.0287282466888428,
   1.0177075862884521,
   0.9937049746513367,
   1.0107251405715942,
   1.0127365589141846,
   1.0366257429122925,
   1.0874402523040771,
   1.1052577495574951,
   1.1409435272216797,
   1.1408336162567139,
   1.1180082559585571,
   1.143621563911438,
   1.1737115383148193,
   1.1606357097625732,
   1.1951743364334106,
   1.22444748878479,
   1.213838815689087,
   1.1867281198501587,
   1.1688873767852783,
   1.1620845794677734,
   1.149302363395691
  ],
  "amp_modulation_mean_valid_only": [
   1.146670937538147,
   1.1094532012939453,
   1.1182024478912354,
   1.0830271244049072,
   1.0913890600204468,
   1.0712497234344482,
   1.0848948955535889,
   1.0634396076202393,
   1.0741374492645264,
   1.0501081943511963,
   1.0584416389465332,
   1.003641963005066,
   1.036473274230957,
   0.9998455047607422,
   1.0871479511260986,
   1.091745138168335,
   1.0609838962554932,
   1.0670477151870728,
   1.0981909036636353,
   1.096575140953064,
   1.116995930671692,
   1.0798845291137695,
   1.1611839532852173,
   1.1539700031280518,
   1.0975534915924072,
   1.066583275794983,
   1.0676888227462769,
   1.0719845294952393,
   1.038560152053833,
   1.0211083889007568,
   1.0121595859527588,
   0.997982382774353,
   0.9636728167533875,
   0.9429301023483276,
   0.9651018381118774,
   1.0006320476531982,
   0.9873447418212891,
   0.9787492752075195,
   1.012179970741272,
   1.0603824853897095,
   1.0414912700653076,
   1.0287282466888428,
   1.0177075862884521,
   0.9937049746513367,
   1.0107251405715942,
   1.0127365589141846,
   1.0366257429122925,
   1.0874402523040771,
   1.1052577495574951,
   1.1409435272216797,
   1.1408336162567139,
   1.1180082559585571,
   1.143621563911438,
   1.1737115383148193,
   1.1606357097625732,
   1.1951743364334106,
   1.22444748878479,
   1.213838815689087,
   1.1867281198501587,
   1.1688873767852783,
   1.1620845794677734,
   1.149302363395691
  ],
  "phase_consistency_across_units": [
   0.01491335779428482,
   0.010890040546655655,
   0.007730511482805014,
   0.014651091769337654,
   0.014078117907047272,
   0.031192446127533913,
   0.01793481782078743,
   0.03663095831871033,
   0.016454163938760757,
   0.024256478995084763,
   0.021929007023572922,
   0.014428582042455673,
   0.02133204974234104,
   0.015910211950540543,
   0.02675842121243477,
   0.016545532271265984,
   0.023084500804543495,
   0.0152598200365901,
   0.02714189514517784,
   0.018337460234761238,
   0.024847034364938736,
   0.03434089198708534,
   0.01538317184895277,
   0.024067049846053123,
   0.0211262796074152,
   0.024185145273804665,
   0.018960604444146156,
   0.02943303994834423,
   0.035260215401649475,
   0.037779469043016434,
   0.02300294302403927,
   0.017561733722686768,
   0.01775464229285717,
   0.025627311319112778,
   0.019023386761546135,
   0.01646624132990837,
   0.019324149936437607,
   0.0163076501339674,
   0.022518297657370567,
   0.010684041306376457,
   0.02084609679877758,
   0.010560612194240093,
   0.017590539529919624,
   0.013963396660983562,
   0.009079641662538052,
   0.007490699179470539,
   0.007539357058703899,
   0.028802970424294472,
   0.014091968536376953,
   0.017121339216828346,
   0.0191560797393322,
   0.017202364280819893,
   0.024029375985264778,
   0.021344291046261787,
   0.028497401624917984,
   0.010632493533194065,
   0.015580054372549057,
   0.014853308908641338,
   0.014665735885500908,
   0.019680844619870186,
   0.008341386914253235,
   0.0176839679479599
  ],
  "freq_mean": [
   0.15277507901191711,
   0.024733025580644608,
   0.15958720445632935,
   0.033107124269008636,
   0.13217410445213318,
   0.06005442142486572,
   0.1296180933713913,
   0.09198033809661865,
   0.1477425992488861,
   0.06870368868112564,
   0.14536328613758087,
   0.07410021126270294,
   0.13461516797542572,
   0.08607394993305206,
   0.18209174275398254,
   0.09763934463262558,
   0.1432999223470688,
   0.11291124671697617,
   0.2138376235961914,
   0.12209419906139374,
   0.21183058619499207,
   0.1094919890165329,
   0.3278663158416748,
   0.17202961444854736,
   0.22260436415672302,
   0.1547485589981079,
   0.24038740992546082,
   0.2122756689786911,
   0.19101962447166443,
   0.16505280137062073,
   0.23205503821372986,
   0.17820823192596436,
   0.186453714966774,
   0.15902361273765564,
   0.22612428665161133,
   0.21434536576271057,
   0.215083509683609,
   0.2226870357990265,
   0.28696680068969727,
   0.2724404036998749,
   0.21127095818519592,
   0.22696399688720703,
   0.18858471512794495,
   0.21684837341308594,
   0.19324234127998352,
   0.16983620822429657,
   0.21635189652442932,
   0.24037615954875946,
   0.23700034618377686,
   0.27015355229377747,
   0.23081231117248535,
   0.21227912604808807,
   0.2881353795528412,
   0.2084091603755951,
   0.2977146506309509,
   0.2584918737411499,
   0.32730191946029663,
   0.2900577783584595,
   0.3358091413974762,
   0.2042859047651291,
   0.5314520597457886
  ],
  "freq_deviation_abs_mean": [
   0.36512333154678345,
   0.23768433928489685,
   0.2798399329185486,
   0.268552303314209,
   0.23376326262950897,
   0.2462383508682251,
   0.2391202449798584,
   0.27482959628105164,
   0.2569334805011749,
   0.2808913588523865,
   0.25137442350387573,
   0.2674523890018463,
   0.2391722947359085,
   0.3037399649620056,
   0.31502780318260193,
   0.32842838764190674,
   0.28576093912124634,
   0.3202618956565857,
   0.3399966359138489,
   0.3982241153717041,
   0.3572811484336853,
   0.3941681385040283,
   0.3568480908870697,
   0.39270058274269104,
   0.3406815230846405,
   0.34943604469299316,
   0.3439783751964569,
   0.3647894263267517,
   0.3323146402835846,
   0.36569684743881226,
   0.35464048385620117,
   0.3615231513977051,
   0.32068079710006714,
   0.36315086483955383,
   0.37676921486854553,
   0.41404008865356445,
   0.3904198110103607,
   0.3927312195301056,
   0.42056480050086975,
   0.4085777699947357,
   0.36693888902664185,
   0.3761703670024872,
   0.38767799735069275,
   0.36672598123550415,
   0.35580578446388245,
   0.3623127341270447,
   0.38898271322250366,
   0.3947436213493347,
   0.38544899225234985,
   0.38343745470046997,
   0.37862691283226013,
   0.39405104517936707,
   0.39085111021995544,
   0.426332950592041,
   0.42179280519485474,
   0.4618346095085144,
   0.44277915358543396,
   0.45515936613082886,
   0.45733442902565,
   0.47731032967567444,
   0.44669780135154724
  ],