{
 "position": 10,
 "sequence_aa": "K",
 "substrate_file": "/home/dbrayjr5/esm2-osc/esm2_substrate_facebook_esm2_t33_650M_UR50D/substrate.npz",
 "n_sublayers": 62,
 "n_units": 1280,
 "validity_floor": {
  "quantile": 0.1,
  "absolute_value": 2.7328476905822754,
  "n_valid_cells": 71424,
  "n_total_cells": 79360,
  "fraction_valid": 0.9
 },
 "depth_profiles": {
  "amp_modulation_mean": [
   1.0408998727798462,
   1.0259621143341064,
   1.0386648178100586,
   1.0126621723175049,
   1.025151014328003,
   1.0101194381713867,
   1.0166593790054321,
   1.009685754776001,
   1.0231962203979492,
   1.0175025463104248,
   1.0227575302124023,
   1.0119411945343018,
   1.0323938131332397,
   1.018568754196167,
   1.0574445724487305,
   1.0444015264511108,
   1.040724754333496,
   1.0444084405899048,
   1.0592918395996094,
   1.0659562349319458,
   1.0835630893707275,
   1.0572080612182617,
   1.132938027381897,
   1.1330269575119019,
   1.0442354679107666,
   1.0118001699447632,
   1.0337598323822021,
   1.013535976409912,
   1.0010218620300293,
   0.9998207092285156,
   0.999104380607605,
   0.9718071818351746,
   0.9337505102157593,
   0.9037607312202454,
   0.938464343547821,
   0.9731407165527344,
   0.9708257913589478,
   0.9843473434448242,
   1.0159204006195068,
   1.080963373184204,
   1.0424625873565674,
   1.0060824155807495,
   0.9886941909790039,
   0.9599865078926086,
   0.9804018139839172,
   0.9883956909179688,
   0.9926565289497375,
   1.0300068855285645,
   1.0182734727859497,
   1.0080887079238892,
   1.0157397985458374,
   1.020324468612671,
   1.0175977945327759,
   1.0244405269622803,
   1.0079903602600098,
   1.0250422954559326,
   1.0382648706436157,
   1.0414674282073975,
   1.022719144821167,
   1.0835603475570679,
   1.0743749141693115,
   1.0385710000991821
  ],
  "amp_modulation_mean_valid_only": [
   1.0408998727798462,
   1.0259621143341064,
   1.0386648178100586,
   1.0126621723175049,
   1.025151014328003,
   1.0096940994262695,
   1.0166593790054321,
   1.0096423625946045,
   1.0247063636779785,
   0.9760254621505737,
   1.0006401538848877,
   0.9828740358352661,
   0.9845336079597473,
   0.9851279258728027,
   1.0435142517089844,
   1.0653908252716064,
   1.0235297679901123,
   1.0222810506820679,
   1.0585424900054932,
   1.0694596767425537,
   1.0859756469726562,
   1.0579586029052734,
   1.132938027381897,
   1.1330269575119019,
   1.0442354679107666,
   1.0118001699447632,
   1.0337598323822021,
   1.013535976409912,
   1.0010218620300293,
   0.9998207092285156,
   0.999104380607605,
   0.9718071818351746,
   0.9337505102157593,
   0.9037607312202454,
   0.938464343547821,
   0.9731407165527344,
   0.9708257913589478,
   0.9843473434448242,
   1.0159204006195068,
   1.080963373184204,
   1.0424625873565674,
   1.0060824155807495,
   0.9886941909790039,
   0.9599865078926086,
   0.9804018139839172,
   0.9883956909179688,
   0.9926565289497375,
   1.0300068855285645,
   1.0182734727859497,
   1.0080887079238892,
   1.0157397985458374,
   1.020324468612671,
   1.0175977945327759,
   1.0244405269622803,
   1.0079903602600098,
   1.0250422954559326,
   1.0382648706436157,
   1.0414674282073975,
   1.022719144821167,
   1.0835603475570679,
   1.0743749141693115,
   1.0385710000991821
  ],
  "phase_consistency_across_units": [
   0.013539643958210945,
   0.012807881459593773,
   0.02006504125893116,
   0.024256402626633644,
   0.02229604311287403,
   0.03259050473570824,
   0.017762217670679092,
   0.03838696330785751,
   0.022541409358382225,
   0.0299917533993721,
   0.019271813333034515,
   0.02254348061978817,
   0.0199055727571249,
   0.02444784715771675,
   0.022339724004268646,
   0.0038577858358621597,
   0.01090866606682539,
   0.011614393442869186,
   0.015177841298282146,
   0.014628513716161251,
   0.013410544022917747,
   0.018684394657611847,
   0.01598617620766163,
   0.02760084718465805,
   0.01801723800599575,
   0.020594032481312752,
   0.023943739011883736,
   0.021219654008746147,
   0.016237277537584305,
   0.015610276721417904,
   0.011479946784675121,
   0.010635907761752605,
   0.007723101880401373,
   0.02327802963554859,
   0.016905207186937332,
   0.01868494227528572,
   0.014076665975153446,
   0.014013850130140781,
   0.00482957623898983,
   0.021779904142022133,
   0.02324559912085533,
   0.004910570103675127,
   0.016139807179570198,
   0.015401084907352924,
   0.007111609913408756,
   0.008528754115104675,
   0.010207959450781345,
   0.012610156089067459,
   0.013573795557022095,
   0.012744947336614132,
   0.018474236130714417,
   0.009931083768606186,
   0.0033963872119784355,
   0.01719163917005062,
   0.005878728814423084,
   0.008245173841714859,
   0.011757027357816696,
   0.006728998851031065,
   0.014541496522724628,
   0.019123796373605728,
   0.016417963430285454,
   0.006408446002751589
  ],
  "freq_mean": [
   0.12769849598407745,
   0.06307082623243332,
   0.14324626326560974,
   0.06495720893144608,
   0.1355438530445099,
   0.0676022619009018,
   0.133229061961174,
   0.06870675832033157,
   0.13290400803089142,
   0.0853748694062233,
   0.12273125350475311,
   0.07944639027118683,
   0.11775584518909454,
   0.08680589497089386,
   0.19965875148773193,
   0.09030190855264664,
   0.16155996918678284,
   0.10952279716730118,
   0.23588815331459045,
   0.1509522795677185,
   0.2138012945652008,
   0.12330777943134308,
   0.3290276825428009,
   0.16659797728061676,
   0.17729048430919647,
   0.15359722077846527,
   0.21929559111595154,
   0.16694462299346924,
   0.18436184525489807,
   0.1918051540851593,
   0.25077342987060547,
   0.18111315369606018,
   0.1725170612335205,
   0.15272466838359833,
   0.22001592814922333,
   0.17650505900382996,
   0.22428259253501892,
   0.20928022265434265,
   0.3009980618953705,
   0.2831510007381439,
   0.17807774245738983,
   0.2326631098985672,
   0.17505432665348053,
   0.20666280388832092,
   0.2303471863269806,
   0.2042083442211151,
   0.25950103998184204,
   0.2615019381046295,
   0.24478988349437714,
   0.19599230587482452,
   0.2725638449192047,
   0.20708653330802917,
   0.25762829184532166,
   0.19010894000530243,
   0.24816183745861053,
   0.22082701325416565,
   0.3549264371395111,
   0.20807161927223206,
   0.3681156635284424,
   0.2539796233177185,
   0.5447061657905579
  ],
  "freq_deviation_abs_mean": [
   0.38844603300094604,
   0.25157761573791504,
   0.28104856610298157,
   0.26602044701576233,
   0.26164135336875916,
   0.26191073656082153,
   0.2580937445163727,
   0.2603687345981598,
   0.2624250054359436,
   0.2739120125770569,
   0.24857182800769806,
   0.26804226636886597,
   0.24563415348529816,
   0.3045724332332611,
   0.33091771602630615,
   0.3503771424293518,
   0.28968948125839233,
   0.3217099606990814,
   0.34655556082725525,
   0.3978763222694397,
   0.36672264337539673,
   0.4308611750602722,
   0.38391703367233276,
   0.4110822081565857,
   0.34309083223342896,
   0.3451076149940491,
   0.35177019238471985,
   0.368576318025589,
   0.36530137062072754,
   0.3751055598258972,
   0.36540651321411133,
   0.3477499186992645,
   0.3240850567817688,
   0.36389681696891785,
   0.3860218822956085,
   0.42111119627952576,
   0.38666126132011414,
   0.41268712282180786,
   0.42665964365005493,
   0.4302336573600769,
   0.4088830053806305,
   0.3638148903846741,
   0.36066919565200806,
   0.36843743920326233,
   0.3732985258102417,
   0.3828746974468231,
   0.4081876873970032,
   0.40197378396987915,
   0.3635345995426178,
   0.39202645421028137,
   0.3700619041919708,
   0.3802284300327301,
   0.36320358514785767,
   0.39776715636253357,
   0.3902074694633484,
   0.4440229535102844,
   0.41845518350601196,
   0.4770421087741852,
   0.4499998092651367,
   0.5135501623153687,
   0.4740874767303467
  ],