{
 "position": 48,
 "sequence_aa": "Q",
 "substrate_file": "/Users/djbray/Desktop/esm2/esm2_substrate_facebook_esm2_t33_650M_UR50D/substrate.npz",
 "n_sublayers": 62,
 "n_units": 1280,
 "depth_profiles": {
  "amp_mean": [
   10.349787712097168,
   5.643590450286865,
   5.770575046539307,
   4.473503112792969,
   4.5431976318359375,
   3.8672478199005127,
   3.958470106124878,
   3.5238311290740967,
   3.5893986225128174,
   3.302826404571533,
   3.400984525680542,
   3.192626953125,
   3.306786298751831,
   3.1916561126708984,
   3.3983168601989746,
   3.2610061168670654,
   3.413444995880127,
   3.333063840866089,
   3.5983147621154785,
   3.607215166091919,
   3.7271924018859863,
   3.6793313026428223,
   4.185011386871338,
   4.336972713470459,
   4.253289222717285,
   4.379444599151611,
   4.322956085205078,
   4.268614768981934,
   4.263455867767334,
   4.279199123382568,
   4.437095642089844,
   4.532805442810059,
   4.356905937194824,
   4.419112205505371,
   4.222795009613037,
   4.270268440246582,
   4.46216344833374,
   4.628396034240723,
   4.912081718444824,
   5.166146278381348,
   5.138559818267822,
   5.141887664794922,
   5.427313327789307,
   5.582632541656494,
   5.567105293273926,
   5.665935516357422,
   5.701022148132324,
   5.67824649810791,
   5.8740644454956055,
   5.983920097351074,
   6.28039026260376,
   6.7834062576293945,
   6.941224575042725,
   7.045357704162598,
   7.063347816467285,
   6.918066501617432,
   7.421623229980469,
   7.972995758056641,
   7.963311672210693,
   8.480864524841309,
   8.96062183380127,
   12.154417991638184
  ],
  "amp_modulation_mean": [
   1.2061827182769775,
   1.1910299062728882,
   1.19784414768219,
   1.1708579063415527,
   1.1819369792938232,
   1.1604551076889038,
   1.1747788190841675,
   1.158259630203247,
   1.1710008382797241,
   1.15419602394104,
   1.1645857095718384,
   1.1492183208465576,
   1.1680164337158203,
   1.1641699075698853,
   1.197302222251892,
   1.1833903789520264,
   1.188245415687561,
   1.1832245588302612,
   1.1955783367156982,
   1.2186778783798218,
   1.2169885635375977,
   1.193229079246521,
   1.2786080837249756,
   1.3114219903945923,
   1.2536062002182007,
   1.251173496246338,
   1.2170031070709229,
   1.1505491733551025,
   1.1512130498886108,
   1.1281969547271729,
   1.1415356397628784,
   1.1195379495620728,
   1.0866162776947021,
   1.0643657445907593,
   1.0172654390335083,
   1.0137921571731567,
   1.0403494834899902,
   1.0475577116012573,
   1.0990320444107056,
   1.14602792263031,
   1.1343739032745361,
   1.1207149028778076,
   1.165473461151123,
   1.178382396697998,
   1.1619675159454346,
   1.1819559335708618,
   1.1722556352615356,
   1.1652467250823975,
   1.1847656965255737,
   1.2059714794158936,
   1.2264294624328613,
   1.3247830867767334,
   1.3200582265853882,
   1.3297767639160156,
   1.2889564037322998,
   1.2352607250213623,
   1.27632474899292,
   1.3049993515014648,
   1.242563009262085,
   1.2327877283096313,
   1.2190735340118408,
   1.1905343532562256
  ],
  "phase_consistency_across_units": [
   0.006784548982977867,
   0.014881514944136143,
   0.0032971922773867846,
   0.027321739122271538,
   0.020388534292578697,
   0.03144694119691849,
   0.019786247983574867,
   0.02656254544854164,
   0.01832631230354309,
   0.015533762983977795,
   0.01859927736222744,
   0.026113715022802353,
   0.02721806988120079,
   0.01636226661503315,
   0.015793392434716225,
   0.007107192650437355,
   0.01686256006360054,
   0.016163673251867294,
   0.018419459462165833,
   0.027690211310982704,
   0.02297995798289776,
   0.010794621892273426,
   0.013903277926146984,
   0.018321380019187927,
   0.007905464619398117,
   0.0029267158824950457,
   0.010975132696330547,
   0.017160817980766296,
   0.01647244766354561,
   0.009530461393296719,
   0.012582849711179733,
   0.01067186240106821,
   0.013794265687465668,
   0.02054387889802456,
   0.015578133054077625,
   0.008179067634046078,
   0.0029538602102547884,
   0.01213537622243166,
   0.0140244010835886,
   0.010377569124102592,
   0.011875469237565994,
   0.009401743300259113,
   0.00474773021414876,
   0.0022309848573058844,
   0.004303199239075184,
   0.01994170993566513,
   0.02113611064851284,
   0.01606570929288864,
   0.007040271069854498,
   0.005389569792896509,
   0.009853726252913475,
   0.0041999234817922115,
   0.009301376529037952,
   0.010204778052866459,
   0.00930403359234333,
   0.0032076076604425907,
   0.011233937926590443,
   0.006360465660691261,
   0.004601682536303997,
   0.010291281156241894,
   0.0030889424961060286,
   0.003478170605376363
  ],
  "freq_mean": [
   0.16522295773029327,
   0.03929651528596878,
   0.15754488110542297,
   0.04669487476348877,
   0.1408715695142746,
   0.05528733879327774,
   0.14751482009887695,
   0.06486983597278595,
   0.12774525582790375,
   0.07301615178585052,
   0.10550083220005035,
   0.06082217022776604,
   0.13027435541152954,
   0.10201754420995712,
   0.17295989394187927,
   0.10144660621881485,
   0.1599128544330597,
   0.08028806746006012,
   0.22799940407276154,
   0.10507401078939438,
   0.14259859919548035,
   0.10564140975475311,
   0.2913725972175598,
   0.17784473299980164,
   0.22164897620677948,
   0.22582349181175232,
   0.21849170327186584,
   0.17044110596179962,
   0.21913151443004608,
   0.1695968508720398,
   0.2551913261413574,
   0.18701386451721191,
   0.20724144577980042,
   0.16874980926513672,
   0.10106632858514786,
   0.18314257264137268,
   0.183458611369133,
   0.20438194274902344,
   0.2287745177745819,
   0.25185543298721313,
   0.20747056603431702,
   0.1999928504228592,
   0.2834593653678894,
   0.2371179759502411,
   0.21684806048870087,
   0.24126724898815155,
   0.22690510749816895,
   0.2109832465648651,
   0.2510802447795868,
   0.193346306681633,
   0.29146718978881836,
   0.30207735300064087,
   0.28542765974998474,
   0.2896595597267151,
   0.23938986659049988,
   0.1727725863456726,
   0.34354934096336365,
   0.2748916745185852,
   0.3145166039466858,
   0.21950504183769226,
   0.4925321638584137
  ],
  "freq_deviation_abs_mean": [
   0.3268340826034546,
   0.21219539642333984,
   0.25369200110435486,
   0.2413424700498581,
   0.236019566655159,
   0.25640231370925903,
   0.24668872356414795,
   0.25011858344078064,
   0.22103402018547058,
   0.25224244594573975,
   0.2534136176109314,
   0.269667387008667,
   0.25817301869392395,
   0.3086922764778137,
   0.3186309039592743,
   0.320705771446228,
   0.2742188572883606,
   0.3100474774837494,
   0.31244808435440063,
   0.35863322019577026,
   0.31482258439064026,
   0.3564086854457855,
   0.36503395438194275,
   0.40292254090309143,
   0.3773440420627594,
   0.38752231001853943,
   0.37114471197128296,
   0.371864378452301,
   0.34155550599098206,
   0.3758936822414398,
   0.4126240611076355,
   0.3820435404777527,
   0.3469827175140381,
   0.3139776289463043,
   0.3314111530780792,
   0.3607850670814514,
   0.3623807430267334,
   0.364480197429657,
   0.40532249212265015,
   0.38887935876846313,
   0.3753982186317444,
   0.3903358280658722,
   0.40460005402565,
   0.3917759954929352,
   0.3922153413295746,
   0.38383492827415466,
   0.3803836703300476,
   0.39022254943847656,
   0.3632579445838928,
   0.4167393743991852,
   0.4229985177516937,
   0.4254019856452942,
   0.42053350806236267,
   0.43876901268959045,
   0.42050448060035706,
   0.443131685256958,
   0.4067016541957855,
   0.42403444647789,
   0.41498154401779175,
   0.45040541887283325,
   0.4161392152309418
  ]
 },
 "top_units_by_amp_modulation_max": [
  {
   "unit": 834,
   "max_amp_mod": 5.158827304840088,
   "argmax_sublayer": 13
  },
  {
   "unit": 399,
   "max_amp_mod": 5.005777359008789,
   "argmax_sublayer": 55
  },
  {
   "unit": 149,
   "max_amp_mod": 4.963205814361572,
   "argmax_sublayer": 0
  },
  {
   "unit": 1144,
   "max_amp_mod": 4.8426947593688965,
   "argmax_sublayer": 0
  },
  {
   "unit": 882,
   "max_amp_mod": 4.632903575897217,