{
 "position": 11,
 "sequence_aa": "T",
 "substrate_file": "/Users/djbray/Desktop/esm2/esm2_substrate_facebook_esm2_t33_650M_UR50D/substrate.npz",
 "n_sublayers": 62,
 "n_units": 1280,
 "depth_profiles": {
  "amp_mean": [
   9.941408157348633,
   5.310948848724365,
   5.446282863616943,
   4.1856608390808105,
   4.249189853668213,
   3.6146888732910156,
   3.7047629356384277,
   3.2985031604766846,
   3.3685104846954346,
   3.082710027694702,
   3.182356834411621,
   2.992065906524658,
   3.0862925052642822,
   2.960282802581787,
   3.14500093460083,
   3.0130012035369873,
   3.1383750438690186,
   3.085721969604492,
   3.3538177013397217,
   3.2958343029022217,
   3.445466995239258,
   3.3657264709472656,
   3.824786424636841,
   3.8427815437316895,
   3.744584560394287,
   3.754807233810425,
   3.810593843460083,
   3.990753173828125,
   3.8537445068359375,
   3.87926983833313,
   3.934502124786377,
   4.031491756439209,
   3.86015248298645,
   3.908970594406128,
   3.9967169761657715,
   4.203310966491699,
   4.227424144744873,
   4.317943572998047,
   4.518937110900879,
   4.7679033279418945,
   4.7077836990356445,
   4.718799591064453,
   4.743310928344727,
   4.716196537017822,
   4.848639011383057,
   4.868675231933594,
   5.054815769195557,
   5.307318687438965,
   5.487307548522949,
   5.672389030456543,
   5.854972839355469,
   5.757271766662598,
   6.03828763961792,
   6.233975887298584,
   6.372133731842041,
   6.706786155700684,
   7.1347198486328125,
   7.415131568908691,
   7.6308088302612305,
   8.08084487915039,
   8.586071014404297,
   11.84179401397705
  ],
  "amp_modulation_mean": [
   1.146671175956726,
   1.1094534397125244,
   1.1182026863098145,
   1.0830271244049072,
   1.0913894176483154,
   1.0708673000335693,
   1.084895372390747,
   1.0691176652908325,
   1.0858609676361084,
   1.0638370513916016,
   1.077035903930664,
   1.064915657043457,
   1.0789543390274048,
   1.069375991821289,
   1.0989004373550415,
   1.0836598873138428,
   1.084453821182251,
   1.0877983570098877,
   1.1093231439590454,
   1.107823133468628,
   1.1172208786010742,
   1.0833407640457153,
   1.161184310913086,
   1.15397047996521,
   1.0975538492202759,
   1.0665836334228516,
   1.0676891803741455,
   1.0719846487045288,
   1.0385602712631226,
   1.021108627319336,
   1.0121595859527588,
   0.9979825019836426,
   0.963672935962677,
   0.9429302215576172,
   0.9651020169258118,
   1.0006321668624878,
   0.9873447418212891,
   0.9787492752075195,
   1.0121800899505615,
   1.0603824853897095,
   1.0414912700653076,
   1.0287282466888428,
   1.0177075862884521,
   0.9937049746513367,
   1.0107250213623047,
   1.012736439704895,
   1.036625862121582,
   1.0874402523040771,
   1.1052577495574951,
   1.1409435272216797,
   1.1408336162567139,
   1.1180083751678467,
   1.1436216831207275,
   1.1737117767333984,
   1.1606357097625732,
   1.1951746940612793,
   1.2244476079940796,
   1.213838815689087,
   1.1867284774780273,
   1.168887972831726,
   1.1620852947235107,
   1.1493027210235596
  ],
  "phase_consistency_across_units": [
   0.014913572929799557,
   0.01089018490165472,
   0.007730619981884956,
   0.014651390723884106,
   0.014078105799853802,
   0.031191926449537277,
   0.01793481968343258,
   0.03663071617484093,
   0.01645410619676113,
   0.02425667829811573,
   0.021928993985056877,
   0.014428377151489258,
   0.02133212238550186,
   0.0159092266112566,
   0.026758315041661263,
   0.01654553972184658,
   0.023084435611963272,
   0.015259786508977413,
   0.027142010629177094,
   0.018337279558181763,
   0.02484709769487381,
   0.03434087708592415,
   0.015383253805339336,
   0.024067139253020287,
   0.021126197651028633,
   0.024185223504900932,
   0.018960706889629364,
   0.02943314053118229,
   0.0352604016661644,
   0.03777953237295151,
   0.02300305850803852,
   0.017561743035912514,
   0.01775447651743889,
   0.02562718652188778,
   0.01902342215180397,
   0.016466157510876656,
   0.019324196502566338,
   0.016307758167386055,
   0.022518428042531013,
   0.010684086941182613,
   0.020846327766776085,
   0.010560618713498116,
   0.017590587958693504,
   0.013963327743113041,
   0.009079601615667343,
   0.007490705698728561,
   0.007539371028542519,
   0.028802964836359024,
   0.014092043042182922,
   0.01712127774953842,
   0.01915612816810608,
   0.01720237359404564,
   0.024029266089200974,
   0.021344205364584923,
   0.02849731408059597,
   0.010632547549903393,
   0.015580025501549244,
   0.014853306114673615,
   0.014665665104985237,
   0.019681233912706375,
   0.00834099855273962,
   0.01768415980041027
  ],
  "freq_mean": [
   0.152774840593338,
   0.024733159691095352,
   0.15958747267723083,
   0.033106766641139984,
   0.13217446208000183,
   0.06005384773015976,
   0.12961818277835846,
   0.09198055416345596,
   0.1477423757314682,
   0.06870387494564056,
   0.1453627645969391,
   0.07410061359405518,
   0.13461557030677795,
   0.0860738754272461,
   0.18209175765514374,
   0.09763935953378677,
   0.14330002665519714,
   0.11291108280420303,
   0.21383771300315857,
   0.12209387868642807,
   0.21183066070079803,
   0.10949189960956573,
   0.3278663456439972,
   0.1720295399427414,
   0.22260446846485138,
   0.1547485589981079,
   0.24038758873939514,
   0.21227595210075378,
   0.1910194456577301,
   0.16505293548107147,
   0.23205499351024628,
   0.1782078891992569,
   0.18645410239696503,
   0.15902334451675415,
   0.2261243611574173,
   0.2143453061580658,
   0.21508340537548065,
   0.22268715500831604,
   0.2869665026664734,
   0.27244070172309875,
   0.2112710177898407,
   0.2269638031721115,
   0.1885848492383957,
   0.21684828400611877,
   0.19324247539043427,
   0.16983623802661896,
   0.21635183691978455,
   0.240376278758049,
   0.23700031638145447,
   0.2701534330844879,
   0.23081238567829132,
   0.21227899193763733,
   0.2881353199481964,
   0.2084091156721115,
   0.29771462082862854,
   0.2584918141365051,
   0.3273022770881653,
   0.2900579571723938,
   0.3358091413974762,
   0.20428554713726044,
   0.5314518809318542
  ],
  "freq_deviation_abs_mean": [
   0.3651232123374939,
   0.23768393695354462,
   0.2798396944999695,
   0.26855215430259705,
   0.2337626963853836,
   0.24623799324035645,
   0.23911991715431213,
   0.2748294472694397,
   0.2569333612918854,
   0.28089189529418945,
   0.2513746917247772,
   0.26745182275772095,
   0.23917289078235626,
   0.30374065041542053,
   0.3150274455547333,
   0.3284282982349396,
   0.28576093912124634,
   0.32026228308677673,
   0.3399971127510071,
   0.39822402596473694,
   0.3572814464569092,
   0.3941681385040283,
   0.3568481504917145,
   0.3927006125450134,
   0.34068161249160767,
   0.34943607449531555,
   0.3439783453941345,
   0.3647896349430084,
   0.3323146402835846,
   0.3656967282295227,
   0.3546406626701355,
   0.36152321100234985,
   0.32068097591400146,
   0.3631507456302643,
   0.3767693042755127,
   0.4140399098396301,
   0.3904200494289398,
   0.39273130893707275,
   0.4205646514892578,
   0.4085777699947357,
   0.3669387996196747,
   0.3761705756187439,
   0.3876780867576599,
   0.3667258322238922,
   0.35580548644065857,
   0.3623124957084656,
   0.388982892036438,
   0.39474359154701233,
   0.3854493498802185,
   0.3834376633167267,
   0.3786269724369049,
   0.3940514922142029,
   0.39085111021995544,
   0.4263327717781067,
   0.42179280519485474,
   0.4618344306945801,
   0.4427793025970459,
   0.45515933632850647,
   0.4573346972465515,
   0.47731074690818787,
   0.4466976225376129
  ]
 },
 "top_units_by_amp_modulation_max": [
  {
   "unit": 193,
   "max_amp_mod": 5.906397342681885,
   "argmax_sublayer": 1
  },
  {
   "unit": 827,
   "max_amp_mod": 4.779442310333252,
   "argmax_sublayer": 0
  },
  {
   "unit": 169,
   "max_amp_mod": 4.12053108215332,
   "argmax_sublayer": 60
  },
  {
   "unit": 147,
   "max_amp_mod": 4.111751556396484,
   "argmax_sublayer": 0
  },
  {
   "unit": 1223,
   "max_amp_mod": 4.003672122955322,