{
 "position": 47,
 "sequence_aa": "K",
 "substrate_file": "/Users/djbray/Desktop/esm2/esm2_substrate_facebook_esm2_t33_650M_UR50D/substrate.npz",
 "n_sublayers": 62,
 "n_units": 1280,
 "depth_profiles": {
  "amp_mean": [
   10.37110710144043,
   5.699073791503906,
   5.786890983581543,
   4.514986991882324,
   4.555882453918457,
   3.900068998336792,
   3.9463934898376465,
   3.554650068283081,
   3.6117606163024902,
   3.3675880432128906,
   3.4364876747131348,
   3.2579681873321533,
   3.3470420837402344,
   3.220548152923584,
   3.380396604537964,
   3.261547088623047,
   3.3985061645507812,
   3.337425947189331,
   3.575319766998291,
   3.5359604358673096,
   3.719735622406006,
   3.668010711669922,
   4.198478698730469,
   4.3385114669799805,
   4.1683855056762695,
   4.2683634757995605,
   4.253437519073486,
   4.178499698638916,
   4.130179405212402,
   4.095507621765137,
   4.4300031661987305,
   4.587889194488525,
   4.4257988929748535,
   4.42345666885376,
   4.286426544189453,
   4.3017354011535645,
   4.524886608123779,
   4.64005184173584,
   4.921337127685547,
   5.2032036781311035,
   5.018797397613525,
   5.118178844451904,
   5.246284008026123,
   5.362918853759766,
   5.441163063049316,
   5.587260723114014,
   5.536847114562988,
   5.443341255187988,
   5.647408485412598,
   5.655916690826416,
   6.029356956481934,
   6.601936340332031,
   6.528079986572266,
   6.514496803283691,
   6.549515724182129,
   6.573073387145996,
   7.076739311218262,
   7.780460357666016,
   7.895754814147949,
   8.437795639038086,
   9.2119779586792,
   12.2471342086792
  ],
  "amp_modulation_mean": [
   1.203469157218933,
   1.198580026626587,
   1.1973079442977905,
   1.179120659828186,
   1.18109130859375,
   1.1678135395050049,
   1.1676241159439087,
   1.1646993160247803,
   1.1747808456420898,
   1.1741650104522705,
   1.1742382049560547,
   1.1705687046051025,
   1.179303526878357,
   1.1716381311416626,
   1.1892637014389038,
   1.1808699369430542,
   1.180657982826233,
   1.1840227842330933,
   1.1869256496429443,
   1.1954461336135864,
   1.2144678831100464,
   1.189078688621521,
   1.2832342386245728,
   1.3116220235824585,
   1.2266404628753662,
   1.2179733514785767,
   1.1970592737197876,
   1.1267595291137695,
   1.1155998706817627,
   1.0814403295516968,
   1.141775369644165,
   1.1357653141021729,
   1.105577826499939,
   1.067063570022583,
   1.0352061986923218,
   1.0228421688079834,
   1.0571181774139404,
   1.0525609254837036,
   1.1031057834625244,
   1.1560184955596924,
   1.1092668771743774,
   1.1163856983184814,
   1.1269276142120361,
   1.1323580741882324,
   1.135413408279419,
   1.165069341659546,
   1.1390864849090576,
   1.1172688007354736,
   1.139831781387329,
   1.1401290893554688,
   1.1786397695541382,
   1.2874609231948853,
   1.2387157678604126,
   1.2285890579223633,
   1.193840742111206,
   1.172264814376831,
   1.215855598449707,
   1.2758015394210815,
   1.2322509288787842,
   1.2270605564117432,
   1.2510000467300415,
   1.194737434387207
  ],
  "phase_consistency_across_units": [
   0.0135114174336195,
   0.023428604006767273,
   0.02345827780663967,
   0.030200397595763206,
   0.018979402258992195,
   0.03355257958173752,
   0.023789064958691597,
   0.03379291668534279,
   0.021537592634558678,
   0.03156571462750435,
   0.026643510907888412,
   0.03130532428622246,
   0.03307799622416496,
   0.028174716979265213,
   0.02752576395869255,
   0.03249194100499153,
   0.028543373569846153,
   0.018397631123661995,
   0.021851787343621254,
   0.02474191039800644,
   0.027015434578061104,
   0.036610186100006104,
   0.028926093131303787,
   0.023050393909215927,
   0.010705603286623955,
   0.00404126662760973,
   0.017821265384554863,
   0.037760667502880096,
   0.02938760817050934,
   0.012229448184370995,
   0.0038976555224508047,
   0.006895879749208689,
   0.016517873853445053,
   0.02662169747054577,
   0.022699560970067978,
   0.022270318120718002,
   0.013767748139798641,
   0.018774665892124176,
   0.01449702586978674,
   0.011620582081377506,
   0.016917714849114418,
   0.02013303153216839,
   0.020810697227716446,
   0.01611485332250595,
   0.004493435379117727,
   0.013754287734627724,
   0.026137029752135277,
   0.010828512720763683,
   0.007102080155164003,
   0.014264551922678947,
   0.012506826780736446,
   0.017282113432884216,
   0.006346479989588261,
   0.00786302238702774,
   0.00862959586083889,
   0.012262537144124508,
   0.006854600738734007,
   0.0028897190932184458,
   0.0034491163678467274,
   0.005257027689367533,
   0.005866409745067358,
   0.007095811888575554
  ],
  "freq_mean": [
   0.15565888583660126,
   0.04363435134291649,
   0.14866036176681519,
   0.05879434198141098,
   0.1266813576221466,
   0.060601670295000076,
   0.1358395665884018,
   0.0550239197909832,
   0.13140831887722015,
   0.08756221830844879,
   0.10877623409032822,
   0.08835823833942413,
   0.13985560834407806,
   0.09966188669204712,
   0.19238325953483582,
   0.09185285121202469,
   0.13332636654376984,
   0.11615506559610367,
   0.18196985125541687,
   0.12758897244930267,
   0.16724982857704163,
   0.08765584975481033,
   0.3552592396736145,
   0.1633628010749817,
   0.2029602825641632,
   0.21651139855384827,
   0.19821235537528992,
   0.17016562819480896,
   0.1457616239786148,
   0.13940945267677307,
   0.29153716564178467,
   0.19482648372650146,
   0.21209223568439484,
   0.18167506158351898,
   0.1423109471797943,
   0.17362627387046814,
   0.20848441123962402,
   0.15534459054470062,
   0.30166637897491455,
   0.21933206915855408,
   0.19085009396076202,
   0.21439234912395477,
   0.2498791217803955,
   0.2158011645078659,
   0.23588891327381134,
   0.22897548973560333,
   0.2187131643295288,
   0.18941251933574677,
   0.23443858325481415,
   0.16393515467643738,
   0.2909240126609802,
   0.28590360283851624,
   0.2433595210313797,
   0.2511821687221527,
   0.22893328964710236,
   0.21030870079994202,
   0.32734617590904236,
   0.27593427896499634,
   0.31347599625587463,
   0.23809246718883514,
   0.5026851892471313
  ],
  "freq_deviation_abs_mean": [
   0.345010906457901,
   0.21566128730773926,
   0.2462342232465744,
   0.23457317054271698,
   0.22950753569602966,
   0.24028053879737854,
   0.22744469344615936,
   0.25170040130615234,
   0.22400915622711182,
   0.24519915878772736,
   0.24109594523906708,
   0.2700293958187103,
   0.2618076205253601,
   0.31376129388809204,
   0.31954771280288696,
   0.3338654935359955,
   0.2869950830936432,
   0.3061768412590027,
   0.32700976729393005,
   0.35896435379981995,
   0.3352274000644684,
   0.3820921778678894,
   0.3588336110115051,
   0.4130783975124359,
   0.35435751080513,
   0.3494735062122345,
   0.361153781414032,
   0.3412115275859833,
   0.3129463493824005,
   0.3653247356414795,
   0.3925269544124603,
   0.4156484007835388,
   0.3549274206161499,
   0.3175451457500458,
   0.31430569291114807,
   0.3748761713504791,
   0.34900522232055664,
   0.36400824785232544,
   0.372111976146698,
   0.41125598549842834,
   0.38394081592559814,
   0.38113492727279663,
   0.3718559145927429,
   0.379463255405426,
   0.38479167222976685,
   0.3746899962425232,
   0.3711303770542145,
   0.38370370864868164,
   0.3542000651359558,
   0.43185481429100037,
   0.44105958938598633,
   0.4227181375026703,
   0.3891714811325073,
   0.40471839904785156,
   0.4095533490180969,
   0.4435763359069824,
   0.4356593191623688,
   0.4398084282875061,
   0.42904219031333923,
   0.49196213483810425,
   0.46009430289268494
  ]
 },
 "top_units_by_amp_modulation_max": [
  {
   "unit": 1153,
   "max_amp_mod": 5.527868747711182,
   "argmax_sublayer": 0
  },
  {
   "unit": 223,
   "max_amp_mod": 5.1944403648376465,
   "argmax_sublayer": 21
  },
  {
   "unit": 1069,
   "max_amp_mod": 5.065425872802734,
   "argmax_sublayer": 13
  },
  {
   "unit": 922,
   "max_amp_mod": 5.03425407409668,
   "argmax_sublayer": 22
  },
  {
   "unit": 1082,
   "max_amp_mod": 4.8999481201171875,