{
 "position": 67,
 "sequence_aa": "H",
 "substrate_file": "/home/dbrayjr5/esm2-osc/esm2_substrate_facebook_esm2_t33_650M_UR50D/substrate.npz",
 "n_sublayers": 62,
 "n_units": 1280,
 "validity_floor": {
  "quantile": 0.1,
  "absolute_value": 2.7328476905822754,
  "n_valid_cells": 71424,
  "n_total_cells": 79360,
  "fraction_valid": 0.9
 },
 "depth_profiles": {
  "amp_modulation_mean": [
   1.282088041305542,
   1.315014123916626,
   1.2994464635849,
   1.2934526205062866,
   1.2954261302947998,
   1.292216181755066,
   1.2937366962432861,
   1.2939510345458984,
   1.2952473163604736,
   1.2941622734069824,
   1.2873296737670898,
   1.2980890274047852,
   1.2976360321044922,
   1.299953818321228,
   1.3180168867111206,
   1.3047703504562378,
   1.3218696117401123,
   1.3139617443084717,
   1.2636876106262207,
   1.2957789897918701,
   1.3014965057373047,
   1.2884963750839233,
   1.3462570905685425,
   1.4121614694595337,
   1.288703203201294,
   1.2407186031341553,
   1.2779629230499268,
   1.302887201309204,
   1.2838373184204102,
   1.2578561305999756,
   1.2770307064056396,
   1.2538143396377563,
   1.240883469581604,
   1.1768641471862793,
   1.1757721900939941,
   1.1714321374893188,
   1.1654374599456787,
   1.1227251291275024,
   1.1753032207489014,
   1.2538139820098877,
   1.2140899896621704,
   1.1815370321273804,
   1.2039530277252197,
   1.2296698093414307,
   1.2514632940292358,
   1.254561424255371,
   1.2433199882507324,
   1.2648589611053467,
   1.226196050643921,
   1.225046157836914,
   1.220044732093811,
   1.2019139528274536,
   1.216846227645874,
   1.2358205318450928,
   1.2059749364852905,
   1.231856346130371,
   1.256204605102539,
   1.2768669128417969,
   1.2764030694961548,
   1.2721281051635742,
   1.2605879306793213,
   1.2524465322494507
  ],
  "amp_modulation_mean_valid_only": [
   1.282088041305542,
   1.315014123916626,
   1.2994464635849,
   1.2934526205062866,
   1.2954261302947998,
   1.2920137643814087,
   1.2937366962432861,
   1.2714625597000122,
   1.273199439048767,
   1.2186537981033325,
   1.226438045501709,
   1.2102912664413452,
   1.2274185419082642,
   1.2199431657791138,
   1.2447068691253662,
   1.2603836059570312,
   1.2636549472808838,
   1.2633522748947144,
   1.2367842197418213,
   1.2468522787094116,
   1.298819661140442,
   1.2793375253677368,
   1.3462570905685425,
   1.4121614694595337,
   1.288703203201294,
   1.2407186031341553,
   1.2779629230499268,
   1.302887201309204,
   1.2838373184204102,
   1.2578561305999756,
   1.2770307064056396,
   1.2538143396377563,
   1.240883469581604,
   1.1768641471862793,
   1.1757721900939941,
   1.1714321374893188,
   1.1654374599456787,
   1.1227251291275024,
   1.1753032207489014,
   1.2538139820098877,
   1.2140899896621704,
   1.1815370321273804,
   1.2039530277252197,
   1.2296698093414307,
   1.2514632940292358,
   1.254561424255371,
   1.2433199882507324,
   1.2648589611053467,
   1.226196050643921,
   1.225046157836914,
   1.220044732093811,
   1.2019139528274536,
   1.216846227645874,
   1.2358205318450928,
   1.2059749364852905,
   1.231856346130371,
   1.256204605102539,
   1.2768669128417969,
   1.2764030694961548,
   1.2721281051635742,
   1.2605879306793213,
   1.2524465322494507
  ],
  "phase_consistency_across_units": [
   0.006132684648036957,
   0.008370528928935528,
   0.021201303228735924,
   0.013579221442341805,
   0.023007791489362717,
   0.025653580203652382,
   0.013544918037950993,
   0.026086246594786644,
   0.012105795554816723,
   0.025554148480296135,
   0.009667282924056053,
   0.016283685341477394,
   0.016281098127365112,
   0.014523962512612343,
   0.015480682253837585,
   0.012749738059937954,
   0.02498769946396351,
   0.020968498662114143,
   0.011454964056611061,
   0.018015071749687195,
   0.00549602136015892,
   0.01603632979094982,
   0.025103220716118813,
   0.024131564423441887,
   0.012786362320184708,
   0.021805543452501297,
   0.015929996967315674,
   0.009967518039047718,
   0.009014568291604519,
   0.010477511212229729,
   0.0067823175340890884,
   0.008921639062464237,
   0.011892368085682392,
   0.009095057845115662,
   0.016950421035289764,
   0.011751430109143257,
   0.013178972527384758,
   0.016964055597782135,
   0.019023604691028595,
   0.018436769023537636,
   0.024137021973729134,
   0.028127523139119148,
   0.019855981692671776,
   0.012223121710121632,
   0.013605795800685883,
   0.008875036612153053,
   0.01924453303217888,
   0.005950045771896839,
   0.009851372800767422,
   0.009418300352990627,
   0.009097035974264145,
   0.009208003990352154,
   0.01150885596871376,
   0.005375880282372236,
   0.012094602920114994,
   0.015146116726100445,
   0.01524436566978693,
   0.012428379617631435,
   0.010711682960391045,
   0.01112793292850256,
   0.003017757087945938,
   0.006049457471817732
  ],
  "freq_mean": [
   0.1452687680721283,
   0.03989527374505997,
   0.14248433709144592,
   0.03596431389451027,
   0.12266373634338379,
   0.06129825860261917,
   0.1363513469696045,
   0.05983084440231323,
   0.1272924393415451,
   0.059218574315309525,
   0.13669858872890472,
   0.08302046358585358,
   0.12403850257396698,
   0.09077517688274384,
   0.1556372046470642,
   0.08542594313621521,
   0.21709594130516052,
   0.07681722193956375,
   0.18973428010940552,
   0.08664625883102417,
   0.17912563681602478,
   0.07395883649587631,
   0.3051334321498871,
   0.21317598223686218,
   0.16820088028907776,
   0.09969532489776611,
   0.21143484115600586,
   0.22115644812583923,
   0.16907045245170593,
   0.19379960000514984,
   0.2259969711303711,
   0.18899157643318176,
   0.20756669342517853,
   0.15316250920295715,
   0.19947713613510132,
   0.19478744268417358,
   0.18341802060604095,
   0.12444695085287094,
   0.2505964934825897,
   0.2578437328338623,
   0.15320099890232086,
   0.19615618884563446,
   0.2036043107509613,
   0.2282184660434723,
   0.24129214882850647,
   0.19891276955604553,
   0.2257138192653656,
   0.21991953253746033,
   0.2140076607465744,
   0.21707317233085632,
   0.2192409336566925,
   0.17625227570533752,
   0.250919371843338,
   0.20939207077026367,
   0.2400921881198883,
   0.19738468527793884,
   0.2808764576911926,
   0.2558983564376831,
   0.3247992992401123,
   0.2025006115436554,
   0.4906533360481262
  ],
  "freq_deviation_abs_mean": [
   0.3204333186149597,
   0.19667616486549377,
   0.21553906798362732,
   0.22184625267982483,
   0.20155327022075653,
   0.2268618643283844,
   0.20879948139190674,
   0.20931172370910645,
   0.218438059091568,
   0.23762349784374237,
   0.22102804481983185,
   0.2349669486284256,
   0.2225700169801712,
   0.27276483178138733,
   0.28006577491760254,
   0.3106275498867035,
   0.3004108667373657,
   0.34550872445106506,
   0.30368733406066895,
   0.3534606993198395,
   0.3093617856502533,
   0.3504132330417633,
   0.36151570081710815,
   0.4022626280784607,
   0.33220332860946655,
   0.3393901288509369,
   0.3456789553165436,
   0.3479752540588379,
   0.3515965938568115,
   0.36823147535324097,
   0.36932507157325745,
   0.3525225520133972,
   0.31471696496009827,
   0.33962562680244446,
   0.3496103286743164,
   0.373729407787323,
   0.33221977949142456,
   0.3469744622707367,
   0.36747270822525024,
   0.343437522649765,
   0.3435242772102356,
   0.3433140516281128,
   0.36747464537620544,
   0.3650458753108978,
   0.34983816742897034,
   0.3371569514274597,
   0.3673488199710846,
   0.38202184438705444,
   0.3693142235279083,
   0.37476760149002075,
   0.37090569734573364,
   0.3784171938896179,
   0.3609028458595276,
   0.41087740659713745,
   0.3882838189601898,
   0.39377695322036743,
   0.38001006841659546,
   0.4059204161167145,
   0.40345603227615356,
   0.4608326852321625,
   0.4400797486305237
  ],