{
 "position": 25,
 "sequence_aa": "V",
 "substrate_file": "/home/dbrayjr5/esm2-osc/esm2_substrate_facebook_esm2_t33_650M_UR50D/substrate.npz",
 "n_sublayers": 62,
 "n_units": 1280,
 "validity_floor": {
  "quantile": 0.1,
  "absolute_value": 2.7328476905822754,
  "n_valid_cells": 71424,
  "n_total_cells": 79360,
  "fraction_valid": 0.9
 },
 "depth_profiles": {
  "amp_modulation_mean": [
   1.666571855545044,
   1.8471065759658813,
   1.8229423761367798,
   1.9001718759536743,
   1.8943370580673218,
   1.9648215770721436,
   1.944947600364685,
   2.010627031326294,
   1.9923652410507202,
   2.08174467086792,
   2.04644775390625,
   2.1689016819000244,
   2.1664390563964844,
   2.396017074584961,
   2.263061046600342,
   2.390247106552124,
   2.3570199012756348,
   2.6921253204345703,
   2.34210205078125,
   2.4585983753204346,
   2.292841672897339,
   2.2517170906066895,
   2.093560218811035,
   1.8781846761703491,
   1.8401943445205688,
   1.6844205856323242,
   1.6907885074615479,
   1.6068713665008545,
   1.6493070125579834,
   1.5221928358078003,
   1.5531660318374634,
   1.474578619003296,
   1.4872214794158936,
   1.4048956632614136,
   1.390129566192627,
   1.3853775262832642,
   1.3942251205444336,
   1.4353582859039307,
   1.4535011053085327,
   1.3954060077667236,
   1.3585007190704346,
   1.3190330266952515,
   1.3047113418579102,
   1.2987557649612427,
   1.3073770999908447,
   1.2754042148590088,
   1.2616668939590454,
   1.2832601070404053,
   1.28360915184021,
   1.3041884899139404,
   1.3005871772766113,
   1.3623287677764893,
   1.3001298904418945,
   1.3352797031402588,
   1.309516191482544,
   1.3406206369400024,
   1.329399824142456,
   1.3683788776397705,
   1.3547277450561523,
   1.442688226699829,
   1.3834623098373413,
   1.4741607904434204
  ],
  "amp_modulation_mean_valid_only": [
   1.666571855545044,
   1.8471065759658813,
   1.8229423761367798,
   1.9001718759536743,
   1.8943370580673218,
   1.9649033546447754,
   1.944947600364685,
   1.9766018390655518,
   1.9638893604278564,
   1.9712162017822266,
   1.9671382904052734,
   1.9680370092391968,
   2.0228731632232666,
   2.1645939350128174,
   2.080569267272949,
   2.1952273845672607,
   2.2156612873077393,
   2.4670042991638184,
   2.2987558841705322,
   2.399557590484619,
   2.2711174488067627,
   2.22700572013855,
   2.093560218811035,
   1.8781846761703491,
   1.8401943445205688,
   1.6844205856323242,
   1.6907885074615479,
   1.6068713665008545,
   1.6493070125579834,
   1.5221928358078003,
   1.5531660318374634,
   1.474578619003296,
   1.4872214794158936,
   1.4048956632614136,
   1.390129566192627,
   1.3853775262832642,
   1.3942251205444336,
   1.4353582859039307,
   1.4535011053085327,
   1.3954060077667236,
   1.3585007190704346,
   1.3190330266952515,
   1.3047113418579102,
   1.2987557649612427,
   1.3073770999908447,
   1.2754042148590088,
   1.2616668939590454,
   1.2832601070404053,
   1.28360915184021,
   1.3041884899139404,
   1.3005871772766113,
   1.3623287677764893,
   1.3001298904418945,
   1.3352797031402588,
   1.309516191482544,
   1.3406206369400024,
   1.329399824142456,
   1.3683788776397705,
   1.3547277450561523,
   1.442688226699829,
   1.3834623098373413,
   1.4741607904434204
  ],
  "phase_consistency_across_units": [
   0.023070380091667175,
   0.020302120596170425,
   0.01801680587232113,
   0.028983255848288536,
   0.02632947452366352,
   0.03150712698698044,
   0.0322064645588398,
   0.03774752840399742,
   0.03953656554222107,
   0.041904520243406296,
   0.046432092785835266,
   0.04044037684798241,
   0.0424463227391243,
   0.03744426742196083,
   0.04747401922941208,
   0.04304633289575577,
   0.04773758724331856,
   0.03812393546104431,
   0.043377820402383804,
   0.04603305086493492,
   0.04497212916612625,
   0.03728193789720535,
   0.039381202310323715,
   0.030070926994085312,
   0.041403818875551224,
   0.03108493611216545,
   0.03679324686527252,
   0.03511469438672066,
   0.03666520491242409,
   0.03366437926888466,
   0.034466881304979324,
   0.026571396738290787,
   0.025185322389006615,
   0.027809886261820793,
   0.029974032193422318,
   0.036640431731939316,
   0.03031853213906288,
   0.03597415238618851,
   0.031727612018585205,
   0.03196610137820244,
   0.02849368378520012,
   0.043245404958724976,
   0.047256167978048325,
   0.035718970000743866,
   0.03173621743917465,
   0.024891536682844162,
   0.032010387629270554,
   0.03852289170026779,
   0.035283442586660385,
   0.03824089840054512,
   0.043925754725933075,
   0.0431831069290638,
   0.040313974022865295,
   0.024387840181589127,
   0.028572654351592064,
   0.027001354843378067,
   0.026445232331752777,
   0.032925885170698166,
   0.024960597977042198,
   0.025275859981775284,
   0.03075314499437809,
   0.029564235359430313
  ],
  "freq_mean": [
   0.20895251631736755,
   0.02773999609053135,
   0.16864779591560364,
   0.02132706716656685,
   0.16464470326900482,
   0.026667475700378418,
   0.15274235606193542,
   0.009809581562876701,
   0.14067645370960236,
   0.023814300075173378,
   0.12827721238136292,
   0.04465737193822861,
   0.15775689482688904,
   0.15178076922893524,
   0.13235551118850708,
   0.09796618670225143,
   0.23884323239326477,
   0.23482155799865723,
   0.15177102386951447,
   0.24368682503700256,
   0.15554288029670715,
   0.23461131751537323,
   0.15205018222332,
   0.15881766378879547,
   0.14295506477355957,
   0.11787394434213638,
   0.1562470644712448,
   0.15897658467292786,
   0.15767845511436462,
   0.11892583221197128,
   0.20068152248859406,
   0.13990521430969238,
   0.2154127061367035,
   0.1346915066242218,
   0.1766590178012848,
   0.15974044799804688,
   0.18032388389110565,
   0.23544946312904358,
   0.22660525143146515,
   0.16399653255939484,
   0.15878450870513916,
   0.12933310866355896,
   0.18323704600334167,
   0.1949734091758728,
   0.17635197937488556,
   0.12620577216148376,
   0.1648632287979126,
   0.16026832163333893,
   0.20340180397033691,
   0.1451452523469925,
   0.2457323521375656,
   0.18124699592590332,
   0.20891813933849335,
   0.16445913910865784,
   0.21376904845237732,
   0.15222236514091492,
   0.24844804406166077,
   0.16932204365730286,
   0.3068177402019501,
   0.1364418864250183,
   0.39222103357315063
  ],
  "freq_deviation_abs_mean": [
   0.2739184498786926,
   0.15035976469516754,
   0.17967304587364197,
   0.15841948986053467,
   0.14107026159763336,
   0.15526118874549866,
   0.14922042191028595,
   0.16662588715553284,
   0.14378611743450165,
   0.16228103637695312,
   0.14956441521644592,
   0.16406461596488953,
   0.2053455412387848,
   0.2547515034675598,
   0.2677158713340759,
   0.29976779222488403,
   0.31939253211021423,
   0.34533751010894775,
   0.3189687728881836,
   0.293682724237442,
   0.2941678464412689,
   0.3234599530696869,
   0.3084002137184143,
   0.26372575759887695,
   0.29346761107444763,
   0.2971401810646057,
   0.27798134088516235,
   0.279209703207016,
   0.2763596475124359,
   0.3009665608406067,
   0.300670862197876,
   0.31713050603866577,
   0.3024415969848633,
   0.3419225811958313,
   0.32157135009765625,
   0.3414081931114197,
   0.3320089876651764,
   0.35062843561172485,
   0.3345775902271271,
   0.3272132873535156,
   0.28888726234436035,
   0.309266597032547,
   0.3007795810699463,
   0.3227147161960602,
   0.3041829466819763,
   0.31445181369781494,
   0.3071509301662445,
   0.3465209901332855,
   0.3067456781864166,
   0.3464621901512146,
   0.3426940441131592,
   0.37271732091903687,
   0.3396468162536621,
   0.367295503616333,
   0.34896159172058105,
   0.3735007643699646,
   0.3756921887397766,
   0.408216655254364,
   0.3686438202857971,
   0.3812049925327301,
   0.39041686058044434
  ],