{
 "position": 3,
 "sequence_aa": "F",
 "substrate_file": "/Users/djbray/Desktop/esm2/esm2_substrate_facebook_esm2_t33_650M_UR50D/substrate.npz",
 "n_sublayers": 62,
 "n_units": 1280,
 "depth_profiles": {
  "amp_mean": [
   10.055556297302246,
   5.566754341125488,
   5.658869743347168,
   4.446545600891113,
   4.502516746520996,
   3.8788084983825684,
   3.8954193592071533,
   3.512362003326416,
   3.5730063915252686,
   3.313321352005005,
   3.371572971343994,
   3.2004151344299316,
   3.238865613937378,
   3.1317672729492188,
   3.286243438720703,
   3.1667208671569824,
   3.2656402587890625,
   3.2290470600128174,
   3.4462177753448486,
   3.45001220703125,
   3.688748836517334,
   3.7023520469665527,
   4.166067600250244,
   4.311605453491211,
   4.085049629211426,
   4.153448581695557,
   3.9833824634552,
   3.9428958892822266,
   3.980327606201172,
   3.9784016609191895,
   4.151589393615723,
   4.3337578773498535,
   4.319025993347168,
   4.3054022789001465,
   4.3717827796936035,
   4.646071434020996,
   4.676893711090088,
   4.68539571762085,
   4.74777364730835,
   4.775245189666748,
   4.8647003173828125,
   5.053381443023682,
   4.949367523193359,
   4.9265313148498535,
   5.09671688079834,
   5.190581321716309,
   5.120508670806885,
   5.12421178817749,
   5.285916328430176,
   5.623566150665283,
   5.835087299346924,
   5.6836981773376465,
   5.677892684936523,
   5.689480781555176,
   5.8966546058654785,
   6.064993858337402,
   6.5519514083862305,
   7.167933464050293,
   7.309726715087891,
   8.014677047729492,
   8.531362533569336,
   11.66722297668457
  ],
  "amp_modulation_mean": [
   1.1614872217178345,
   1.1652014255523682,
   1.1640198230743408,
   1.1545965671539307,
   1.1617870330810547,
   1.1564180850982666,
   1.1460829973220825,
   1.1455042362213135,
   1.1573415994644165,
   1.1509976387023926,
   1.1471378803253174,
   1.1454998254776,
   1.1368070840835571,
   1.1355032920837402,
   1.1538643836975098,
   1.1453344821929932,
   1.1323015689849854,
   1.1423749923706055,
   1.1438262462615967,
   1.165177583694458,
   1.2012273073196411,
   1.1988695859909058,
   1.2715818881988525,
   1.3012733459472656,
   1.2034374475479126,
   1.1879568099975586,
   1.1226909160614014,
   1.0644296407699585,
   1.0787889957427979,
   1.0529212951660156,
   1.0733320713043213,
   1.07842218875885,
   1.0829626321792603,
   1.0405203104019165,
   1.0588290691375732,
   1.1087833642959595,
   1.0939747095108032,
   1.0634114742279053,
   1.0651795864105225,
   1.0628440380096436,
   1.0774062871932983,
   1.1034924983978271,
   1.0613235235214233,
   1.0373785495758057,
   1.062223196029663,
   1.0790178775787354,
   1.0496052503585815,
   1.0497989654541016,
   1.0643467903137207,
   1.1310478448867798,
   1.1374456882476807,
   1.104872703552246,
   1.0755102634429932,
   1.067393183708191,
   1.0721248388290405,
   1.0787138938903809,
   1.1231489181518555,
   1.1702919006347656,
   1.136613368988037,
   1.1629507541656494,
   1.1549240350723267,
   1.133926272392273
  ],
  "phase_consistency_across_units": [
   0.009204251691699028,
   0.012491130270063877,
   0.010001619346439838,
   0.019995544105768204,
   0.015554245561361313,
   0.035757143050432205,
   0.02680272050201893,
   0.03786882758140564,
   0.011645224876701832,
   0.025137506425380707,
   0.02013162523508072,
   0.018789075314998627,
   0.018108876422047615,
   0.02075233682990074,
   0.0259852334856987,
   0.02010307088494301,
   0.024754492565989494,
   0.014882433228194714,
   0.011462617665529251,
   0.01386039424687624,
   0.020306553691625595,
   0.03490278124809265,
   0.03171994909644127,
   0.027685033157467842,
   0.026746239513158798,
   0.024237999692559242,
   0.034273069351911545,
   0.02788296341896057,
   0.016255928203463554,
   0.02075614407658577,
   0.011983908712863922,
   0.00931662879884243,
   0.008470146916806698,
   0.014793399721384048,
   0.013314681127667427,
   0.010838396847248077,
   0.014428135007619858,
   0.01364618819206953,
   0.02274082601070404,
   0.013301157392561436,
   0.016963375732302666,
   0.014652568846940994,
   0.02300729602575302,
   0.013809258118271828,
   0.015896357595920563,
   0.013392574153840542,
   0.016557864844799042,
   0.01320638507604599,
   0.015501251444220543,
   0.007394102402031422,
   0.013153456151485443,
   0.011608756147325039,
   0.016768109053373337,
   0.018246399238705635,
   0.006071148440241814,
   0.009222399443387985,
   0.004692967981100082,
   0.014416614547371864,
   0.012666461989283562,
   0.0035841234494000673,
   0.003233077935874462,
   0.015871278941631317
  ],
  "freq_mean": [
   0.19335409998893738,
   0.042349182069301605,
   0.1339631974697113,
   0.06809432804584503,
   0.15795281529426575,
   0.05212344974279404,
   0.12479915469884872,
   0.06664014607667923,
   0.13910898566246033,
   0.08311420679092407,
   0.1384991556406021,
   0.09260556846857071,
   0.10394519567489624,
   0.11074632406234741,
   0.18471667170524597,
   0.09573135524988174,
   0.1565500795841217,
   0.10586158186197281,
   0.2072349488735199,
   0.11023745685815811,
   0.20722344517707825,
   0.11678526550531387,
   0.3248508870601654,
   0.23095020651817322,
   0.23348374664783478,
   0.20969879627227783,
   0.145911306142807,
   0.16486307978630066,
   0.1785231977701187,
   0.11637610197067261,
   0.2285601645708084,
   0.18624243140220642,
   0.20080864429473877,
   0.15397687256336212,
   0.23377303779125214,
   0.22397151589393616,
   0.21085290610790253,
   0.20761890709400177,
   0.19928444921970367,
   0.19282874464988708,
   0.2571958899497986,
   0.2383236438035965,
   0.1703713834285736,
   0.1998608559370041,
   0.24807684123516083,
   0.21779116988182068,
   0.19568756222724915,
   0.15460273623466492,
   0.2266797125339508,
   0.2931256890296936,
   0.2718493938446045,
   0.19169454276561737,
   0.23342876136302948,
   0.21794924139976501,
   0.24488051235675812,
   0.20778532326221466,
   0.36552301049232483,
   0.24698948860168457,
   0.32227399945259094,
   0.23865707218647003,
   0.5179385542869568
  ],
  "freq_deviation_abs_mean": [
   0.3288997411727905,
   0.23193183541297913,
   0.25897425413131714,
   0.23785480856895447,
   0.2505401074886322,
   0.23401713371276855,
   0.22186145186424255,
   0.23913569748401642,
   0.24870380759239197,
   0.2773141860961914,
   0.23951897025108337,
   0.2520623803138733,
   0.229462668299675,
   0.29060259461402893,
   0.317176878452301,
   0.3462849259376526,
   0.3016310930252075,
   0.3201306462287903,
   0.32961076498031616,
   0.3434033989906311,
   0.3289993405342102,
   0.37389540672302246,
   0.3667106032371521,
   0.39694756269454956,
   0.37779587507247925,
   0.38973450660705566,
   0.35372456908226013,
   0.325654536485672,
   0.32673001289367676,
   0.3554459810256958,
   0.3400246500968933,
   0.35991254448890686,
   0.3229455053806305,
   0.36177709698677063,
   0.3650335967540741,
   0.3924237787723541,
   0.34552502632141113,
   0.364795058965683,
   0.37945079803466797,
   0.37551385164260864,
   0.37233495712280273,
   0.3878979980945587,
   0.38493111729621887,
   0.3634161353111267,
   0.34841352701187134,
   0.3581884503364563,
   0.3530721664428711,
   0.3987971246242523,
   0.4124336838722229,
   0.40517693758010864,
   0.38030746579170227,
   0.40423592925071716,
   0.3910749554634094,
   0.41938596963882446,
   0.3912332057952881,
   0.4665653109550476,
   0.44482794404029846,
   0.4562388062477112,
   0.40536826848983765,
   0.4650605320930481,
   0.4577392637729645
  ]
 },
 "top_units_by_amp_modulation_max": [
  {
   "unit": 102,
   "max_amp_mod": 5.3957743644714355,
   "argmax_sublayer": 1
  },
  {
   "unit": 526,
   "max_amp_mod": 5.3242082595825195,
   "argmax_sublayer": 61
  },
  {
   "unit": 871,
   "max_amp_mod": 5.260334491729736,
   "argmax_sublayer": 7
  },
  {
   "unit": 884,
   "max_amp_mod": 4.786337852478027,
   "argmax_sublayer": 22
  },
  {
   "unit": 648,