{
 "position": 72,
 "sequence_aa": "L",
 "substrate_file": "/Users/djbray/Desktop/esm2/esm2_substrate_facebook_esm2_t33_650M_UR50D/substrate.npz",
 "n_sublayers": 62,
 "n_units": 1280,
 "depth_profiles": {
  "amp_mean": [
   9.595937728881836,
   5.2862749099731445,
   5.323002815246582,
   4.218029022216797,
   4.223364353179932,
   3.6645171642303467,
   3.710994005203247,
   3.3586373329162598,
   3.3651328086853027,
   3.1134889125823975,
   3.1865532398223877,
   3.0301012992858887,
   3.0878143310546875,
   2.9805850982666016,
   3.1529078483581543,
   3.033513307571411,
   3.167754888534546,
   3.091618776321411,
   3.3346199989318848,
   3.278884172439575,
   3.4888107776641846,
   3.450899839401245,
   3.861447811126709,
   4.010265827178955,
   3.9310295581817627,
   3.8827834129333496,
   3.9158565998077393,
   4.055088996887207,
   4.060235023498535,
   4.1603498458862305,
   4.141932487487793,
   4.304936408996582,
   4.073428153991699,
   4.066018104553223,
   4.117940902709961,
   4.2139692306518555,
   4.474432468414307,
   4.644253730773926,
   4.765826225280762,
   4.9811906814575195,
   4.895627021789551,
   4.941031455993652,
   5.0381903648376465,
   5.184622287750244,
   5.318517208099365,
   5.302803993225098,
   5.335938453674316,
   5.442856311798096,
   5.461623191833496,
   5.41009521484375,
   5.672824859619141,
   5.960563659667969,
   6.039353370666504,
   6.048270225524902,
   6.362647533416748,
   6.533631324768066,
   6.636953830718994,
   6.85903787612915,
   7.241331577301025,
   7.70081090927124,
   8.524247169494629,
   11.624157905578613
  ],
  "amp_modulation_mean": [
   1.1138579845428467,
   1.1119964122772217,
   1.0998789072036743,
   1.099125623703003,
   1.0929358005523682,
   1.095198631286621,
   1.0964252948760986,
   1.100386142730713,
   1.094261646270752,
   1.084960699081421,
   1.0885158777236938,
   1.0882574319839478,
   1.0877912044525146,
   1.0849313735961914,
   1.1081093549728394,
   1.0977399349212646,
   1.1011829376220703,
   1.0963329076766968,
   1.10905122756958,
   1.1084449291229248,
   1.1373802423477173,
   1.1170570850372314,
   1.178222417831421,
   1.2096226215362549,
   1.1558518409729004,
   1.1055934429168701,
   1.10232675075531,
   1.0946247577667236,
   1.0986160039901733,
   1.1000076532363892,
   1.0706466436386108,
   1.069739580154419,
   1.019416332244873,
   0.9834960699081421,
   0.9966188669204712,
   1.004702091217041,
   1.0477573871612549,
   1.0554195642471313,
   1.0691964626312256,
   1.1109914779663086,
   1.0850818157196045,
   1.080010175704956,
   1.082839846611023,
   1.0947091579437256,
   1.110459566116333,
   1.1055867671966553,
   1.0965337753295898,
   1.1168267726898193,
   1.1012895107269287,
   1.0887101888656616,
   1.1073654890060425,
   1.1606231927871704,
   1.1471264362335205,
   1.138353705406189,
   1.16019606590271,
   1.1643043756484985,
   1.1394315958023071,
   1.1215622425079346,
   1.1295292377471924,
   1.1178481578826904,
   1.157745599746704,
   1.1370775699615479
  ],
  "phase_consistency_across_units": [
   0.021677235141396523,
   0.012426575645804405,
   0.015662381425499916,
   0.01811668463051319,
   0.025732386857271194,
   0.03739110380411148,
   0.027630917727947235,
   0.03088558278977871,
   0.03147740289568901,
   0.024059796705842018,
   0.03282896801829338,
   0.030764812603592873,
   0.03973672166466713,
   0.026780864223837852,
   0.04239139333367348,
   0.017266109585762024,
   0.027035808190703392,
   0.023284222930669785,
   0.02639935351908207,
   0.029588650912046432,
   0.03145137056708336,
   0.04085194692015648,
   0.024563951417803764,
   0.02104847878217697,
   0.029651090502738953,
   0.0315733328461647,
   0.023619655519723892,
   0.016892962157726288,
   0.03030751459300518,
   0.018196603283286095,
   0.012868779711425304,
   0.011978428810834885,
   0.018570074811577797,
   0.015471077524125576,
   0.006878159008920193,
   0.01977468654513359,
   0.028525395318865776,
   0.02004922367632389,
   0.029455382376909256,
   0.02222108654677868,
   0.019263943657279015,
   0.018619725480675697,
   0.017675021663308144,
   0.02094494178891182,
   0.019197097048163414,
   0.008859592489898205,
   0.010052420198917389,
   0.009984983131289482,
   0.02339153364300728,
   0.006784011609852314,
   0.014884889125823975,
   0.013009048998355865,
   0.003996388055384159,
   0.010841750539839268,
   0.01629694551229477,
   0.027971405535936356,
   0.02345278486609459,
   0.012034876272082329,
   0.01196818333119154,
   0.018359240144491196,
   0.011964612640440464,
   0.025186525657773018
  ],
  "freq_mean": [
   0.1448441743850708,
   0.030915100127458572,
   0.13200928270816803,
   0.08314424008131027,
   0.11374779045581818,
   0.08889584243297577,
   0.14127567410469055,
   0.07825935631990433,
   0.09367809444665909,
   0.08896397054195404,
   0.1327742487192154,
   0.08822330087423325,
   0.09425198286771774,
   0.1130436435341835,
   0.17242801189422607,
   0.11881128698587418,
   0.1546185463666916,
   0.13313280045986176,
   0.20099174976348877,
   0.10956840217113495,
   0.19849857687950134,
   0.11005556583404541,
   0.3060261309146881,
   0.19780783355236053,
   0.24484071135520935,
   0.1617327183485031,
   0.21318869292736053,
   0.18687653541564941,
   0.22488966584205627,
   0.18293574452400208,
   0.25577759742736816,
   0.20444178581237793,
   0.16142646968364716,
   0.17469003796577454,
   0.1776883900165558,
   0.184607595205307,
   0.23226317763328552,
   0.21902498602867126,
   0.2757546305656433,
   0.275240421295166,
   0.21753959357738495,
   0.21707376837730408,
   0.21321067214012146,
   0.25631076097488403,
   0.24164199829101562,
   0.2203737050294876,
   0.2204625904560089,
   0.2238473892211914,
   0.22344966232776642,
   0.18393807113170624,
   0.26742488145828247,
   0.26267141103744507,
   0.23315255343914032,
   0.24363203346729279,
   0.28443944454193115,
   0.235680490732193,
   0.24444469809532166,
   0.2320232391357422,
   0.3315970301628113,
   0.20722809433937073,
   0.6027048826217651
  ],
  "freq_deviation_abs_mean": [
   0.3739672303199768,
   0.2534870505332947,
   0.2645062804222107,
   0.24147167801856995,
   0.2246144711971283,
   0.23784570395946503,
   0.23939259350299835,
   0.25379306077957153,
   0.25650912523269653,
   0.25796955823898315,
   0.24022512137889862,
   0.2590418756008148,
   0.2558166980743408,
   0.2821170687675476,
   0.31550851464271545,
   0.32593289017677307,
   0.2789967954158783,
   0.31919440627098083,
   0.3378986120223999,
   0.36439386010169983,
   0.3382221758365631,
   0.3712911903858185,
   0.381213903427124,
   0.4416106641292572,
   0.35734042525291443,
   0.3545917570590973,
   0.3614066243171692,
   0.38146862387657166,
   0.36472219228744507,
   0.37205970287323,
   0.34415024518966675,
   0.36260077357292175,
   0.35406294465065,
   0.3315200209617615,
   0.3573527932167053,
   0.4025817811489105,
   0.4122193455696106,
   0.40585294365882874,
   0.4048318862915039,
   0.3926845192909241,
   0.3939172625541687,
   0.3973187506198883,
   0.41200941801071167,
   0.3902130722999573,
   0.3770987391471863,
   0.3729895055294037,
   0.3630139231681824,
   0.36147940158843994,
   0.37213751673698425,
   0.406320720911026,
   0.4134894013404846,
   0.41008859872817993,
   0.3936338722705841,
   0.4080306887626648,
   0.40145358443260193,
   0.4065336585044861,
   0.39352476596832275,
   0.4199199080467224,
   0.42709797620773315,
   0.5013834834098816,
   0.4388953149318695
  ]
 },
 "top_units_by_amp_modulation_max": [
  {
   "unit": 369,
   "max_amp_mod": 4.796747207641602,
   "argmax_sublayer": 3
  },
  {
   "unit": 790,
   "max_amp_mod": 4.765041351318359,
   "argmax_sublayer": 0
  },
  {
   "unit": 840,
   "max_amp_mod": 4.732966423034668,
   "argmax_sublayer": 20
  },
  {
   "unit": 501,
   "max_amp_mod": 4.503979682922363,
   "argmax_sublayer": 6
  },
  {
   "unit": 479,
   "max_amp_mod": 4.271323204040527,