{
 "position": 70,
 "sequence_aa": "L",
 "substrate_file": "/home/dbrayjr5/esm2-osc/esm2_substrate_facebook_esm2_t33_650M_UR50D/substrate.npz",
 "n_sublayers": 62,
 "n_units": 1280,
 "validity_floor": {
  "quantile": 0.1,
  "absolute_value": 2.7328476905822754,
  "n_valid_cells": 71424,
  "n_total_cells": 79360,
  "fraction_valid": 0.9
 },
 "depth_profiles": {
  "amp_modulation_mean": [
   1.2301119565963745,
   1.2485058307647705,
   1.2406777143478394,
   1.2297651767730713,
   1.2261769771575928,
   1.2211641073226929,
   1.218427300453186,
   1.2169444561004639,
   1.2145878076553345,
   1.214156985282898,
   1.2145990133285522,
   1.2061257362365723,
   1.2059476375579834,
   1.20103120803833,
   1.2267003059387207,
   1.2108522653579712,
   1.2149431705474854,
   1.2162338495254517,
   1.2138373851776123,
   1.2183469533920288,
   1.2327094078063965,
   1.2094820737838745,
   1.2767757177352905,
   1.3028099536895752,
   1.237932562828064,
   1.1919853687286377,
   1.1780951023101807,
   1.1691173315048218,
   1.1781508922576904,
   1.1687510013580322,
   1.1761302947998047,
   1.1666851043701172,
   1.1606435775756836,
   1.1459109783172607,
   1.123185396194458,
   1.1226260662078857,
   1.1877576112747192,
   1.1933882236480713,
   1.1886160373687744,
   1.2215116024017334,
   1.1822047233581543,
   1.1924859285354614,
   1.2144744396209717,
   1.2514673471450806,
   1.2495129108428955,
   1.2211803197860718,
   1.2003430128097534,
   1.1809682846069336,
   1.1868587732315063,
   1.1803169250488281,
   1.2664133310317993,
   1.3431122303009033,
   1.2738592624664307,
   1.2839443683624268,
   1.2529170513153076,
   1.2442678213119507,
   1.254133939743042,
   1.2385756969451904,
   1.2393378019332886,
   1.254888892173767,
   1.2413241863250732,
   1.221904993057251
  ],
  "amp_modulation_mean_valid_only": [
   1.2301119565963745,
   1.2485058307647705,
   1.2406777143478394,
   1.2297651767730713,
   1.2261769771575928,
   1.2201900482177734,
   1.218427300453186,
   1.1953338384628296,
   1.2138187885284424,
   1.1853420734405518,
   1.1698802709579468,
   1.1606471538543701,
   1.1746726036071777,
   1.1613578796386719,
   1.2048693895339966,
   1.216273546218872,
   1.1853997707366943,
   1.2025432586669922,
   1.204423427581787,
   1.2132220268249512,
   1.235095739364624,
   1.2072110176086426,
   1.2767757177352905,
   1.3028099536895752,
   1.237932562828064,
   1.1919853687286377,
   1.1780951023101807,
   1.1691173315048218,
   1.1781508922576904,
   1.1687510013580322,
   1.1761302947998047,
   1.1666851043701172,
   1.1606435775756836,
   1.1459109783172607,
   1.123185396194458,
   1.1226260662078857,
   1.1877576112747192,
   1.1933882236480713,
   1.1886160373687744,
   1.2215116024017334,
   1.1822047233581543,
   1.1924859285354614,
   1.2144744396209717,
   1.2514673471450806,
   1.2495129108428955,
   1.2211803197860718,
   1.2003430128097534,
   1.1809682846069336,
   1.1868587732315063,
   1.1803169250488281,
   1.2664133310317993,
   1.3431122303009033,
   1.2738592624664307,
   1.2839443683624268,
   1.2529170513153076,
   1.2442678213119507,
   1.254133939743042,
   1.2385756969451904,
   1.2393378019332886,
   1.254888892173767,
   1.2413241863250732,
   1.221904993057251
  ],
  "phase_consistency_across_units": [
   0.008501196280121803,
   0.02275865338742733,
   0.029164008796215057,
   0.03853728249669075,
   0.03639344125986099,
   0.045411501079797745,
   0.033770736306905746,
   0.04181812331080437,
   0.03468269854784012,
   0.03851054981350899,
   0.04165631905198097,
   0.03240162134170532,
   0.032947760075330734,
   0.029189487919211388,
   0.03680828586220741,
   0.01588299684226513,
   0.02456478402018547,
   0.02808842994272709,
   0.038909632712602615,
   0.04090658947825432,
   0.03007086180150509,
   0.032175395637750626,
   0.022599468007683754,
   0.03393905609846115,
   0.04417068511247635,
   0.03541099280118942,
   0.027332469820976257,
   0.040720392018556595,
   0.03091881237924099,
   0.02021355740725994,
   0.020674381405115128,
   0.022605810314416885,
   0.02095520682632923,
   0.02728993073105812,
   0.026756415143609047,
   0.022137101739645004,
   0.025914732366800308,
   0.024608701467514038,
   0.018159622326493263,
   0.02274405211210251,
   0.013971867971122265,
   0.024455560371279716,
   0.026557855308055878,
   0.021693112328648567,
   0.010721863247454166,
   0.012017782777547836,
   0.006271214224398136,
   0.0039012739434838295,
   0.00890561193227768,
   0.011263437569141388,
   0.010282991454005241,
   0.022566774860024452,
   0.015938423573970795,
   0.019137829542160034,
   0.014420677907764912,
   0.0037259662058204412,
   0.018152158707380295,
   0.014805277809500694,
   0.01930347830057144,
   0.013090698979794979,
   0.016285866498947144,
   0.013565117493271828
  ],
  "freq_mean": [
   0.14260132610797882,
   0.05231590196490288,
   0.13645920157432556,
   0.05275604873895645,
   0.12484914064407349,
   0.07219983637332916,
   0.12687285244464874,
   0.04597149044275284,
   0.10029585659503937,
   0.08031582832336426,
   0.10132096707820892,
   0.07220621407032013,
   0.08632513880729675,
   0.10872635990381241,
   0.1335081309080124,
   0.10022125393152237,
   0.13937708735466003,
   0.11893598735332489,
   0.17554743587970734,
   0.1046437993645668,
   0.16947625577449799,
   0.11795896291732788,
   0.3033609986305237,
   0.1912718415260315,
   0.21894168853759766,
   0.13661639392375946,
   0.17374947667121887,
   0.16887657344341278,
   0.20989222824573517,
   0.1748104989528656,
   0.25106310844421387,
   0.19855967164039612,
   0.19615979492664337,
   0.18161709606647491,
   0.1358061283826828,
   0.18210846185684204,
   0.22893933951854706,
   0.21330218017101288,
   0.2337329089641571,
   0.19808796048164368,
   0.17308618128299713,
   0.2255350649356842,
   0.2511739432811737,
   0.25031909346580505,
   0.23621749877929688,
   0.20549897849559784,
   0.19966979324817657,
   0.1955895870923996,
   0.17654994130134583,
   0.1631462126970291,
   0.3148733675479889,
   0.2567053437232971,
   0.23067697882652283,
   0.21452756226062775,
   0.2082384079694748,
   0.19720259308815002,
   0.25165456533432007,
   0.23358412086963654,
   0.32625964283943176,
   0.19891560077667236,
   0.5180982947349548
  ],
  "freq_deviation_abs_mean": [
   0.3450017273426056,
   0.21910075843334198,
   0.24435360729694366,
   0.22225984930992126,
   0.22618460655212402,
   0.23012962937355042,
   0.23316344618797302,
   0.2287813425064087,
   0.22434186935424805,
   0.23371918499469757,
   0.23951482772827148,
   0.25541815161705017,
   0.23506121337413788,
   0.2586199641227722,
   0.31171709299087524,
   0.3269287347793579,
   0.27222949266433716,
   0.304484486579895,
   0.33239758014678955,
   0.34851256012916565,
   0.3119085431098938,
   0.35267573595046997,
   0.3832853436470032,
   0.43524011969566345,
   0.3481922149658203,
   0.3597908020019531,
   0.363356351852417,
   0.3307228982448578,
   0.31422296166419983,
   0.35477694869041443,
   0.3506392538547516,
   0.3685719072818756,
   0.35301876068115234,
   0.32440343499183655,
   0.3402387201786041,
   0.3595944941043854,
   0.36746540665626526,
   0.3641431927680969,
   0.37177592515945435,
   0.37509214878082275,
   0.37015506625175476,
   0.37544187903404236,
   0.37895846366882324,
   0.37412333488464355,
   0.3646501898765564,
   0.36598557233810425,
   0.3563607633113861,
   0.33935847878456116,
   0.3440570831298828,
   0.37379321455955505,
   0.39400431513786316,
   0.3969835340976715,
   0.38861432671546936,
   0.3948694169521332,
   0.37279462814331055,
   0.38629069924354553,
   0.39512374997138977,
   0.41664665937423706,
   0.4053201675415039,
   0.4684280455112457,
   0.4236595034599304
  ],