{
 "position": 45,
 "sequence_aa": "A",
 "substrate_file": "/home/dbrayjr5/esm2-osc/esm2_substrate_facebook_esm2_t33_650M_UR50D/substrate.npz",
 "n_sublayers": 62,
 "n_units": 1280,
 "validity_floor": {
  "quantile": 0.1,
  "absolute_value": 2.7328476905822754,
  "n_valid_cells": 71424,
  "n_total_cells": 79360,
  "fraction_valid": 0.9
 },
 "depth_profiles": {
  "amp_modulation_mean": [
   1.2742950916290283,
   1.2562081813812256,
   1.2652417421340942,
   1.2358840703964233,
   1.2555251121520996,
   1.2359713315963745,
   1.2373526096343994,
   1.2247899770736694,
   1.230725646018982,
   1.2167819738388062,
   1.2194499969482422,
   1.2137136459350586,
   1.2207746505737305,
   1.2144321203231812,
   1.2294679880142212,
   1.2257977724075317,
   1.2201007604599,
   1.2309131622314453,
   1.2332683801651,
   1.236531376838684,
   1.2434303760528564,
   1.223271369934082,
   1.3159186840057373,
   1.3350579738616943,
   1.2553297281265259,
   1.2285405397415161,
   1.2148278951644897,
   1.1688787937164307,
   1.1403754949569702,
   1.0944318771362305,
   1.1655676364898682,
   1.1494022607803345,
   1.125361680984497,
   1.117333173751831,
   1.0852829217910767,
   1.0823523998260498,
   1.0923819541931152,
   1.0793325901031494,
   1.121473789215088,
   1.1425795555114746,
   1.130458116531372,
   1.1722424030303955,
   1.1770083904266357,
   1.169891119003296,
   1.1780341863632202,
   1.2001092433929443,
   1.1972213983535767,
   1.1852926015853882,
   1.2224397659301758,
   1.2585395574569702,
   1.2340933084487915,
   1.2617839574813843,
   1.2297189235687256,
   1.2419761419296265,
   1.2622096538543701,
   1.2645286321640015,
   1.243502140045166,
   1.3087730407714844,
   1.2651023864746094,
   1.2468955516815186,
   1.2305305004119873,
   1.2423369884490967
  ],
  "amp_modulation_mean_valid_only": [
   1.2742950916290283,
   1.2562081813812256,
   1.2652417421340942,
   1.2358840703964233,
   1.2555251121520996,
   1.2342898845672607,
   1.2373526096343994,
   1.2183300256729126,
   1.2263779640197754,
   1.1840306520462036,
   1.1916494369506836,
   1.1443836688995361,
   1.1534881591796875,
   1.1337517499923706,
   1.192245602607727,
   1.1910781860351562,
   1.1927210092544556,
   1.179545521736145,
   1.2101449966430664,
   1.2063448429107666,
   1.2407875061035156,
   1.2221413850784302,
   1.3159186840057373,
   1.3350579738616943,
   1.2553297281265259,
   1.2285405397415161,
   1.2148278951644897,
   1.1688787937164307,
   1.1403754949569702,
   1.0944318771362305,
   1.1655676364898682,
   1.1494022607803345,
   1.125361680984497,
   1.117333173751831,
   1.0852829217910767,
   1.0823523998260498,
   1.0923819541931152,
   1.0793325901031494,
   1.121473789215088,
   1.1425795555114746,
   1.130458116531372,
   1.1722424030303955,
   1.1770083904266357,
   1.169891119003296,
   1.1780341863632202,
   1.2001092433929443,
   1.1972213983535767,
   1.1852926015853882,
   1.2224397659301758,
   1.2585395574569702,
   1.2340933084487915,
   1.2617839574813843,
   1.2297189235687256,
   1.2419761419296265,
   1.2622096538543701,
   1.2645286321640015,
   1.243502140045166,
   1.3087730407714844,
   1.2651023864746094,
   1.2468955516815186,
   1.2305305004119873,
   1.2423369884490967
  ],
  "phase_consistency_across_units": [
   0.033115290105342865,
   0.029265783727169037,
   0.03470158576965332,
   0.033731456845998764,
   0.02323717623949051,
   0.034362249076366425,
   0.024407999590039253,
   0.032651253044605255,
   0.020527267828583717,
   0.025445859879255295,
   0.007488346192985773,
   0.017908498644828796,
   0.008216170594096184,
   0.003264856757596135,
   0.011837102472782135,
   0.004113349132239819,
   0.0033097469713538885,
   0.01983458176255226,
   0.017145004123449326,
   0.018472570925951004,
   0.008737372234463692,
   0.017355334013700485,
   0.020870264619588852,
   0.013667648658156395,
   0.009739303961396217,
   0.013189542107284069,
   0.025255335494875908,
   0.026413632556796074,
   0.015008125454187393,
   0.019259696826338768,
   0.013617485761642456,
   0.01525810919702053,
   0.016512690111994743,
   0.019317705184221268,
   0.013459773734211922,
   0.00876616034656763,
   0.007057639770209789,
   0.006518437527120113,
   0.004186931531876326,
   0.013394001871347427,
   0.00863980408757925,
   0.014553278684616089,
   0.010976293124258518,
   0.00864496175199747,
   0.016150113195180893,
   0.008314024657011032,
   0.015901586040854454,
   0.008635195903480053,
   0.002766088116914034,
   0.004835683852434158,
   0.013329069130122662,
   0.007810797076672316,
   0.006302691996097565,
   0.019201280549168587,
   0.005388027057051659,
   0.00856287032365799,
   0.004696686286479235,
   0.009088543243706226,
   0.01668107882142067,
   0.014414134435355663,
   0.020790142938494682,
   0.028941459953784943
  ],
  "freq_mean": [
   0.17773489654064178,
   0.037056826055049896,
   0.16864243149757385,
   0.030528951436281204,
   0.1540340930223465,
   0.0549277663230896,
   0.13719913363456726,
   0.05020042136311531,
   0.11536838859319687,
   0.056339330971241,
   0.1294870674610138,
   0.08013030141592026,
   0.13519629836082458,
   0.0960090234875679,
   0.16118213534355164,
   0.08414306491613388,
   0.14758625626564026,
   0.11188032478094101,
   0.20209629833698273,
   0.1321638524532318,
   0.17468181252479553,
   0.09712831676006317,
   0.35186463594436646,
   0.20081481337547302,
   0.20375394821166992,
   0.19325512647628784,
   0.2117905169725418,
   0.17020051181316376,
   0.14241135120391846,
   0.13652916252613068,
   0.29086655378341675,
   0.1607779562473297,
   0.2100858986377716,
   0.18106207251548767,
   0.16474083065986633,
   0.16741850972175598,
   0.18726272881031036,
   0.17750267684459686,
   0.21816889941692352,
   0.18136119842529297,
   0.20562343299388885,
   0.25007715821266174,
   0.21972408890724182,
   0.21654768288135529,
   0.2180955857038498,
   0.2271987646818161,
   0.2077300101518631,
   0.19757232069969177,
   0.28555846214294434,
   0.21890994906425476,
   0.2919887900352478,
   0.23544570803642273,
   0.2075171023607254,
   0.19625823199748993,
   0.2852659821510315,
   0.19223418831825256,
   0.3189927935600281,
   0.29865995049476624,
   0.31431689858436584,
   0.17624995112419128,
   0.515484631061554
  ],
  "freq_deviation_abs_mean": [
   0.3312068581581116,
   0.2201579511165619,
   0.2491593062877655,
   0.24532946944236755,
   0.2296256124973297,
   0.23813875019550323,
   0.21963930130004883,
   0.22993937134742737,
   0.2126433402299881,
   0.22975969314575195,
   0.23839211463928223,
   0.27765196561813354,
   0.2466394454240799,
   0.2867906093597412,
   0.29002055525779724,
   0.3149307668209076,
   0.27002811431884766,
   0.29546794295310974,
   0.3176226019859314,
   0.3664461076259613,
   0.337492972612381,
   0.40274304151535034,
   0.3852643370628357,
   0.419655978679657,
   0.35669374465942383,
   0.3681923449039459,
   0.3563823103904724,
   0.3159794211387634,
   0.29305499792099,
   0.3520076274871826,
   0.36567798256874084,
   0.37242597341537476,
   0.35357463359832764,
   0.35494568943977356,
   0.3430024981498718,
   0.3599432408809662,
   0.33553409576416016,
   0.38113027811050415,
   0.39387422800064087,
   0.3786900043487549,
   0.3778957724571228,
   0.4129696786403656,
   0.40160900354385376,
   0.3916455805301666,
   0.37989121675491333,
   0.3761211037635803,
   0.39222508668899536,
   0.3839883804321289,
   0.36480674147605896,
   0.40649253129959106,
   0.3720114827156067,
   0.3583551347255707,
   0.34993812441825867,
   0.40854597091674805,
   0.3876935839653015,
   0.41889843344688416,
   0.4369134306907654,
   0.45888981223106384,
   0.4274001717567444,
   0.46635451912879944,
   0.4305078387260437
  ],