{
 "position": 38,
 "sequence_aa": "D",
 "substrate_file": "/home/dbrayjr5/esm2-osc/esm2_substrate_facebook_esm2_t33_650M_UR50D/substrate.npz",
 "n_sublayers": 62,
 "n_units": 1280,
 "validity_floor": {
  "quantile": 0.1,
  "absolute_value": 2.7328476905822754,
  "n_valid_cells": 71424,
  "n_total_cells": 79360,
  "fraction_valid": 0.9
 },
 "depth_profiles": {
  "amp_modulation_mean": [
   1.1600818634033203,
   1.141348123550415,
   1.1485507488250732,
   1.1332565546035767,
   1.14341139793396,
   1.1283924579620361,
   1.1335809230804443,
   1.1226838827133179,
   1.1265159845352173,
   1.111068606376648,
   1.1077759265899658,
   1.105008840560913,
   1.1274534463882446,
   1.1154453754425049,
   1.1446422338485718,
   1.1418211460113525,
   1.1341785192489624,
   1.1266721487045288,
   1.136151909828186,
   1.1297922134399414,
   1.140683650970459,
   1.118164300918579,
   1.1965720653533936,
   1.2197649478912354,
   1.15665602684021,
   1.1271312236785889,
   1.1200014352798462,
   1.1501829624176025,
   1.1308114528656006,
   1.0926529169082642,
   1.0828858613967896,
   1.0446484088897705,
   1.0362217426300049,
   0.9886864423751831,
   1.008448839187622,
   1.0213375091552734,
   1.0037915706634521,
   0.9863017797470093,
   1.0095456838607788,
   1.027956485748291,
   1.0207979679107666,
   1.057681679725647,
   1.068584680557251,
   1.0710664987564087,
   1.1526983976364136,
   1.2551043033599854,
   1.160503625869751,
   1.1340655088424683,
   1.1244169473648071,
   1.1228262186050415,
   1.125430703163147,
   1.1312255859375,
   1.1266738176345825,
   1.1092420816421509,
   1.1031615734100342,
   1.1006224155426025,
   1.0942665338516235,
   1.135150671005249,
   1.1239351034164429,
   1.134783148765564,
   1.1322885751724243,
   1.1407887935638428
  ],
  "amp_modulation_mean_valid_only": [
   1.1600818634033203,
   1.141348123550415,
   1.1485507488250732,
   1.1332565546035767,
   1.14341139793396,
   1.1296465396881104,
   1.1335809230804443,
   1.1256189346313477,
   1.114330530166626,
   1.0606240034103394,
   1.0629397630691528,
   1.0466346740722656,
   1.0892919301986694,
   1.0805130004882812,
   1.1122878789901733,
   1.1430249214172363,
   1.0965839624404907,
   1.0983442068099976,
   1.1099730730056763,
   1.1118836402893066,
   1.130505084991455,
   1.1112957000732422,
   1.1965720653533936,
   1.2197649478912354,
   1.15665602684021,
   1.1271312236785889,
   1.1200014352798462,
   1.1501829624176025,
   1.1308114528656006,
   1.0926529169082642,
   1.0828858613967896,
   1.0446484088897705,
   1.0362217426300049,
   0.9886864423751831,
   1.008448839187622,
   1.0213375091552734,
   1.0037915706634521,
   0.9863017797470093,
   1.0095456838607788,
   1.027956485748291,
   1.0207979679107666,
   1.057681679725647,
   1.068584680557251,
   1.0710664987564087,
   1.1526983976364136,
   1.2551043033599854,
   1.160503625869751,
   1.1340655088424683,
   1.1244169473648071,
   1.1228262186050415,
   1.125430703163147,
   1.1312255859375,
   1.1266738176345825,
   1.1092420816421509,
   1.1031615734100342,
   1.1006224155426025,
   1.0942665338516235,
   1.135150671005249,
   1.1239351034164429,
   1.134783148765564,
   1.1322885751724243,
   1.1407887935638428
  ],
  "phase_consistency_across_units": [
   0.019073011353611946,
   0.016609568148851395,
   0.009312503039836884,
   0.022335393354296684,
   0.018055245280265808,
   0.027443451806902885,
   0.02255999483168125,
   0.027370447292923927,
   0.028594698756933212,
   0.02785303257405758,
   0.029392587020993233,
   0.029775626957416534,
   0.03913438692688942,
   0.03826208412647247,
   0.05067230388522148,
   0.026180122047662735,
   0.0366993211209774,
   0.03333095461130142,
   0.02966473624110222,
   0.025531254708766937,
   0.030713653191924095,
   0.03844410553574562,
   0.03140963986515999,
   0.023399250581860542,
   0.01366258505731821,
   0.0297369547188282,
   0.025601034983992577,
   0.02118266560137272,
   0.018574202433228493,
   0.015439123846590519,
   0.01274289470165968,
   0.010811969637870789,
   0.015471195802092552,
   0.01064381469041109,
   0.011594190262258053,
   0.010870304889976978,
   0.022086068987846375,
   0.028190838173031807,
   0.02008836716413498,
   0.014805682003498077,
   0.01233331672847271,
   0.012874821200966835,
   0.004841221496462822,
   0.013625220395624638,
   0.003978748340159655,
   0.01510260533541441,
   0.005891263484954834,
   0.012661013752222061,
   0.01329494547098875,
   0.01061053853482008,
   0.005149553529918194,
   0.013399094343185425,
   0.018673840910196304,
   0.010665927082300186,
   0.008770870976150036,
   0.01726234331727028,
   0.01047414168715477,
   0.008020525798201561,
   0.00915073323994875,
   0.016269611194729805,
   0.012965776957571507,
   0.020449262112379074
  ],
  "freq_mean": [
   0.1623397171497345,
   0.01567652076482773,
   0.17647361755371094,
   0.05029154568910599,
   0.15971660614013672,
   0.05821511894464493,
   0.1395757794380188,
   0.06504479050636292,
   0.12092910706996918,
   0.06661554425954819,
   0.11104901134967804,
   0.09806053340435028,
   0.12539346516132355,
   0.08322000503540039,
   0.21655325591564178,
   0.1062241792678833,
   0.16794784367084503,
   0.13491082191467285,
   0.2195865362882614,
   0.11770373582839966,
   0.18929311633110046,
   0.1221003532409668,
   0.3256569504737854,
   0.18391111493110657,
   0.2099769115447998,
   0.13621775805950165,
   0.22132539749145508,
   0.23677560687065125,
   0.20791296660900116,
   0.18377867341041565,
   0.24105782806873322,
   0.1712280958890915,
   0.19280356168746948,
   0.1271975338459015,
   0.21593761444091797,
   0.19491274654865265,
   0.17324529588222504,
   0.16159160435199738,
   0.22220143675804138,
   0.17191775143146515,
   0.18609662353992462,
   0.22562699019908905,
   0.21617908775806427,
   0.1734611690044403,
   0.34546157717704773,
   0.3234702944755554,
   0.20833294093608856,
   0.241984561085701,
   0.20767109096050262,
   0.26627689599990845,
   0.27133458852767944,
   0.2371973991394043,
   0.27393001317977905,
   0.16405324637889862,
   0.29148343205451965,
   0.1706826388835907,
   0.31594905257225037,
   0.2152976542711258,
   0.34042254090309143,
   0.17961445450782776,
   0.5124486088752747
  ],
  "freq_deviation_abs_mean": [
   0.3854873776435852,
   0.24086961150169373,
   0.26346707344055176,
   0.27213358879089355,
   0.26431459188461304,
   0.26304706931114197,
   0.2517786920070648,
   0.2487219274044037,
   0.21991243958473206,
   0.24265380203723907,
   0.25044625997543335,
   0.26491689682006836,
   0.2510349750518799,
   0.31742119789123535,
   0.3185644745826721,
   0.32700687646865845,
   0.28573036193847656,
   0.30292487144470215,
   0.3385462760925293,
   0.3780694901943207,
   0.3539307117462158,
   0.3970029354095459,
   0.3758443295955658,
   0.41792744398117065,
   0.3558327853679657,
   0.3814958930015564,
   0.3609876036643982,
   0.37218981981277466,
   0.34851184487342834,
   0.35559043288230896,
   0.34916895627975464,
   0.3464794158935547,
   0.3284887373447418,
   0.33955198526382446,
   0.3366876244544983,
   0.3575363755226135,
   0.3296284079551697,
   0.36236393451690674,
   0.35150107741355896,
   0.35392099618911743,
   0.34718114137649536,
   0.35532960295677185,
   0.3437242805957794,
   0.4117705821990967,
   0.43265971541404724,
   0.4249730110168457,
   0.4020439088344574,
   0.3870462477207184,
   0.4013710916042328,
   0.4106000065803528,
   0.42018213868141174,
   0.42239493131637573,
   0.37711066007614136,
   0.4220193028450012,
   0.38600945472717285,
   0.42612940073013306,
   0.407598078250885,
   0.4729873538017273,
   0.40930575132369995,
   0.469705194234848,
   0.466514527797699
  ],