{
 "position": 33,
 "sequence_aa": "E",
 "substrate_file": "/Users/djbray/Desktop/esm2/esm2_substrate_facebook_esm2_t33_650M_UR50D/substrate.npz",
 "n_sublayers": 62,
 "n_units": 1280,
 "depth_profiles": {
  "amp_mean": [
   10.04435920715332,
   5.36627721786499,
   5.556105136871338,
   4.275576114654541,
   4.361331462860107,
   3.73821759223938,
   3.8064353466033936,
   3.371539354324341,
   3.4198479652404785,
   3.1635799407958984,
   3.2275123596191406,
   3.024519443511963,
   3.1294734477996826,
   3.0106005668640137,
   3.207717180252075,
   3.0900015830993652,
   3.2075772285461426,
   3.1257100105285645,
   3.3704230785369873,
   3.2862637042999268,
   3.4486396312713623,
   3.380763530731201,
   3.581843614578247,
   3.607740879058838,
   3.771897554397583,
   3.7889809608459473,
   3.964890956878662,
   4.112916469573975,
   3.872756242752075,
   3.8460183143615723,
   3.8882718086242676,
   4.029838562011719,
   3.94779634475708,
   4.022840976715088,
   4.014678001403809,
   4.121723651885986,
   4.275122165679932,
   4.414845943450928,
   4.752058506011963,
   5.002574443817139,
   4.931275844573975,
   4.849819183349609,
   5.174880027770996,
   5.486259460449219,
   5.293606281280518,
   5.381715774536133,
   5.480175018310547,
   5.628676414489746,
   5.746614456176758,
   5.820329189300537,
   5.897691249847412,
   5.780617713928223,
   5.872359275817871,
   5.805516242980957,
   6.004450798034668,
   6.193058013916016,
   6.482611656188965,
   6.957134246826172,
   7.011388301849365,
   7.7901411056518555,
   8.413534164428711,
   11.777935028076172
  ],
  "amp_modulation_mean": [
   1.165688395500183,
   1.1260747909545898,
   1.146929144859314,
   1.1118862628936768,
   1.1274954080581665,
   1.1147124767303467,
   1.1212551593780518,
   1.0993989706039429,
   1.1066536903381348,
   1.0946061611175537,
   1.0939664840698242,
   1.0786736011505127,
   1.0956623554229736,
   1.0875513553619385,
   1.1201846599578857,
   1.114751935005188,
   1.1099659204483032,
   1.1043884754180908,
   1.11476469039917,
   1.1056933403015137,
   1.1178492307662964,
   1.08711576461792,
   1.0873873233795166,
   1.0820420980453491,
   1.1053242683410645,
   1.0752818584442139,
   1.1121540069580078,
   1.1059377193450928,
   1.0431959629058838,
   1.0125735998153687,
   0.9996097683906555,
   0.995827317237854,
   0.9834417104721069,
   0.9687036275863647,
   0.9686673879623413,
   0.9800780415534973,
   0.9976387023925781,
   1.0001370906829834,
   1.0645334720611572,
   1.111318826675415,
   1.0890865325927734,
   1.0562758445739746,
   1.1111304759979248,
   1.1557544469833374,
   1.1026270389556885,
   1.1191188097000122,
   1.1235368251800537,
   1.1531797647476196,
   1.1570284366607666,
   1.172054648399353,
   1.1497695446014404,
   1.123945713043213,
   1.1133558750152588,
   1.0917810201644897,
   1.093869924545288,
   1.1037261486053467,
   1.1125630140304565,
   1.1378560066223145,
   1.0926069021224976,
   1.132459282875061,
   1.1450822353363037,
   1.1513725519180298
  ],
  "phase_consistency_across_units": [
   0.012740205973386765,
   0.008596648462116718,
   0.015515036880970001,
   0.010935897938907146,
   0.015585248358547688,
   0.019628359004855156,
   0.023167986422777176,
   0.024809593334794044,
   0.020892350003123283,
   0.032046351581811905,
   0.029231956228613853,
   0.032289933413267136,
   0.017712427303195,
   0.017365943640470505,
   0.022417429834604263,
   0.005359885282814503,
   0.027324490249156952,
   0.016061006113886833,
   0.018384817987680435,
   0.013045007362961769,
   0.010162360966205597,
   0.03306674212217331,
   0.006124754436314106,
   0.009204006753861904,
   0.009657580405473709,
   0.02390841767191887,
   0.041646625846624374,
   0.02436874248087406,
   0.0231942031532526,
   0.02124209888279438,
   0.026562683284282684,
   0.022979862987995148,
   0.02361396886408329,
   0.022136351093649864,
   0.008449656888842583,
   0.017432276159524918,
   0.010532675310969353,
   0.016177373006939888,
   0.0014387774281203747,
   0.005769831594079733,
   0.010259253904223442,
   0.002585850190371275,
   0.005097630433738232,
   0.014556493610143661,
   0.012315088883042336,
   0.00819488801062107,
   0.0032430561259388924,
   0.00915033183991909,
   0.02423151023685932,
   0.015173626132309437,
   0.010706513188779354,
   0.008915014564990997,
   0.0034183156676590443,
   0.007203458342701197,
   0.009093116037547588,
   0.016668418422341347,
   0.013419650495052338,
   0.022394442930817604,
   0.008452114649116993,
   0.01058189943432808,
   0.004471039865165949,
   0.01503615640103817
  ],
  "freq_mean": [
   0.1778341382741928,
   0.029105570167303085,
   0.18419042229652405,
   0.05570618063211441,
   0.1439816653728485,
   0.07266657054424286,
   0.14112818241119385,
   0.05587879940867424,
   0.13275647163391113,
   0.06277965754270554,
   0.1318226158618927,
   0.06941467523574829,
   0.12250014394521713,
   0.10660745948553085,
   0.19722023606300354,
   0.11756119877099991,
   0.17783966660499573,
   0.12473829835653305,
   0.22333256900310516,
   0.14311185479164124,
   0.24194006621837616,
   0.13942992687225342,
   0.26077550649642944,
   0.16223366558551788,
   0.24238550662994385,
   0.16812512278556824,
   0.29835015535354614,
   0.1798393279314041,
   0.19572310149669647,
   0.14573898911476135,
   0.2189641296863556,
   0.19538751244544983,
   0.19174441695213318,
   0.15167438983917236,
   0.1641121357679367,
   0.17269328236579895,
   0.187870591878891,
   0.2147536277770996,
   0.2667723298072815,
   0.25252968072891235,
   0.183436319231987,
   0.18494513630867004,
   0.2662562429904938,
   0.2506895065307617,
   0.19051618874073029,
   0.20973548293113708,
   0.2537586987018585,
   0.2729777693748474,
   0.23716194927692413,
   0.2835018038749695,
   0.22086219489574432,
   0.22524821758270264,
   0.23155519366264343,
   0.17399071156978607,
   0.2820473313331604,
   0.1922856569290161,
   0.337432861328125,
   0.23162169754505157,
   0.3175177574157715,
   0.21196885406970978,
   0.5459979772567749
  ],
  "freq_deviation_abs_mean": [
   0.363930881023407,
   0.23292669653892517,
   0.26881498098373413,
   0.261840283870697,
   0.26428937911987305,
   0.26530519127845764,
   0.25189128518104553,
   0.2501829266548157,
   0.23428340256214142,
   0.26418817043304443,
   0.24677368998527527,
   0.27542436122894287,
   0.258859783411026,
   0.32226473093032837,
   0.32234400510787964,
   0.33376309275627136,
   0.2916780114173889,
   0.3563876152038574,
   0.3510783612728119,
   0.38868483901023865,
   0.3720640540122986,
   0.43679648637771606,
   0.3808792233467102,
   0.41316550970077515,
   0.3685690462589264,
   0.3835813105106354,
   0.37825295329093933,
   0.3917841911315918,
   0.3249815106391907,
   0.3223220407962799,
   0.34855926036834717,
   0.3560218811035156,
   0.3537961542606354,
   0.36001038551330566,
   0.33372706174850464,
   0.36367887258529663,
   0.33954018354415894,
   0.3719012141227722,
   0.41736388206481934,
   0.3825414180755615,
   0.3723636269569397,
   0.3705083429813385,
   0.39865168929100037,
   0.38091880083084106,
   0.38141340017318726,
   0.3661822974681854,
   0.3974892795085907,
   0.4432552754878998,
   0.44246140122413635,
   0.40123242139816284,
   0.3993567228317261,
   0.38800427317619324,
   0.36023443937301636,
   0.40252822637557983,
   0.3770872950553894,
   0.4320129454135895,
   0.39106225967407227,
   0.457020103931427,
   0.4441610872745514,
   0.5026906728744507,
   0.4603603780269623
  ]
 },
 "top_units_by_amp_modulation_max": [
  {
   "unit": 44,
   "max_amp_mod": 5.527050971984863,
   "argmax_sublayer": 0
  },
  {
   "unit": 154,
   "max_amp_mod": 5.444202423095703,
   "argmax_sublayer": 0
  },
  {
   "unit": 980,
   "max_amp_mod": 4.937207221984863,
   "argmax_sublayer": 15
  },
  {
   "unit": 1108,
   "max_amp_mod": 4.874609470367432,
   "argmax_sublayer": 0
  },
  {
   "unit": 1027,
   "max_amp_mod": 4.62664794921875,