{
 "position": 39,
 "sequence_aa": "Q",
 "substrate_file": "/home/dbrayjr5/esm2-osc/esm2_substrate_facebook_esm2_t33_650M_UR50D/substrate.npz",
 "n_sublayers": 62,
 "n_units": 1280,
 "validity_floor": {
  "quantile": 0.1,
  "absolute_value": 2.7328476905822754,
  "n_valid_cells": 71424,
  "n_total_cells": 79360,
  "fraction_valid": 0.9
 },
 "depth_profiles": {
  "amp_modulation_mean": [
   1.1732772588729858,
   1.1649529933929443,
   1.167280673980713,
   1.1545066833496094,
   1.1632282733917236,
   1.1474907398223877,
   1.146500825881958,
   1.131894826889038,
   1.1417436599731445,
   1.1327524185180664,
   1.139021396636963,
   1.1361522674560547,
   1.1502130031585693,
   1.138178825378418,
   1.1663154363632202,
   1.1659479141235352,
   1.1558717489242554,
   1.1565988063812256,
   1.1639306545257568,
   1.1654874086380005,
   1.181868076324463,
   1.1631618738174438,
   1.2417528629302979,
   1.2620744705200195,
   1.2086900472640991,
   1.1969451904296875,
   1.1669238805770874,
   1.1388819217681885,
   1.1115820407867432,
   1.055929183959961,
   1.080633521080017,
   1.0504019260406494,
   1.068118929862976,
   1.0423647165298462,
   1.0345367193222046,
   1.060558557510376,
   1.0434364080429077,
   1.0354831218719482,
   1.0544390678405762,
   1.0596030950546265,
   1.0560166835784912,
   1.0542417764663696,
   1.0616620779037476,
   1.0758790969848633,
   1.1392745971679688,
   1.2156352996826172,
   1.1587480306625366,
   1.1645742654800415,
   1.159815788269043,
   1.2011085748672485,
   1.2037256956100464,
   1.202042579650879,
   1.2003505229949951,
   1.1695513725280762,
   1.1459295749664307,
   1.1307989358901978,
   1.1170530319213867,
   1.1248787641525269,
   1.1139428615570068,
   1.1388593912124634,
   1.1331545114517212,
   1.150037169456482
  ],
  "amp_modulation_mean_valid_only": [
   1.1732772588729858,
   1.1649529933929443,
   1.167280673980713,
   1.1545066833496094,
   1.1632282733917236,
   1.14644193649292,
   1.146500825881958,
   1.1206926107406616,
   1.1322150230407715,
   1.085353136062622,
   1.0865094661712646,
   1.0710127353668213,
   1.120036244392395,
   1.0590815544128418,
   1.1401309967041016,
   1.1480870246887207,
   1.1145312786102295,
   1.10379958152771,
   1.1391297578811646,
   1.15653657913208,
   1.1794039011001587,
   1.1660711765289307,
   1.2417528629302979,
   1.2620744705200195,
   1.2086900472640991,
   1.1969451904296875,
   1.1669238805770874,
   1.1388819217681885,
   1.1115820407867432,
   1.055929183959961,
   1.080633521080017,
   1.0504019260406494,
   1.068118929862976,
   1.0423647165298462,
   1.0345367193222046,
   1.060558557510376,
   1.0434364080429077,
   1.0354831218719482,
   1.0544390678405762,
   1.0596030950546265,
   1.0560166835784912,
   1.0542417764663696,
   1.0616620779037476,
   1.0758790969848633,
   1.1392745971679688,
   1.2156352996826172,
   1.1587480306625366,
   1.1645742654800415,
   1.159815788269043,
   1.2011085748672485,
   1.2037256956100464,
   1.202042579650879,
   1.2003505229949951,
   1.1695513725280762,
   1.1459295749664307,
   1.1307989358901978,
   1.1170530319213867,
   1.1248787641525269,
   1.1139428615570068,
   1.1388593912124634,
   1.1331545114517212,
   1.150037169456482
  ],
  "phase_consistency_across_units": [
   0.00963896606117487,
   0.003179504070430994,
   0.0016747342888265848,
   0.01945190690457821,
   0.010397984646260738,
   0.02384786307811737,
   0.015171327628195286,
   0.02356826886534691,
   0.02004195936024189,
   0.021548105403780937,
   0.019639737904071808,
   0.02696407400071621,
   0.01913454756140709,
   0.0296612698584795,
   0.024713339284062386,
   0.01275518350303173,
   0.02372153475880623,
   0.023330207914114,
   0.0244606900960207,
   0.01528793666511774,
   0.019181469455361366,
   0.031995803117752075,
   0.019379770383238792,
   0.031464822590351105,
   0.020525187253952026,
   0.023935433477163315,
   0.028975024819374084,
   0.03525524586439133,
   0.019392283633351326,
   0.027021650224924088,
   0.02268972247838974,
   0.0161576010286808,
   0.03348628431558609,
   0.02931002527475357,
   0.0043403212912380695,
   0.00919742789119482,
   0.014013228006660938,
   0.022355202585458755,
   0.020635295659303665,
   0.021642254665493965,
   0.015349023975431919,
   0.013494018465280533,
   0.007522989995777607,
   0.004625207278877497,
   0.004593538586050272,
   0.0016078016487881541,
   0.010148822329938412,
   0.011609993875026703,
   0.010950897820293903,
   0.0014240192249417305,
   0.005035845562815666,
   0.03773278743028641,
   0.017776694148778915,
   0.012803942896425724,
   0.0067755174823105335,
   0.010468214750289917,
   0.016399169340729713,
   0.00923360325396061,
   0.013318301178514957,
   0.011654021218419075,
   0.0014366036048159003,
   0.018848735839128494
  ],
  "freq_mean": [
   0.154315784573555,
   0.04243870824575424,
   0.14730295538902283,
   0.0706528052687645,
   0.12826505303382874,
   0.06979890167713165,
   0.11964797973632812,
   0.055059514939785004,
   0.11055321991443634,
   0.07050234079360962,
   0.10641612857580185,
   0.097063347697258,
   0.12417285144329071,
   0.08500369638204575,
   0.1727389395236969,
   0.09961161017417908,
   0.14465676248073578,
   0.10552825778722763,
   0.18876497447490692,
   0.11211750656366348,
   0.15095463395118713,
   0.11092951148748398,
   0.3247097134590149,
   0.16835184395313263,
   0.22819754481315613,
   0.19169116020202637,
   0.2015623152256012,
   0.20238077640533447,
   0.19288428127765656,
   0.1483294516801834,
   0.246674582362175,
   0.15922601521015167,
   0.2421579658985138,
   0.15097960829734802,
   0.20680847764015198,
   0.20450708270072937,
   0.18325090408325195,
   0.19471579790115356,
   0.24641552567481995,
   0.21290750801563263,
   0.22043880820274353,
   0.1896326243877411,
   0.20330050587654114,
   0.1974012404680252,
   0.29239970445632935,
   0.2538328468799591,
   0.20560328662395477,
   0.218901127576828,
   0.2277025729417801,
   0.2692623734474182,
   0.24134747684001923,
   0.2574630081653595,
   0.255243182182312,
   0.20414400100708008,
   0.282055139541626,
   0.20023469626903534,
   0.25607356429100037,
   0.20998230576515198,
   0.3269086182117462,
   0.16847284138202667,
   0.5259658694267273
  ],
  "freq_deviation_abs_mean": [
   0.3611379861831665,
   0.2286762297153473,
   0.25549131631851196,
   0.25159916281700134,
   0.2533349096775055,
   0.24737977981567383,
   0.2247736006975174,
   0.23651304841041565,
   0.21325786411762238,
   0.2318004071712494,
   0.23990121483802795,
   0.24297013878822327,
   0.23068377375602722,
   0.2920495569705963,
   0.31515198945999146,
   0.3065229058265686,
   0.271850049495697,
   0.29884833097457886,
   0.32918602228164673,
   0.3534544110298157,
   0.3356025218963623,
   0.36291515827178955,
   0.35296791791915894,
   0.4133130609989166,
   0.3729088604450226,
   0.36452993750572205,
   0.3592740595340729,
   0.3866936266422272,
   0.34828895330429077,
   0.3648414611816406,
   0.35966116189956665,
   0.3683791756629944,
   0.3321487009525299,
   0.36097249388694763,
   0.3396627902984619,
   0.35114115476608276,
   0.3530657887458801,
   0.3716416656970978,
   0.37414225935935974,
   0.3888584077358246,
   0.36198005080223083,
   0.37303656339645386,
   0.36043697595596313,
   0.3836778998374939,
   0.41316041350364685,
   0.39360174536705017,
   0.38397017121315,
   0.3941786289215088,
   0.407879114151001,
   0.40285077691078186,
   0.4087715148925781,
   0.3808996081352234,
   0.3602568209171295,
   0.3938543200492859,
   0.37302452325820923,
   0.41671690344810486,
   0.4090496003627777,
   0.4355429708957672,
   0.39526286721229553,
   0.4738304615020752,
   0.4208908677101135
  ],