{
 "position": 38,
 "sequence_aa": "D",
 "substrate_file": "/Users/djbray/Desktop/esm2/esm2_substrate_facebook_esm2_t33_650M_UR50D/substrate.npz",
 "n_sublayers": 62,
 "n_units": 1280,
 "depth_profiles": {
  "amp_mean": [
   10.059269905090332,
   5.452357292175293,
   5.586827278137207,
   4.365537643432617,
   4.4377875328063965,
   3.789921522140503,
   3.852968692779541,
   3.444242000579834,
   3.481626510620117,
   3.2072441577911377,
   3.262998104095459,
   3.0972018241882324,
   3.219435453414917,
   3.0834784507751465,
   3.2708840370178223,
   3.1699540615081787,
   3.2763419151306152,
   3.1910173892974854,
   3.4295547008514404,
   3.3574016094207764,
   3.514864444732666,
   3.471298933029175,
   3.9415183067321777,
   4.056042671203613,
   3.9450314044952393,
   3.966355085372925,
   3.992380142211914,
   4.2745041847229,
   4.193220615386963,
   4.1486382484436035,
   4.210766792297363,
   4.223263740539551,
   4.155071258544922,
   4.113164901733398,
   4.190541744232178,
   4.306224822998047,
   4.319666862487793,
   4.373035907745361,
   4.530756950378418,
   4.647787570953369,
   4.637909889221191,
   4.862487316131592,
   4.994483947753906,
   5.09589958190918,
   5.537238597869873,
   6.035837650299072,
   5.672306060791016,
   5.5410051345825195,
   5.5921525955200195,
   5.594903469085693,
   5.787318229675293,
   5.830397605895996,
   5.957455635070801,
   5.914449691772461,
   6.074006080627441,
   6.199771404266357,
   6.397233486175537,
   6.961572170257568,
   7.255915641784668,
   7.8553571701049805,
   8.396729469299316,
   11.77624797821045
  ],
  "amp_modulation_mean": [
   1.1600821018218994,
   1.1413482427597046,
   1.1485509872436523,
   1.1332566738128662,
   1.143411636352539,
   1.1283925771713257,
   1.133581280708313,
   1.1226842403411865,
   1.1265161037445068,
   1.111068844795227,
   1.107776165008545,
   1.1050089597702026,
   1.1274536848068237,
   1.1154457330703735,
   1.1446424722671509,
   1.1418213844299316,
   1.134178638458252,
   1.126672387123108,
   1.136151909828186,
   1.1297922134399414,
   1.140683650970459,
   1.118164300918579,
   1.196571946144104,
   1.2197647094726562,
   1.1566559076309204,
   1.1271312236785889,
   1.1200014352798462,
   1.150183081626892,
   1.1308114528656006,
   1.0926529169082642,
   1.0828858613967896,
   1.04464852809906,
   1.0362217426300049,
   0.9886865615844727,
   1.008448839187622,
   1.021337628364563,
   1.0037915706634521,
   0.9863020181655884,
   1.0095455646514893,
   1.0279563665390015,
   1.020797848701477,
   1.0576814413070679,
   1.068584680557251,
   1.0710666179656982,
   1.1526986360549927,
   1.2551045417785645,
   1.1605037450790405,
   1.1340653896331787,
   1.1244169473648071,
   1.122826337814331,
   1.125430703163147,
   1.1312254667282104,
   1.126673936843872,
   1.1092419624328613,
   1.1031615734100342,
   1.100622534751892,
   1.094266653060913,
   1.1351509094238281,
   1.1239354610443115,
   1.134783387184143,
   1.1322886943817139,
   1.1407887935638428
  ],
  "phase_consistency_across_units": [
   0.01907290704548359,
   0.016609439626336098,
   0.009312610141932964,
   0.02233537845313549,
   0.01805533468723297,
   0.027443328872323036,
   0.0225599966943264,
   0.027370566502213478,
   0.02859472669661045,
   0.027853168547153473,
   0.029392648488283157,
   0.02977563999593258,
   0.039134521037340164,
   0.038262102752923965,
   0.050672151148319244,
   0.02617991901934147,
   0.036699328571558,
   0.03333111107349396,
   0.029664896428585052,
   0.02553136646747589,
   0.03071177564561367,
   0.03844418376684189,
   0.03140978142619133,
   0.02339928410947323,
   0.013662629760801792,
   0.029737135395407677,
   0.025600990280508995,
   0.021182719618082047,
   0.018574291840195656,
   0.01543919276446104,
   0.012742938473820686,
   0.010812330059707165,
   0.015471319667994976,
   0.01064409501850605,
   0.011594162322580814,
   0.010870441794395447,
   0.022086074575781822,
   0.02819088287651539,
   0.020088164135813713,
   0.014805600047111511,
   0.012333319522440434,
   0.012874825857579708,
   0.004841318354010582,
   0.013625238090753555,
   0.003978773020207882,
   0.015102659352123737,
   0.005891394801437855,
   0.012660946696996689,
   0.013294890522956848,
   0.01061047613620758,
   0.00514964060857892,
   0.013399140909314156,
   0.018673893064260483,
   0.010665779002010822,
   0.008770961314439774,
   0.01726238988339901,
   0.01047420222312212,
   0.008020537905395031,
   0.009150704368948936,
   0.01626967266201973,
   0.012966020964086056,
   0.020449204370379448
  ],
  "freq_mean": [
   0.16233888268470764,
   0.01567688211798668,
   0.176473468542099,
   0.05029182881116867,
   0.1597166806459427,
   0.05821479484438896,
   0.1395757794380188,
   0.06504520028829575,
   0.12092892825603485,
   0.06661536544561386,
   0.11104929447174072,
   0.09806058555841446,
   0.125393345952034,
   0.08322001248598099,
   0.21655325591564178,
   0.1062241643667221,
   0.16794796288013458,
   0.13491059839725494,
   0.21958628296852112,
   0.1177016943693161,
   0.18929533660411835,
   0.12210039794445038,
   0.3256569504737854,
   0.1839110553264618,
   0.20997700095176697,
   0.1362179070711136,
   0.22132527828216553,
   0.23677587509155273,
   0.20791292190551758,
   0.18377824127674103,
   0.24105873703956604,
   0.17122748494148254,
   0.19280342757701874,
   0.12719769775867462,
   0.21593746542930603,
   0.1949125975370407,
   0.17324548959732056,
   0.16159163415431976,
   0.22220143675804138,
   0.1719178706407547,
   0.1860966980457306,
   0.22562694549560547,
   0.21617922186851501,
   0.17346110939979553,
   0.3454616665840149,
   0.32347002625465393,
   0.2083328664302826,
   0.24198493361473083,
   0.20767077803611755,
   0.266277015209198,
   0.27133435010910034,
   0.2371976375579834,
   0.2739298939704895,
   0.16405323147773743,
   0.2914833426475525,
   0.1706826388835907,
   0.315949022769928,
   0.21529796719551086,
   0.34042221307754517,
   0.17961475253105164,
   0.5124484300613403
  ],
  "freq_deviation_abs_mean": [
   0.3854876458644867,
   0.2408689558506012,
   0.2634667456150055,
   0.27213361859321594,
   0.2643146514892578,
   0.26304739713668823,
   0.2517780661582947,
   0.24872107803821564,
   0.21991248428821564,
   0.24265387654304504,
   0.2504463195800781,
   0.26491671800613403,
   0.25103530287742615,
   0.3174212872982025,
   0.3185644745826721,
   0.32700708508491516,
   0.2857302129268646,
   0.30292490124702454,
   0.3385459780693054,
   0.378071129322052,
   0.3539285659790039,
   0.3970027267932892,
   0.37584447860717773,
   0.41792744398117065,
   0.3558328151702881,
   0.38149601221084595,
   0.36098790168762207,
   0.3721897006034851,
   0.34851202368736267,
   0.3555904030799866,
   0.34916967153549194,
   0.3464786112308502,
   0.3284890055656433,
   0.3395518660545349,
   0.33668771386146545,
   0.357536256313324,
   0.32962846755981445,
   0.3623635768890381,
   0.35150134563446045,
   0.353921115398407,
   0.34718117117881775,
   0.3553299307823181,
   0.3437241017818451,
   0.41177043318748474,
   0.43265971541404724,
   0.42497292160987854,
   0.40204399824142456,
   0.387046217918396,
   0.4013710021972656,
   0.41059961915016174,
   0.42018193006515503,
   0.42239513993263245,
   0.37711071968078613,
   0.4220193028450012,
   0.38600975275039673,
   0.4261295795440674,
   0.4075981080532074,
   0.4729871153831482,
   0.4093058109283447,
   0.4697052836418152,
   0.4665147662162781
  ]
 },
 "top_units_by_amp_modulation_max": [
  {
   "unit": 129,
   "max_amp_mod": 4.816990375518799,
   "argmax_sublayer": 0
  },
  {
   "unit": 19,
   "max_amp_mod": 4.78474235534668,
   "argmax_sublayer": 17
  },
  {
   "unit": 722,
   "max_amp_mod": 4.470970630645752,
   "argmax_sublayer": 61
  },
  {
   "unit": 597,
   "max_amp_mod": 4.381144046783447,
   "argmax_sublayer": 24
  },
  {
   "unit": 208,
   "max_amp_mod": 4.307425022125244,