{
 "position": 27,
 "sequence_aa": "A",
 "substrate_file": "/home/dbrayjr5/esm2-osc/esm2_substrate_facebook_esm2_t33_650M_UR50D/substrate.npz",
 "n_sublayers": 62,
 "n_units": 1280,
 "validity_floor": {
  "quantile": 0.1,
  "absolute_value": 2.7328476905822754,
  "n_valid_cells": 71424,
  "n_total_cells": 79360,
  "fraction_valid": 0.9
 },
 "depth_profiles": {
  "amp_modulation_mean": [
   1.0035935640335083,
   0.998714804649353,
   1.0141499042510986,
   1.0049790143966675,
   1.0234733819961548,
   1.0234339237213135,
   1.0364501476287842,
   1.0437400341033936,
   1.049728274345398,
   1.0562366247177124,
   1.0655906200408936,
   1.0681359767913818,
   1.0911827087402344,
   1.1005301475524902,
   1.1562143564224243,
   1.168805480003357,
   1.2598494291305542,
   1.3974748849868774,
   1.285424828529358,
   1.2308095693588257,
   1.225035548210144,
   1.1673946380615234,
   1.0726665258407593,
   1.0515238046646118,
   1.0385425090789795,
   1.0129756927490234,
   0.969815731048584,
   0.9490200281143188,
   0.9210987091064453,
   0.9200769662857056,
   0.9649571180343628,
   0.9856585264205933,
   0.9621031880378723,
   0.9403368830680847,
   0.9027377963066101,
   0.9266306757926941,
   0.9195623397827148,
   0.918365478515625,
   0.9638311266899109,
   1.0263874530792236,
   0.9943100810050964,
   0.9461007118225098,
   0.9244775772094727,
   0.9028077125549316,
   0.8981307744979858,
   0.9101933240890503,
   0.9055837392807007,
   0.9037126302719116,
   0.9214062690734863,
   0.917624831199646,
   0.9174365997314453,
   0.9118579626083374,
   0.9202371835708618,
   0.9094101786613464,
   0.9152124524116516,
   0.9330900311470032,
   0.9440366625785828,
   1.0136067867279053,
   0.9804247617721558,
   0.9654380083084106,
   0.9577013254165649,
   0.9786375164985657
  ],
  "amp_modulation_mean_valid_only": [
   1.0035935640335083,
   0.998714804649353,
   1.0141499042510986,
   1.0049790143966675,
   1.0234733819961548,
   1.0236011743545532,
   1.0364501476287842,
   1.0342775583267212,
   1.0383784770965576,
   1.0549709796905518,
   1.0617095232009888,
   1.0533804893493652,
   1.068622350692749,
   1.0754165649414062,
   1.150569200515747,
   1.143604040145874,
   1.220964789390564,
   1.336906909942627,
   1.263651728630066,
   1.200031042098999,
   1.2160059213638306,
   1.1671956777572632,
   1.0726665258407593,
   1.0515238046646118,
   1.0385425090789795,
   1.0129756927490234,
   0.969815731048584,
   0.9490200281143188,
   0.9210987091064453,
   0.9200769662857056,
   0.9649571180343628,
   0.9856585264205933,
   0.9621031880378723,
   0.9403368830680847,
   0.9027377963066101,
   0.9266306757926941,
   0.9195623397827148,
   0.918365478515625,
   0.9638311266899109,
   1.0263874530792236,
   0.9943100810050964,
   0.9461007118225098,
   0.9244775772094727,
   0.9028077125549316,
   0.8981307744979858,
   0.9101933240890503,
   0.9055837392807007,
   0.9037126302719116,
   0.9214062690734863,
   0.917624831199646,
   0.9174365997314453,
   0.9118579626083374,
   0.9202371835708618,
   0.9094101786613464,
   0.9152124524116516,
   0.9330900311470032,
   0.9440366625785828,
   1.0136067867279053,
   0.9804247617721558,
   0.9654380083084106,
   0.9577013254165649,
   0.9786375164985657
  ],
  "phase_consistency_across_units": [
   0.022863268852233887,
   0.02490469440817833,
   0.02111738547682762,
   0.03281983360648155,
   0.02153308130800724,
   0.027108177542686462,
   0.028677070513367653,
   0.04365016147494316,
   0.03922657296061516,
   0.04537134990096092,
   0.042838204652071,
   0.04228104278445244,
   0.04362645372748375,
   0.03975134342908859,
   0.04778514429926872,
   0.023738862946629524,
   0.03269912302494049,
   0.02961779572069645,
   0.0199282243847847,
   0.01249173004180193,
   0.02428267151117325,
   0.013252160511910915,
   0.033323150128126144,
   0.02970712073147297,
   0.01809854246675968,
   0.0282431747764349,
   0.031978752464056015,
   0.02826845459640026,
   0.024546025320887566,
   0.025660019367933273,
   0.010117352940142155,
   0.012992732226848602,
   0.008586336858570576,
   0.018754785880446434,
   0.012868652120232582,
   0.018456725403666496,
   0.01866609789431095,
   0.018242472782731056,
   0.014097320847213268,
   0.005228801630437374,
   0.010401793755590916,
   0.002788468962535262,
   0.0066985744051635265,
   0.01907617785036564,
   0.014072645455598831,
   0.016578897833824158,
   0.013377848081290722,
   0.008862949907779694,
   0.01963958516716957,
   0.012282957322895527,
   0.008248957805335522,
   0.014662192203104496,
   0.015176782384514809,
   0.021733038127422333,
   0.023340795189142227,
   0.013340825214982033,
   0.020220939069986343,
   0.01616775058209896,
   0.019299959763884544,
   0.018120363354682922,
   0.01124364323914051,
   0.023504458367824554
  ],
  "freq_mean": [
   0.14861825108528137,
   0.050090301781892776,
   0.15649205446243286,
   0.048072271049022675,
   0.1412927210330963,
   0.08139538764953613,
   0.13826659321784973,
   0.07564150542020798,
   0.11249744892120361,
   0.07847057282924652,
   0.13602477312088013,
   0.09229619801044464,
   0.11889157444238663,
   0.10394518077373505,
   0.21783432364463806,
   0.09793532639741898,
   0.3241541385650635,
   0.3236384391784668,
   0.27044349908828735,
   0.243043452501297,
   0.29802682995796204,
   0.20061346888542175,
   0.2435772716999054,
   0.17853203415870667,
   0.263732373714447,
   0.15140148997306824,
   0.20749202370643616,
   0.15738490223884583,
   0.16385459899902344,
   0.14907889068126678,
   0.24679365754127502,
   0.25032272934913635,
   0.20970234274864197,
   0.15536527335643768,
   0.16625627875328064,
   0.21042808890342712,
   0.18898530304431915,
   0.17086516320705414,
   0.274401992559433,
   0.30322375893592834,
   0.2187187224626541,
   0.2088102400302887,
   0.19238857924938202,
   0.19561132788658142,
   0.19143693149089813,
   0.24748842418193817,
   0.15475550293922424,
   0.21273627877235413,
   0.23051662743091583,
   0.21104106307029724,
   0.2539672255516052,
   0.19829323887825012,
   0.25510746240615845,
   0.17547759413719177,
   0.2901870906352997,
   0.16260245442390442,
   0.36007070541381836,
   0.2915727496147156,
   0.34589749574661255,
   0.1826842725276947,
   0.5159157514572144
  ],
  "freq_deviation_abs_mean": [
   0.3696513772010803,
   0.24261479079723358,
   0.2876204550266266,
   0.2647572457790375,
   0.24655142426490784,
   0.2472582757472992,
   0.2389661967754364,
   0.23611316084861755,
   0.2401585578918457,
   0.2588614523410797,
   0.24086657166481018,
   0.25501710176467896,
   0.2534179091453552,
   0.3353043794631958,
   0.3451048731803894,
   0.3802057206630707,
   0.43527165055274963,
   0.5299943685531616,
   0.453299343585968,
   0.4422421455383301,
   0.4522763788700104,
   0.49321144819259644,
   0.4044985771179199,
   0.39620155096054077,
   0.3750058114528656,
   0.38748419284820557,
   0.35845011472702026,
   0.3660765290260315,
   0.33762216567993164,
   0.40506935119628906,
   0.39707428216934204,
   0.3669106364250183,
   0.3725121319293976,
   0.3718188405036926,
   0.36332449316978455,
   0.38106459379196167,
   0.35730141401290894,
   0.3956547677516937,
   0.40826669335365295,
   0.39752811193466187,
   0.3757033348083496,
   0.3673000633716583,
   0.3699107766151428,
   0.35728153586387634,
   0.3527056872844696,
   0.33817142248153687,
   0.35316386818885803,
   0.35127267241477966,
   0.3766911029815674,
   0.3905472159385681,
   0.3837665915489197,
   0.4106137156486511,
   0.38292449712753296,
   0.42323198914527893,
   0.3897004723548889,
   0.4490829408168793,
   0.4344363808631897,
   0.5036845207214355,
   0.42939773201942444,
   0.47923141717910767,
   0.47162526845932007
  ],