{
 "position": 36,
 "sequence_aa": "P",
 "substrate_file": "/home/dbrayjr5/esm2-osc/esm2_substrate_facebook_esm2_t33_650M_UR50D/substrate.npz",
 "n_sublayers": 62,
 "n_units": 1280,
 "validity_floor": {
  "quantile": 0.1,
  "absolute_value": 2.7328476905822754,
  "n_valid_cells": 71424,
  "n_total_cells": 79360,
  "fraction_valid": 0.9
 },
 "depth_profiles": {
  "amp_modulation_mean": [
   1.1547588109970093,
   1.121133804321289,
   1.1268342733383179,
   1.0950243473052979,
   1.104919672012329,
   1.0904746055603027,
   1.097241997718811,
   1.0895627737045288,
   1.0899369716644287,
   1.0758070945739746,
   1.079270839691162,
   1.0618860721588135,
   1.0826358795166016,
   1.0656133890151978,
   1.097090482711792,
   1.0746915340423584,
   1.0654512643814087,
   1.0580288171768188,
   1.0734331607818604,
   1.0707919597625732,
   1.0814276933670044,
   1.0501240491867065,
   1.0812383890151978,
   1.0961908102035522,
   1.0965564250946045,
   1.0619308948516846,
   1.0957801342010498,
   1.1034424304962158,
   1.0855129957199097,
   1.0790135860443115,
   1.0074236392974854,
   0.9974256753921509,
   1.004531741142273,
   0.9927312731742859,
   0.9856683015823364,
   1.0189125537872314,
   0.989762008190155,
   0.952218234539032,
   0.9855356216430664,
   0.9829463958740234,
   0.9769312143325806,
   0.9822386503219604,
   1.0160187482833862,
   1.0622339248657227,
   1.0869321823120117,
   1.1121594905853271,
   1.0924447774887085,
   1.0509921312332153,
   1.068345308303833,
   1.0666515827178955,
   1.0878854990005493,
   1.1181128025054932,
   1.171051025390625,
   1.2491995096206665,
   1.1855638027191162,
   1.1564884185791016,
   1.1619147062301636,
   1.1570929288864136,
   1.1500575542449951,
   1.1631654500961304,
   1.1424877643585205,
   1.1406300067901611
  ],
  "amp_modulation_mean_valid_only": [
   1.1547588109970093,
   1.121133804321289,
   1.1268342733383179,
   1.0950243473052979,
   1.104919672012329,
   1.090708613395691,
   1.097241997718811,
   1.0928831100463867,
   1.0822795629501343,
   1.0682328939437866,
   1.0717824697494507,
   1.0545531511306763,
   1.0688880681991577,
   1.0897353887557983,
   1.1043885946273804,
   1.0612268447875977,
   1.068289875984192,
   1.051011323928833,
   1.0725494623184204,
   1.0751104354858398,
   1.083902359008789,
   1.0455617904663086,
   1.0812383890151978,
   1.0961908102035522,
   1.0965564250946045,
   1.0619308948516846,
   1.0957801342010498,
   1.1034424304962158,
   1.0855129957199097,
   1.0790135860443115,
   1.0074236392974854,
   0.9974256753921509,
   1.004531741142273,
   0.9927312731742859,
   0.9856683015823364,
   1.0189125537872314,
   0.989762008190155,
   0.952218234539032,
   0.9855356216430664,
   0.9829463958740234,
   0.9769312143325806,
   0.9822386503219604,
   1.0160187482833862,
   1.0622339248657227,
   1.0869321823120117,
   1.1121594905853271,
   1.0924447774887085,
   1.0509921312332153,
   1.068345308303833,
   1.0666515827178955,
   1.0878854990005493,
   1.1181128025054932,
   1.171051025390625,
   1.2491995096206665,
   1.1855638027191162,
   1.1564884185791016,
   1.1619147062301636,
   1.1570929288864136,
   1.1500575542449951,
   1.1631654500961304,
   1.1424877643585205,
   1.1406300067901611
  ],
  "phase_consistency_across_units": [
   0.011204598471522331,
   0.013872926123440266,
   0.007849736139178276,
   0.022070754319429398,
   0.0034201848320662975,
   0.02488113008439541,
   0.006680081132799387,
   0.031554751098155975,
   0.025783654302358627,
   0.025236468762159348,
   0.018695391714572906,
   0.023529184982180595,
   0.024227432906627655,
   0.02579176239669323,
   0.03377744182944298,
   0.031226055696606636,
   0.03279494494199753,
   0.020161733031272888,
   0.021905357018113136,
   0.01371991727501154,
   0.01572994887828827,
   0.023629439994692802,
   0.018382662907242775,
   0.015370222739875317,
   0.015405594371259212,
   0.023249298334121704,
   0.03304906561970711,
   0.027824392542243004,
   0.019955458119511604,
   0.013407424092292786,
   0.012887080200016499,
   0.012578379362821579,
   0.01654905639588833,
   0.013527498580515385,
   0.024126484990119934,
   0.024632183834910393,
   0.027849707752466202,
   0.025805363431572914,
   0.03247956931591034,
   0.02666720189154148,
   0.021600516512989998,
   0.017590999603271484,
   0.004008418880403042,
   0.01169024221599102,
   0.016206540167331696,
   0.012843558564782143,
   0.011321138590574265,
   0.004579332657158375,
   0.007188763003796339,
   0.012111686170101166,
   0.017220618203282356,
   0.026679662987589836,
   0.023906284943223,
   0.021327607333660126,
   0.013327289372682571,
   0.016369491815567017,
   0.013562625274062157,
   0.013020502403378487,
   0.01885332353413105,
   0.009953695349395275,
   0.022795043885707855,
   0.014926211908459663
  ],
  "freq_mean": [
   0.20819172263145447,
   0.011934742331504822,
   0.1745254099369049,
   0.06133383512496948,
   0.14624884724617004,
   0.08886518329381943,
   0.1516260802745819,
   0.06809445470571518,
   0.12238705158233643,
   0.07824872434139252,
   0.11907130479812622,
   0.08684335649013519,
   0.13407540321350098,
   0.09642644971609116,
   0.1981530636548996,
   0.09577728807926178,
   0.14889979362487793,
   0.13634085655212402,
   0.202802374958992,
   0.14253564178943634,
   0.17741675674915314,
   0.09517170488834381,
   0.2653893828392029,
   0.14723189175128937,
   0.20793819427490234,
   0.09890777617692947,
   0.26745808124542236,
   0.20908263325691223,
   0.23538413643836975,
   0.1824077069759369,
   0.20377913117408752,
   0.18628928065299988,
   0.21430480480194092,
   0.1764771044254303,
   0.18990230560302734,
   0.24765297770500183,
   0.14738306403160095,
   0.1906089186668396,
   0.20973753929138184,
   0.19203487038612366,
   0.17488737404346466,
   0.18803897500038147,
   0.23202505707740784,
   0.26665931940078735,
   0.24481484293937683,
   0.2708898186683655,
   0.20874205231666565,
   0.19320300221443176,
   0.22695668041706085,
   0.19483241438865662,
   0.24400487542152405,
   0.2068891078233719,
   0.3279536962509155,
   0.2829781472682953,
   0.25074195861816406,
   0.21392402052879333,
   0.2972913384437561,
   0.23804107308387756,
   0.35274845361709595,
   0.18596407771110535,
   0.5165383219718933
  ],
  "freq_deviation_abs_mean": [
   0.373882919549942,
   0.252852201461792,
   0.278451532125473,
   0.27857455611228943,
   0.268193781375885,
   0.2624456584453583,
   0.2757101058959961,
   0.26642659306526184,
   0.2281411588191986,
   0.2463417947292328,
   0.2433626651763916,
   0.2579340636730194,
   0.25594526529312134,
   0.3202936053276062,
   0.32890552282333374,
   0.34123101830482483,
   0.3018365800380707,
   0.3465753197669983,
   0.36120834946632385,
   0.3881991505622864,
   0.35112372040748596,
   0.3820444345474243,
   0.35009628534317017,
   0.3953002095222473,
   0.34199827909469604,
   0.3709622323513031,
   0.3497823476791382,
   0.3834574222564697,
   0.36832451820373535,
   0.37615475058555603,
   0.34267109632492065,
   0.3510274887084961,
   0.36298197507858276,
   0.345437228679657,
   0.36705222725868225,
   0.36069950461387634,
   0.35163480043411255,
   0.36073532700538635,
   0.37799373269081116,
   0.3673887252807617,
   0.34550195932388306,
   0.3786895275115967,
   0.41253662109375,
   0.4116063117980957,
   0.4128316044807434,
   0.3859480917453766,
   0.37158435583114624,
   0.3842208981513977,
   0.36017337441444397,
   0.3981107771396637,
   0.39889758825302124,
   0.4341959059238434,
   0.4302598536014557,
   0.4403609335422516,
   0.39700573682785034,
   0.4124971032142639,
   0.4046506881713867,
   0.4465084969997406,
   0.4098694920539856,
   0.471698522567749,
   0.4710870683193207
  ],