{
 "position": 69,
 "sequence_aa": "V",
 "substrate_file": "/home/dbrayjr5/esm2-osc/esm2_substrate_facebook_esm2_t33_650M_UR50D/substrate.npz",
 "n_sublayers": 62,
 "n_units": 1280,
 "validity_floor": {
  "quantile": 0.1,
  "absolute_value": 2.7328476905822754,
  "n_valid_cells": 71424,
  "n_total_cells": 79360,
  "fraction_valid": 0.9
 },
 "depth_profiles": {
  "amp_modulation_mean": [
   1.1944717168807983,
   1.1910511255264282,
   1.190530776977539,
   1.175186038017273,
   1.177007794380188,
   1.1695451736450195,
   1.182929277420044,
   1.1817352771759033,
   1.1851294040679932,
   1.1795282363891602,
   1.178542137145996,
   1.1800048351287842,
   1.1836938858032227,
   1.1814944744110107,
   1.2014294862747192,
   1.1824382543563843,
   1.1939857006072998,
   1.1823110580444336,
   1.164611577987671,
   1.1798102855682373,
   1.1814939975738525,
   1.1539160013198853,
   1.20929753780365,
   1.2344774007797241,
   1.1743381023406982,
   1.1183065176010132,
   1.1432297229766846,
   1.1188974380493164,
   1.100860357284546,
   1.0932531356811523,
   1.114673376083374,
   1.1138250827789307,
   1.0948642492294312,
   1.094601035118103,
   1.0673118829727173,
   1.0715162754058838,
   1.0959022045135498,
   1.0667046308517456,
   1.1180458068847656,
   1.1900634765625,
   1.1503242254257202,
   1.139894723892212,
   1.1608197689056396,
   1.1912004947662354,
   1.2059053182601929,
   1.2339586019515991,
   1.208319902420044,
   1.1866943836212158,
   1.1651383638381958,
   1.1556167602539062,
   1.1635348796844482,
   1.1675877571105957,
   1.1617916822433472,
   1.1519925594329834,
   1.1341969966888428,
   1.1489927768707275,
   1.1600539684295654,
   1.202739953994751,
   1.2163188457489014,
   1.2278386354446411,
   1.2096362113952637,
   1.1841833591461182
  ],
  "amp_modulation_mean_valid_only": [
   1.1944717168807983,
   1.1910511255264282,
   1.190530776977539,
   1.175186038017273,
   1.177007794380188,
   1.1690962314605713,
   1.182929277420044,
   1.1737401485443115,
   1.1844640970230103,
   1.1621896028518677,
   1.1421383619308472,
   1.124703049659729,
   1.1463932991027832,
   1.1570343971252441,
   1.1656361818313599,
   1.1724482774734497,
   1.1757876873016357,
   1.1915287971496582,
   1.1489397287368774,
   1.1563884019851685,
   1.1859159469604492,
   1.1531935930252075,
   1.20929753780365,
   1.2344774007797241,
   1.1743381023406982,
   1.1183065176010132,
   1.1432297229766846,
   1.1188974380493164,
   1.100860357284546,
   1.0932531356811523,
   1.114673376083374,
   1.1138250827789307,
   1.0948642492294312,
   1.094601035118103,
   1.0673118829727173,
   1.0715162754058838,
   1.0959022045135498,
   1.0667046308517456,
   1.1180458068847656,
   1.1900634765625,
   1.1503242254257202,
   1.139894723892212,
   1.1608197689056396,
   1.1912004947662354,
   1.2059053182601929,
   1.2339586019515991,
   1.208319902420044,
   1.1866943836212158,
   1.1651383638381958,
   1.1556167602539062,
   1.1635348796844482,
   1.1675877571105957,
   1.1617916822433472,
   1.1519925594329834,
   1.1341969966888428,
   1.1489927768707275,
   1.1600539684295654,
   1.202739953994751,
   1.2163188457489014,
   1.2278386354446411,
   1.2096362113952637,
   1.1841833591461182
  ],
  "phase_consistency_across_units": [
   0.02679704688489437,
   0.04288473725318909,
   0.029300328344106674,
   0.050006162375211716,
   0.039943523705005646,
   0.06444958597421646,
   0.05068116635084152,
   0.05596005171537399,
   0.05203019827604294,
   0.05175314098596573,
   0.0547679141163826,
   0.06127322465181351,
   0.05931294336915016,
   0.06410645693540573,
   0.05554332211613655,
   0.0428379625082016,
   0.055368032306432724,
   0.03567307069897652,
   0.04961986467242241,
   0.050239380449056625,
   0.04684523493051529,
   0.04591360315680504,
   0.04315076395869255,
   0.04421097785234451,
   0.038660451769828796,
   0.04039616882801056,
   0.035191841423511505,
   0.027002088725566864,
   0.022232400253415108,
   0.03238782659173012,
   0.023169497027993202,
   0.018205346539616585,
   0.016239015385508537,
   0.01764240860939026,
   0.0063995420932769775,
   0.009703699499368668,
   0.006970336195081472,
   0.014712890610098839,
   0.002672098111361265,
   0.013802742585539818,
   0.023086901754140854,
   0.007427508942782879,
   0.007544656749814749,
   0.01580745168030262,
   0.020712610334157944,
   0.00906237680464983,
   0.016116173937916756,
   0.011687529273331165,
   0.016964402049779892,
   0.013788997195661068,
   0.010289947502315044,
   0.011026328429579735,
   0.015189527533948421,
   0.016889115795493126,
   0.016050975769758224,
   0.02513659931719303,
   0.029408007860183716,
   0.008139128796756268,
   0.03247220069169998,
   0.032409075647592545,
   0.029841555282473564,
   0.04093784838914871
  ],
  "freq_mean": [
   0.1628745049238205,
   0.027918949723243713,
   0.1740921586751938,
   0.05550530552864075,
   0.08925150334835052,
   0.056384794414043427,
   0.1400170773267746,
   0.055306028574705124,
   0.11315910518169403,
   0.0807471051812172,
   0.12498967349529266,
   0.07751099765300751,
   0.10826126486063004,
   0.11117193847894669,
   0.14837007224559784,
   0.08397072553634644,
   0.17289641499519348,
   0.09421728551387787,
   0.20162487030029297,
   0.118888258934021,
   0.17216068506240845,
   0.10051000118255615,
   0.2799728214740753,
   0.1899987757205963,
   0.20422640442848206,
   0.0999339371919632,
   0.22494903206825256,
   0.18129713833332062,
   0.15481272339820862,
   0.1633366048336029,
   0.24665305018424988,
   0.18124325573444366,
   0.21165938675403595,
   0.1782103180885315,
   0.1458679735660553,
   0.178410604596138,
   0.18836411833763123,
   0.13860757648944855,
   0.2796255946159363,
   0.24571006000041962,
   0.1844370812177658,
   0.21632829308509827,
   0.2082580029964447,
   0.24443796277046204,
   0.23986291885375977,
   0.22557127475738525,
   0.20461253821849823,
   0.20265452563762665,
   0.1640058010816574,
   0.20929381251335144,
   0.21224923431873322,
   0.2008194923400879,
   0.232296422123909,
   0.15962167084217072,
   0.24447917938232422,
   0.19474658370018005,
   0.2808617055416107,
   0.2478136122226715,
   0.33772048354148865,
   0.2042113095521927,
   0.5212824940681458
  ],
  "freq_deviation_abs_mean": [
   0.3588821589946747,
   0.23011915385723114,
   0.26100683212280273,
   0.25485697388648987,
   0.24627943336963654,
   0.23479779064655304,
   0.22620563209056854,
   0.22847306728363037,
   0.22277326881885529,
   0.2362433224916458,
   0.21849370002746582,
   0.2541487216949463,
   0.23645396530628204,
   0.26278844475746155,
   0.2865685522556305,
   0.30994319915771484,
   0.28737562894821167,
   0.3287280201911926,
   0.31852272152900696,
   0.35875049233436584,
   0.3359259068965912,
   0.36563950777053833,
   0.37714236974716187,
   0.4199802279472351,
   0.3356456160545349,
   0.353607714176178,
   0.3486487865447998,
   0.3529953062534332,
   0.3379661738872528,
   0.34450602531433105,
   0.358634352684021,
   0.3583386540412903,
   0.34109628200531006,
   0.3378463387489319,
   0.34065738320350647,
   0.3476870656013489,
   0.31814977526664734,
   0.34654808044433594,
   0.3663105070590973,
   0.37688493728637695,
   0.3810970187187195,
   0.38660702109336853,
   0.3917945325374603,
   0.3537788689136505,
   0.3643500506877899,
   0.35727089643478394,
   0.3508535921573639,
   0.3384694457054138,
   0.34132465720176697,
   0.3358300030231476,
   0.35643672943115234,
   0.3583774268627167,
   0.343464195728302,
   0.38308802247047424,
   0.38321614265441895,
   0.42130279541015625,
   0.422894150018692,
   0.44935736060142517,
   0.42535752058029175,
   0.4757987856864929,
   0.44949355721473694
  ],