{
 "position": 45,
 "sequence_aa": "A",
 "substrate_file": "/Users/djbray/Desktop/esm2/esm2_substrate_facebook_esm2_t33_650M_UR50D/substrate.npz",
 "n_sublayers": 62,
 "n_units": 1280,
 "depth_profiles": {
  "amp_mean": [
   10.985779762268066,
   5.969708442687988,
   6.118366718292236,
   4.731810092926025,
   4.837361812591553,
   4.125128746032715,
   4.1752610206604,
   3.736151933670044,
   3.7831039428710938,
   3.4928500652313232,
   3.5706706047058105,
   3.3799521923065186,
   3.4622344970703125,
   3.330634355545044,
   3.488696336746216,
   3.3784842491149902,
   3.5086989402770996,
   3.464017391204834,
   3.7075698375701904,
   3.655421733856201,
   3.8076934814453125,
   3.768526554107666,
   4.302698135375977,
   4.409446716308594,
   4.2583770751953125,
   4.297891139984131,
   4.308558464050293,
   4.326869964599609,
   4.210699558258057,
   4.138121604919434,
   4.5181684494018555,
   4.6375555992126465,
   4.500226020812988,
   4.62816047668457,
   4.489644527435303,
   4.545378684997559,
   4.674343109130859,
   4.7525200843811035,
   4.996013641357422,
   5.136263370513916,
   5.106142997741699,
   5.362250328063965,
   5.46613073348999,
   5.535799980163574,
   5.638947486877441,
   5.753508567810059,
   5.818477630615234,
   5.765480041503906,
   6.048966407775879,
   6.23337459564209,
   6.309751033782959,
   6.4665207862854,
   6.474365234375,
   6.587319850921631,
   6.923235893249512,
   7.084009647369385,
   7.236987113952637,
   7.987185478210449,
   8.116312980651855,
   8.591914176940918,
   9.064546585083008,
   12.730165481567383
  ],
  "amp_modulation_mean": [
   1.2742952108383179,
   1.2562083005905151,
   1.2652419805526733,
   1.2358840703964233,
   1.2555252313613892,
   1.235971450805664,
   1.237352728843689,
   1.2247902154922485,
   1.230725884437561,
   1.2167822122573853,
   1.2194501161575317,
   1.2137138843536377,
   1.2207748889923096,
   1.2144323587417603,
   1.2294679880142212,
   1.2257978916168213,
   1.2201007604599,
   1.2309134006500244,
   1.2332684993743896,
   1.2365314960479736,
   1.2434303760528564,
   1.2232716083526611,
   1.3159186840057373,
   1.3350584506988525,
   1.2553303241729736,
   1.2285406589508057,
   1.2148281335830688,
   1.1688789129257202,
   1.1403758525848389,
   1.0944321155548096,
   1.1655677556991577,
   1.1494026184082031,
   1.1253620386123657,
   1.117333173751831,
   1.0852830410003662,
   1.0823523998260498,
   1.0923820734024048,
   1.0793325901031494,
   1.1214739084243774,
   1.1425796747207642,
   1.130458116531372,
   1.1722424030303955,
   1.1770086288452148,
   1.169891357421875,
   1.1780344247817993,
   1.2001097202301025,
   1.1972215175628662,
   1.1852928400039673,
   1.222440242767334,
   1.258540153503418,
   1.2340939044952393,
   1.261784315109253,
   1.2297191619873047,
   1.2419763803482056,
   1.2622098922729492,
   1.2645289897918701,
   1.2435023784637451,
   1.3087728023529053,
   1.2651021480560303,
   1.2468955516815186,
   1.2305305004119873,
   1.2423369884490967
  ],
  "phase_consistency_across_units": [
   0.033115290105342865,
   0.029265346005558968,
   0.034701306372880936,
   0.03373176231980324,
   0.02323702722787857,
   0.034362126141786575,
   0.02440805546939373,
   0.03265134245157242,
   0.020527224987745285,
   0.025445586070418358,
   0.007488383445888758,
   0.017908357083797455,
   0.008216001093387604,
   0.003264890518039465,
   0.011837195605039597,
   0.004113237839192152,
   0.0033098317217081785,
   0.01983431726694107,
   0.01714516244828701,
   0.01847275160253048,
   0.008737368509173393,
   0.017355406656861305,
   0.020870281383395195,
   0.013667536899447441,
   0.00973939336836338,
   0.013189630582928658,
   0.025255348533391953,
   0.026413604617118835,
   0.015008162707090378,
   0.01925976760685444,
   0.013617397285997868,
   0.01525804866105318,
   0.016512630507349968,
   0.019317839294672012,
   0.013459759764373302,
   0.008766185492277145,
   0.007057601120322943,
   0.006518486887216568,
   0.004186930134892464,
   0.013393893837928772,
   0.008639833889901638,
   0.014553341083228588,
   0.010976295918226242,
   0.008644906803965569,
   0.016150053590536118,
   0.008313968777656555,
   0.01590167172253132,
   0.008635303005576134,
   0.0027660406194627285,
   0.004835718311369419,
   0.013328993692994118,
   0.0078108543530106544,
   0.006302517838776112,
   0.01920129731297493,
   0.005388133227825165,
   0.00856303982436657,
   0.004696456249803305,
   0.009088720194995403,
   0.016681071370840073,
   0.014414256438612938,
   0.020790062844753265,
   0.028941582888364792
  ],
  "freq_mean": [
   0.17773422598838806,
   0.037057697772979736,
   0.16864478588104248,
   0.03052646480500698,
   0.15403425693511963,
   0.054927438497543335,
   0.13719964027404785,
   0.0502002015709877,
   0.11536826938390732,
   0.056339330971241,
   0.12948723137378693,
   0.0801297277212143,
   0.13519659638404846,
   0.09600923955440521,
   0.1611819714307785,
   0.08414333313703537,
   0.14758539199829102,
   0.11188101768493652,
   0.20209622383117676,
   0.13216382265090942,
   0.17468173801898956,
   0.09712840616703033,
   0.3518648147583008,
   0.2008146345615387,
   0.20375390350818634,
   0.19325485825538635,
   0.2117908000946045,
   0.17020046710968018,
   0.1424115002155304,
   0.1365290880203247,
   0.29086655378341675,
   0.16077807545661926,
   0.21008582413196564,
   0.18106183409690857,
   0.16474094986915588,
   0.1674187332391739,
   0.1872626096010208,
   0.17750318348407745,
   0.21816861629486084,
   0.18136106431484222,
   0.20562317967414856,
   0.25007733702659607,
   0.2197239100933075,
   0.21654799580574036,
   0.21809537708759308,
   0.22719867527484894,
   0.2077302634716034,
   0.19757229089736938,
   0.2855583727359772,
   0.21890997886657715,
   0.29198893904685974,
   0.23544533550739288,
   0.20751717686653137,
   0.19625870883464813,
   0.2852657735347748,
   0.19223392009735107,
   0.3189929127693176,
   0.2986602783203125,
   0.31431636214256287,
   0.1762501746416092,
   0.5154845714569092
  ],
  "freq_deviation_abs_mean": [
   0.33120694756507874,
   0.2201579511165619,
   0.24915711581707,
   0.2453320026397705,
   0.22962553799152374,
   0.23813867568969727,
   0.2196393460035324,
   0.2299387902021408,
   0.21264353394508362,
   0.22975978255271912,
   0.23839163780212402,
   0.2776522636413574,
   0.24663975834846497,
   0.28679028153419495,
   0.2900207042694092,
   0.3149312734603882,
   0.2700287699699402,
   0.29546815156936646,
   0.31762248277664185,
   0.36644619703292847,
   0.33749300241470337,
   0.4027433395385742,
   0.38526451587677,
   0.41965609788894653,
   0.35669392347335815,
   0.3681926429271698,
   0.35638228058815,
   0.31597936153411865,
   0.29305481910705566,
   0.3520076870918274,
   0.36567798256874084,
   0.3724260628223419,
   0.35357457399368286,
   0.3549458086490631,
   0.3430027365684509,
   0.35994336009025574,
   0.33553433418273926,
   0.3811306059360504,
   0.3938748240470886,
   0.37869030237197876,
   0.37789568305015564,
   0.4129694998264313,
   0.4016091823577881,
   0.3916455805301666,
   0.37989139556884766,
   0.37612107396125793,
   0.39222460985183716,
   0.383988618850708,
   0.364806592464447,
   0.4064924120903015,
   0.3720114827156067,
   0.3583553433418274,
   0.34993815422058105,
   0.4085460305213928,
   0.3876937925815582,
   0.41889896988868713,
   0.436913400888443,
   0.45888930559158325,
   0.42740002274513245,
   0.4663541913032532,
   0.4305078387260437
  ]
 },
 "top_units_by_amp_modulation_max": [
  {
   "unit": 223,
   "max_amp_mod": 5.5959906578063965,
   "argmax_sublayer": 9
  },
  {
   "unit": 360,
   "max_amp_mod": 5.44428825378418,
   "argmax_sublayer": 0
  },
  {
   "unit": 1228,
   "max_amp_mod": 5.269495487213135,
   "argmax_sublayer": 0
  },
  {
   "unit": 1011,
   "max_amp_mod": 5.214299201965332,
   "argmax_sublayer": 59
  },
  {
   "unit": 598,
   "max_amp_mod": 5.135621547698975,