{
 "position": 32,
 "sequence_aa": "K",
 "substrate_file": "/home/dbrayjr5/esm2-osc/esm2_substrate_facebook_esm2_t33_650M_UR50D/substrate.npz",
 "n_sublayers": 62,
 "n_units": 1280,
 "validity_floor": {
  "quantile": 0.1,
  "absolute_value": 2.7328476905822754,
  "n_valid_cells": 71424,
  "n_total_cells": 79360,
  "fraction_valid": 0.9
 },
 "depth_profiles": {
  "amp_modulation_mean": [
   1.027385950088501,
   1.0093939304351807,
   1.0247151851654053,
   1.010533094406128,
   1.026532530784607,
   1.0161197185516357,
   1.0252397060394287,
   1.0194909572601318,
   1.0192315578460693,
   1.016038179397583,
   1.0247657299041748,
   1.0234873294830322,
   1.0299022197723389,
   1.0351884365081787,
   1.0779870748519897,
   1.0709797143936157,
   1.1070226430892944,
   1.1292829513549805,
   1.0810372829437256,
   1.0687347650527954,
   1.0495201349258423,
   1.0157419443130493,
   1.0138018131256104,
   1.027664065361023,
   1.040527582168579,
   1.007690191268921,
   1.0253360271453857,
   1.036104440689087,
   0.9628318548202515,
   0.9332822561264038,
   0.9395433664321899,
   0.9335687756538391,
   0.9358919262886047,
   0.9213746786117554,
   0.9146817922592163,
   0.9299667477607727,
   0.9484899640083313,
   0.9332908391952515,
   0.992030918598175,
   1.0019965171813965,
   0.9589656591415405,
   0.9376031756401062,
   0.96180260181427,
   0.9809120297431946,
   0.9544013738632202,
   0.9648288488388062,
   0.980617880821228,
   1.053696870803833,
   1.0377253293991089,
   1.0342199802398682,
   1.0224350690841675,
   1.0324875116348267,
   1.0122524499893188,
   1.0161164999008179,
   0.9992329478263855,
   0.9999727010726929,
   1.0233147144317627,
   1.03622305393219,
   1.029637098312378,
   1.0368101596832275,
   1.0227299928665161,
   1.0179717540740967
  ],
  "amp_modulation_mean_valid_only": [
   1.027385950088501,
   1.0093939304351807,
   1.0247151851654053,
   1.010533094406128,
   1.026532530784607,
   1.0158774852752686,
   1.0252397060394287,
   1.0024172067642212,
   1.0087050199508667,
   0.990714967250824,
   1.008926272392273,
   1.0191069841384888,
   1.0030077695846558,
   1.0041218996047974,
   1.0683534145355225,
   1.042528748512268,
   1.071986436843872,
   1.087899923324585,
   1.063473105430603,
   1.0418931245803833,
   1.0503281354904175,
   1.010536551475525,
   1.0138018131256104,
   1.027664065361023,
   1.040527582168579,
   1.007690191268921,
   1.0253360271453857,
   1.036104440689087,
   0.9628318548202515,
   0.9332822561264038,
   0.9395433664321899,
   0.9335687756538391,
   0.9358919262886047,
   0.9213746786117554,
   0.9146817922592163,
   0.9299667477607727,
   0.9484899640083313,
   0.9332908391952515,
   0.992030918598175,
   1.0019965171813965,
   0.9589656591415405,
   0.9376031756401062,
   0.96180260181427,
   0.9809120297431946,
   0.9544013738632202,
   0.9648288488388062,
   0.980617880821228,
   1.053696870803833,
   1.0377253293991089,
   1.0342199802398682,
   1.0224350690841675,
   1.0324875116348267,
   1.0122524499893188,
   1.0161164999008179,
   0.9992329478263855,
   0.9999727010726929,
   1.0233147144317627,
   1.03622305393219,
   1.029637098312378,
   1.0368101596832275,
   1.0227299928665161,
   1.0179717540740967
  ],
  "phase_consistency_across_units": [
   0.040878742933273315,
   0.026872150599956512,
   0.03337693586945534,
   0.04571698233485222,
   0.03700849786400795,
   0.05419636145234108,
   0.04277883097529411,
   0.05097326263785362,
   0.04047439247369766,
   0.03797171264886856,
   0.0392228439450264,
   0.0469323955476284,
   0.04120029881596565,
   0.038606397807598114,
   0.03916256129741669,
   0.021940728649497032,
   0.03227386996150017,
   0.023922091349959373,
   0.033924199640750885,
   0.014182847924530506,
   0.02788667567074299,
   0.030796600505709648,
   0.02390211448073387,
   0.026200203225016594,
   0.017984049394726753,
   0.02719988115131855,
   0.00966823473572731,
   0.021880492568016052,
   0.02519194781780243,
   0.024919062852859497,
   0.035957492887973785,
   0.022595446556806564,
   0.018721923232078552,
   0.02658630535006523,
   0.01813671737909317,
   0.015321089886128902,
   0.020845316350460052,
   0.015040261670947075,
   0.013657764531672001,
   0.019268909469246864,
   0.011640327051281929,
   0.015653032809495926,
   0.023675646632909775,
   0.015989400446414948,
   0.02153715491294861,
   0.0096992626786232,
   0.01589471474289894,
   0.006616934668272734,
   0.008798301219940186,
   0.026340335607528687,
   0.020106295123696327,
   0.014999231323599815,
   0.01897631771862507,
   0.023930395022034645,
   0.034089021384716034,
   0.0175454281270504,
   0.017558690160512924,
   0.010979091748595238,
   0.012022885493934155,
   0.023216545581817627,
   0.03785714507102966,
   0.040028564631938934
  ],
  "freq_mean": [
   0.1749437302350998,
   0.02995997667312622,
   0.17356422543525696,
   0.059713054448366165,
   0.17231224477291107,
   0.0793929249048233,
   0.16131655871868134,
   0.05463974550366402,
   0.11749058961868286,
   0.07133688777685165,
   0.15306274592876434,
   0.07707537710666656,
   0.13970766961574554,
   0.10612569004297256,
   0.21436640620231628,
   0.12294197082519531,
   0.28304094076156616,
   0.17295575141906738,
   0.24424564838409424,
   0.16736431419849396,
   0.24004769325256348,
   0.10792757570743561,
   0.2743435502052307,
   0.17194056510925293,
   0.24612832069396973,
   0.139655202627182,
   0.29319947957992554,
   0.22804602980613708,
   0.16726069152355194,
   0.18138709664344788,
   0.22532300651073456,
   0.19899484515190125,
   0.19047172367572784,
   0.1764398068189621,
   0.1441163271665573,
   0.21038255095481873,
   0.19127023220062256,
   0.21105599403381348,
   0.27450403571128845,
   0.23026350140571594,
   0.16345283389091492,
   0.17564570903778076,
   0.245083287358284,
   0.2030581533908844,
   0.19724568724632263,
   0.18174287676811218,
   0.23811201751232147,
   0.263930082321167,
   0.24576504528522491,
   0.2246038168668747,
   0.2619456648826599,
   0.2051444947719574,
   0.2566991448402405,
   0.22406573593616486,
   0.25727206468582153,
   0.21953192353248596,
   0.3300933837890625,
   0.24574103951454163,
   0.3617429733276367,
   0.21442365646362305,
   0.5198098421096802
  ],
  "freq_deviation_abs_mean": [
   0.3860451579093933,
   0.23810681700706482,
   0.27719369530677795,
   0.26031026244163513,
   0.2604880928993225,
   0.26103049516677856,
   0.25449323654174805,
   0.24844785034656525,
   0.23421549797058105,
   0.24441532790660858,
   0.23728808760643005,
   0.27036458253860474,
   0.25454071164131165,
   0.3330901265144348,
   0.3383975327014923,
   0.36434996128082275,
   0.3573923110961914,
   0.4443320631980896,
   0.3935079574584961,
   0.41543054580688477,
   0.3730345070362091,
   0.43484383821487427,
   0.3706505596637726,
   0.39209306240081787,
   0.36627689003944397,
   0.3849096894264221,
   0.37989571690559387,
   0.3824364244937897,
   0.3514102101325989,
   0.35610431432724,
   0.3561013340950012,
   0.3431504964828491,
   0.37947046756744385,
   0.344698965549469,
   0.3477168679237366,
   0.3491986393928528,
   0.3475523889064789,
   0.37256893515586853,
   0.3808610439300537,
   0.3537457585334778,
   0.36480408906936646,
   0.3708631992340088,
   0.3731124699115753,
   0.3962220847606659,
   0.3561689257621765,
   0.3699531555175781,
   0.3863471448421478,
   0.4046874940395355,
   0.38430142402648926,
   0.39716750383377075,
   0.3977671265602112,
   0.39573606848716736,
   0.3840881586074829,
   0.42507991194725037,
   0.40937337279319763,
   0.4544810354709625,
   0.42063313722610474,
   0.47655534744262695,
   0.44002944231033325,
   0.5112375020980835,
   0.4815448224544525
  ],