{
 "position": 20,
 "sequence_aa": "D",
 "substrate_file": "/home/dbrayjr5/esm2-osc/esm2_substrate_facebook_esm2_t33_650M_UR50D/substrate.npz",
 "n_sublayers": 62,
 "n_units": 1280,
 "validity_floor": {
  "quantile": 0.1,
  "absolute_value": 2.7328476905822754,
  "n_valid_cells": 71424,
  "n_total_cells": 79360,
  "fraction_valid": 0.9
 },
 "depth_profiles": {
  "amp_modulation_mean": [
   1.2001100778579712,
   1.1644814014434814,
   1.1809771060943604,
   1.1424992084503174,
   1.1645981073379517,
   1.1359035968780518,
   1.1537071466445923,
   1.1360585689544678,
   1.1556159257888794,
   1.1449716091156006,
   1.1497595310211182,
   1.1321346759796143,
   1.1644620895385742,
   1.146141767501831,
   1.1934974193572998,
   1.1867691278457642,
   1.2287466526031494,
   1.2825267314910889,
   1.239569902420044,
   1.221592903137207,
   1.2183878421783447,
   1.1785587072372437,
   1.1962783336639404,
   1.2062755823135376,
   1.1389950513839722,
   1.1162019968032837,
   1.1141462326049805,
   1.0972996950149536,
   1.0597145557403564,
   1.0660383701324463,
   1.0167386531829834,
   0.9819414019584656,
   0.9839767217636108,
   0.9574964642524719,
   1.0292017459869385,
   1.0420150756835938,
   1.0584226846694946,
   1.0620965957641602,
   1.077527642250061,
   1.13258957862854,
   1.0992271900177002,
   1.123491883277893,
   1.091745376586914,
   1.037593126296997,
   1.047426700592041,
   1.0793025493621826,
   1.0556851625442505,
   1.0563595294952393,
   1.0629289150238037,
   1.0701282024383545,
   1.0777876377105713,
   1.0717089176177979,
   1.113014817237854,
   1.1592299938201904,
   1.1232532262802124,
   1.1402417421340942,
   1.1683984994888306,
   1.2281162738800049,
   1.2192509174346924,
   1.1857184171676636,
   1.2012765407562256,
   1.1952874660491943
  ],
  "amp_modulation_mean_valid_only": [
   1.2001100778579712,
   1.1644814014434814,
   1.1809771060943604,
   1.1424992084503174,
   1.1645981073379517,
   1.1363319158554077,
   1.1537071466445923,
   1.1327285766601562,
   1.1413695812225342,
   1.1370238065719604,
   1.1281907558441162,
   1.1224546432495117,
   1.1458615064620972,
   1.1157777309417725,
   1.1763744354248047,
   1.195622205734253,
   1.1934945583343506,
   1.2493385076522827,
   1.2185121774673462,
   1.2034257650375366,
   1.215037226676941,
   1.1737791299819946,
   1.1962783336639404,
   1.2062755823135376,
   1.1389950513839722,
   1.1162019968032837,
   1.1141462326049805,
   1.0972996950149536,
   1.0597145557403564,
   1.0660383701324463,
   1.0167386531829834,
   0.9819414019584656,
   0.9839767217636108,
   0.9574964642524719,
   1.0292017459869385,
   1.0420150756835938,
   1.0584226846694946,
   1.0620965957641602,
   1.077527642250061,
   1.13258957862854,
   1.0992271900177002,
   1.123491883277893,
   1.091745376586914,
   1.037593126296997,
   1.047426700592041,
   1.0793025493621826,
   1.0556851625442505,
   1.0563595294952393,
   1.0629289150238037,
   1.0701282024383545,
   1.0777876377105713,
   1.0717089176177979,
   1.113014817237854,
   1.1592299938201904,
   1.1232532262802124,
   1.1402417421340942,
   1.1683984994888306,
   1.2281162738800049,
   1.2192509174346924,
   1.1857184171676636,
   1.2012765407562256,
   1.1952874660491943
  ],
  "phase_consistency_across_units": [
   0.008903764188289642,
   0.0036310891155153513,
   0.013958514668047428,
   0.01994636096060276,
   0.011193855665624142,
   0.0294771958142519,
   0.01540994830429554,
   0.03264394402503967,
   0.013503809459507465,
   0.020266907289624214,
   0.01638307236135006,
   0.018908044323325157,
   0.01874183677136898,
   0.019956355914473534,
   0.03463348373770714,
   0.020231999456882477,
   0.02410142682492733,
   0.01330325473099947,
   0.01752510480582714,
   0.022162701934576035,
   0.007391618564724922,
   0.021943794563412666,
   0.02203809842467308,
   0.020670413970947266,
   0.02250523678958416,
   0.013465533033013344,
   0.0040389797650277615,
   0.014380739070475101,
   0.015261177904903889,
   0.014303714968264103,
   0.007443601731210947,
   0.014056683517992496,
   0.011111878789961338,
   0.01752457581460476,
   0.014309024438261986,
   0.019119128584861755,
   0.011413299478590488,
   0.014149135909974575,
   0.0072185019962489605,
   0.012655905447900295,
   0.010495947673916817,
   0.01557250041514635,
   0.004152344074100256,
   0.007842404767870903,
   0.006369560956954956,
   0.007645695470273495,
   0.0189583171159029,
   0.007442175410687923,
   0.00896574929356575,
   0.017100155353546143,
   0.008640080690383911,
   0.0008481621043756604,
   0.009249753318727016,
   0.002903976012021303,
   0.005813281517475843,
   0.015922022983431816,
   0.016399886459112167,
   0.018348246812820435,
   0.008598333224654198,
   0.011181347072124481,
   0.008680605329573154,
   0.017992449924349785
  ],
  "freq_mean": [
   0.15542460978031158,
   0.04297303035855293,
   0.1543169766664505,
   0.05165780708193779,
   0.15418079495429993,
   0.04429982602596283,
   0.15404754877090454,
   0.047818105667829514,
   0.13581058382987976,
   0.07599614560604095,
   0.12906867265701294,
   0.07856371998786926,
   0.15869781374931335,
   0.08029478043317795,
   0.19434043765068054,
   0.07988277077674866,
   0.2714359760284424,
   0.18098758161067963,
   0.23925736546516418,
   0.1322190910577774,
   0.23259206116199493,
   0.11005319654941559,
   0.29282674193382263,
   0.16157114505767822,
   0.2248823195695877,
   0.15728366374969482,
   0.24589824676513672,
   0.14955902099609375,
   0.21221938729286194,
   0.20059409737586975,
   0.16117362678050995,
   0.16712793707847595,
   0.12532749772071838,
   0.16906976699829102,
   0.21226012706756592,
   0.1857757270336151,
   0.20928306877613068,
   0.18406300246715546,
   0.2695218622684479,
   0.23046064376831055,
   0.19911368191242218,
   0.25661081075668335,
   0.20414280891418457,
   0.16504362225532532,
   0.23143386840820312,
   0.237705796957016,
   0.20394548773765564,
   0.19432559609413147,
   0.20244017243385315,
   0.22388866543769836,
   0.24262705445289612,
   0.1973104029893875,
   0.30186527967453003,
   0.23294846713542938,
   0.2306899130344391,
   0.222641259431839,
   0.31805652379989624,
   0.30096200108528137,
   0.3480333387851715,
   0.20714454352855682,
   0.5453986525535583
  ],
  "freq_deviation_abs_mean": [
   0.34427857398986816,
   0.23166143894195557,
   0.2652110457420349,
   0.2590804398059845,
   0.24346275627613068,
   0.2540317475795746,
   0.2353600710630417,
   0.24089591205120087,
   0.22525469958782196,
   0.2452555000782013,
   0.2434675246477127,
   0.2725529372692108,
   0.2569007873535156,
   0.32395797967910767,
   0.32216936349868774,
   0.3538455069065094,
   0.35423198342323303,
   0.4297305941581726,
   0.34299659729003906,
   0.37481310963630676,
   0.33249205350875854,
   0.4075528681278229,
   0.37367457151412964,
   0.3986144959926605,
   0.33463340997695923,
   0.3668747842311859,
   0.35555022954940796,
   0.38756972551345825,
   0.3405766785144806,
   0.3504268527030945,
   0.3526744246482849,
   0.33780694007873535,
   0.32924506068229675,
   0.3451201617717743,
   0.37524718046188354,
   0.3650685250759125,
   0.3403865694999695,
   0.3843826353549957,
   0.4037420153617859,
   0.41375574469566345,
   0.3881780505180359,
   0.3566320538520813,
   0.3609820306301117,
   0.3625054359436035,
   0.37200987339019775,
   0.3793317675590515,
   0.37311989068984985,
   0.3787767291069031,
   0.38088458776474,
   0.36916136741638184,
   0.3983077108860016,
   0.41156014800071716,
   0.40796977281570435,
   0.4198087751865387,
   0.3949330449104309,
   0.42879289388656616,
   0.47304296493530273,
   0.46289458870887756,
   0.4235188961029053,
   0.4865172505378723,
   0.44140130281448364
  ],