{
 "position": 0,
 "sequence_aa": "M",
 "substrate_file": "/home/dbrayjr5/esm2-osc/esm2_substrate_facebook_esm2_t33_650M_UR50D/substrate.npz",
 "n_sublayers": 62,
 "n_units": 1280,
 "validity_floor": {
  "quantile": 0.1,
  "absolute_value": 2.7328476905822754,
  "n_valid_cells": 71424,
  "n_total_cells": 79360,
  "fraction_valid": 0.9
 },
 "depth_profiles": {
  "amp_modulation_mean": [
   1.1689519882202148,
   1.1253498792648315,
   1.1368932723999023,
   1.107456088066101,
   1.1209598779678345,
   1.1050574779510498,
   1.1119897365570068,
   1.105532169342041,
   1.1049602031707764,
   1.1056849956512451,
   1.1052261590957642,
   1.0956084728240967,
   1.1013355255126953,
   1.1033233404159546,
   1.1227447986602783,
   1.132057547569275,
   1.0995177030563354,
   1.1127625703811646,
   1.0990617275238037,
   1.1404651403427124,
   1.140020728111267,
   1.1539102792739868,
   1.1751623153686523,
   1.2147332429885864,
   1.1427528858184814,
   1.1154325008392334,
   1.084017038345337,
   1.0129549503326416,
   1.0248401165008545,
   1.0022010803222656,
   1.0319768190383911,
   1.0052602291107178,
   0.9736759066581726,
   0.9482515454292297,
   1.0005943775177002,
   0.9991586804389954,
   0.9754678606987,
   0.9670600891113281,
   0.9753872752189636,
   0.9728825688362122,
   0.9595094919204712,
   0.947799026966095,
   0.9374615550041199,
   0.9492853283882141,
   0.961417019367218,
   0.9903587102890015,
   0.9816500544548035,
   1.0020173788070679,
   1.0135165452957153,
   1.0234019756317139,
   1.0207884311676025,
   1.0512542724609375,
   1.0796928405761719,
   1.1250113248825073,
   1.137037992477417,
   1.0876315832138062,
   1.1021506786346436,
   1.1002594232559204,
   1.113544225692749,
   1.1521410942077637,
   1.1465650796890259,
   1.1543056964874268
  ],
  "amp_modulation_mean_valid_only": [
   1.1689519882202148,
   1.1253498792648315,
   1.1368932723999023,
   1.107456088066101,
   1.1209598779678345,
   1.105655312538147,
   1.1119897365570068,
   1.1024596691131592,
   1.113946795463562,
   1.0725184679031372,
   1.084157109260559,
   1.0343737602233887,
   1.0534940958023071,
   1.042170763015747,
   1.066226840019226,
   1.0750263929367065,
   1.0780184268951416,
   1.0951491594314575,
   1.1044598817825317,
   1.1381796598434448,
   1.1447699069976807,
   1.1535061597824097,
   1.1751623153686523,
   1.2147332429885864,
   1.1427528858184814,
   1.1154325008392334,
   1.084017038345337,
   1.0129549503326416,
   1.0248401165008545,
   1.0022010803222656,
   1.0319768190383911,
   1.0052602291107178,
   0.9736759066581726,
   0.9482515454292297,
   1.0005943775177002,
   0.9991586804389954,
   0.9754678606987,
   0.9670600891113281,
   0.9753872752189636,
   0.9728825688362122,
   0.9595094919204712,
   0.947799026966095,
   0.9374615550041199,
   0.9492853283882141,
   0.961417019367218,
   0.9903587102890015,
   0.9816500544548035,
   1.0020173788070679,
   1.0135165452957153,
   1.0234019756317139,
   1.0207884311676025,
   1.0512542724609375,
   1.0796928405761719,
   1.1250113248825073,
   1.137037992477417,
   1.0876315832138062,
   1.1021506786346436,
   1.1002594232559204,
   1.113544225692749,
   1.1521410942077637,
   1.1465650796890259,
   1.1543056964874268
  ],
  "phase_consistency_across_units": [
   0.028351150453090668,
   0.020088527351617813,
   0.02367253787815571,
   0.028562800958752632,
   0.02310388721525669,
   0.03929121047258377,
   0.03518900275230408,
   0.03491959720849991,
   0.037649303674697876,
   0.04067946970462799,
   0.04851052910089493,
   0.029731059446930885,
   0.038544248789548874,
   0.03666411712765694,
   0.040351398289203644,
   0.021632757037878036,
   0.04310091957449913,
   0.0331108421087265,
   0.02885681390762329,
   0.02535349875688553,
   0.031227899715304375,
   0.026107460260391235,
   0.020772602409124374,
   0.029777230694890022,
   0.024788575246930122,
   0.024505119770765305,
   0.02705676667392254,
   0.016385065391659737,
   0.02339409664273262,
   0.032012902200222015,
   0.025198929011821747,
   0.022079715505242348,
   0.025629974901676178,
   0.014640075154602528,
   0.011595340445637703,
   0.015259470790624619,
   0.022146275267004967,
   0.009679404087364674,
   0.01237749494612217,
   0.01779778301715851,
   0.00922517292201519,
   0.012069584801793098,
   0.017105907201766968,
   0.012675234116613865,
   0.026375025510787964,
   0.02013474330306053,
   0.019329635426402092,
   0.017818614840507507,
   0.015471450984477997,
   0.009757938794791698,
   0.023641526699066162,
   0.026153570041060448,
   0.028705401346087456,
   0.014426521956920624,
   0.01749912090599537,
   0.027596555650234222,
   0.03565588593482971,
   0.03610409423708916,
   0.03232777863740921,
   0.03698963299393654,
   0.02111130580306053,
   0.02704714983701706
  ],
  "freq_mean": [
   0.17324285209178925,
   0.03818470984697342,
   0.1591024249792099,
   0.059820473194122314,
   0.1529833823442459,
   0.04132227227091789,
   0.15761227905750275,
   0.05164966732263565,
   0.1367235630750656,
   0.09379948675632477,
   0.1247248500585556,
   0.06373289972543716,
   0.1582222282886505,
   0.07844500243663788,
   0.2146003246307373,
   0.10920771211385727,
   0.1639576256275177,
   0.09136798232793808,
   0.19956961274147034,
   0.15022166073322296,
   0.20561368763446808,
   0.16832032799720764,
   0.28381872177124023,
   0.23170249164104462,
   0.22235111892223358,
   0.21439909934997559,
   0.18829122185707092,
   0.1928437054157257,
   0.18190547823905945,
   0.16608288884162903,
   0.2771982252597809,
   0.18380531668663025,
   0.17188124358654022,
   0.20801153779029846,
   0.23760059475898743,
   0.19288353621959686,
   0.22512546181678772,
   0.21076543629169464,
   0.24821162223815918,
   0.21127954125404358,
   0.21826323866844177,
   0.18510618805885315,
   0.2081719934940338,
   0.21700313687324524,
   0.23827990889549255,
   0.20711436867713928,
   0.20231762528419495,
   0.23172815144062042,
   0.2478131502866745,
   0.21647843718528748,
   0.23317842185497284,
   0.2354712039232254,
   0.2549845576286316,
   0.29533642530441284,
   0.26271572709083557,
   0.20577409863471985,
   0.30564847588539124,
   0.21547111868858337,
   0.37242692708969116,
   0.2170349657535553,
   0.5380476713180542
  ],
  "freq_deviation_abs_mean": [
   0.3760434091091156,
   0.26768454909324646,
   0.2698158621788025,
   0.2593570649623871,
   0.233445405960083,
   0.23834013938903809,
   0.2367880791425705,
   0.24047517776489258,
   0.2468416690826416,
   0.2656528651714325,
   0.24833054840564728,
   0.2723415493965149,
   0.25540876388549805,
   0.30360332131385803,
   0.3174193203449249,
   0.34200340509414673,
   0.3046734929084778,
   0.3565400242805481,
   0.34586822986602783,
   0.3855883479118347,
   0.36838027834892273,
   0.3919312357902527,
   0.3999607563018799,
   0.40897512435913086,
   0.3998847007751465,
   0.4079963266849518,
   0.3743089735507965,
   0.35764509439468384,
   0.3659607768058777,
   0.3771016597747803,
   0.3794780373573303,
   0.36990809440612793,
   0.3516872525215149,
   0.3658190369606018,
   0.3983539938926697,
   0.4105399250984192,
   0.37643614411354065,
   0.4131278991699219,
   0.40321454405784607,
   0.3802417516708374,
   0.3445656895637512,
   0.3434973657131195,
   0.3633268475532532,
   0.3729744255542755,
   0.36850738525390625,
   0.361246258020401,
   0.3726889193058014,
   0.3958195745944977,
   0.3843201994895935,
   0.4055232107639313,
   0.41720277070999146,
   0.4194004535675049,
   0.43391308188438416,
   0.43351879715919495,
   0.42664584517478943,
   0.4303516447544098,
   0.39288169145584106,
   0.40689006447792053,
   0.39734771847724915,
   0.5182303190231323,
   0.4937460422515869
  ],