{
 "position": 20,
 "sequence_aa": "D",
 "substrate_file": "/Users/djbray/Desktop/esm2/esm2_substrate_facebook_esm2_t33_650M_UR50D/substrate.npz",
 "n_sublayers": 62,
 "n_units": 1280,
 "depth_profiles": {
  "amp_mean": [
   10.360363960266113,
   5.5528764724731445,
   5.729321479797363,
   4.395695686340332,
   4.511094093322754,
   3.807635545730591,
   3.9105441570281982,
   3.480121612548828,
   3.565511703491211,
   3.2989532947540283,
   3.380225419998169,
   3.1672866344451904,
   3.319438934326172,
   3.163311243057251,
   3.414292812347412,
   3.2930350303649902,
   3.543715000152588,
   3.6176724433898926,
   3.7394771575927734,
   3.636531352996826,
   3.754176378250122,
   3.6587958335876465,
   3.945901870727539,
   4.030741214752197,
   3.8932833671569824,
   3.9387078285217285,
   3.9813575744628906,
   4.091533184051514,
   3.9401378631591797,
   4.052529335021973,
   3.9527525901794434,
   3.9655938148498535,
   3.942298173904419,
   3.969719648361206,
   4.256406307220459,
   4.375955104827881,
   4.530656337738037,
   4.684478282928467,
   4.813656806945801,
   5.102123260498047,
   4.979913234710693,
   5.150034427642822,
   5.08841609954834,
   4.931075572967529,
   5.033473014831543,
   5.197032928466797,
   5.154162406921387,
   5.163994789123535,
   5.287781238555908,
   5.328025817871094,
   5.539402961730957,
   5.523270130157471,
   5.8827223777771,
   6.166353225708008,
   6.1742634773254395,
   6.396714210510254,
   6.8013014793396,
   7.4929046630859375,
   7.811129570007324,
   8.152117729187012,
   8.821162223815918,
   12.243756294250488
  ],
  "amp_modulation_mean": [
   1.2001101970672607,
   1.16448175907135,
   1.180977463722229,
   1.142499566078186,
   1.1645983457565308,
   1.1359039545059204,
   1.1537073850631714,
   1.1360589265823364,
   1.1556161642074585,
   1.1449720859527588,
   1.1497598886489868,
   1.1321351528167725,
   1.1644624471664429,
   1.1461420059204102,
   1.1934977769851685,
   1.1867692470550537,
   1.228747010231018,
   1.282527208328247,
   1.2395702600479126,
   1.2215931415557861,
   1.2183879613876343,
   1.1785589456558228,
   1.1962785720825195,
   1.2062757015228271,
   1.1389952898025513,
   1.1162021160125732,
   1.1141464710235596,
   1.0972998142242432,
   1.059714674949646,
   1.0660386085510254,
   1.016738772392273,
   0.9819415807723999,
   0.9839769601821899,
   0.9574966430664062,
   1.029201865196228,
   1.0420154333114624,
   1.0584228038787842,
   1.0620968341827393,
   1.0775279998779297,
   1.1325899362564087,
   1.0992275476455688,
   1.1234922409057617,
   1.0917457342147827,
   1.0375934839248657,
   1.0474269390106201,
   1.0793027877807617,
   1.0556856393814087,
   1.056359887123108,
   1.062929391860962,
   1.0701286792755127,
   1.07778799533844,
   1.0717092752456665,
   1.113015055656433,
   1.1592304706573486,
   1.123253583908081,
   1.1402416229248047,
   1.168398380279541,
   1.228116512298584,
   1.2192509174346924,
   1.1857185363769531,
   1.2012767791748047,
   1.1952874660491943
  ],
  "phase_consistency_across_units": [
   0.008903677575290203,
   0.0036312309093773365,
   0.013958512805402279,
   0.019946452230215073,
   0.011193853802978992,
   0.02947717346251011,
   0.015410041436553001,
   0.03264391049742699,
   0.01350378803908825,
   0.020266937091946602,
   0.01638295128941536,
   0.01890804059803486,
   0.01874186098575592,
   0.019956285133957863,
   0.03463336452841759,
   0.020231958478689194,
   0.02410147525370121,
   0.013303291983902454,
   0.017525022849440575,
   0.022162774577736855,
   0.007391690276563168,
   0.021943597123026848,
   0.022038014605641365,
   0.020670326426625252,
   0.022505251690745354,
   0.013465515337884426,
   0.0040389965288341045,
   0.014380637556314468,
   0.015261202119290829,
   0.014303638599812984,
   0.007443663664162159,
   0.014056693762540817,
   0.01111200824379921,
   0.017524702474474907,
   0.014309068210422993,
   0.01911921054124832,
   0.011413252912461758,
   0.01414908841252327,
   0.0072185685858130455,
   0.0126558318734169,
   0.01049603521823883,
   0.015572513453662395,
   0.004152484238147736,
   0.007843289524316788,
   0.006369424983859062,
   0.007645903155207634,
   0.018958229571580887,
   0.007442079950124025,
   0.008965612389147282,
   0.017100051045417786,
   0.008639922365546227,
   0.00084830162813887,
   0.009249727241694927,
   0.002903807908296585,
   0.00581324752420187,
   0.015921927988529205,
   0.016399875283241272,
   0.018348418176174164,
   0.008598278276622295,
   0.011181408539414406,
   0.008680803701281548,
   0.017992425709962845
  ],
  "freq_mean": [
   0.15542452037334442,
   0.042973048985004425,
   0.15431718528270721,
   0.05165794491767883,
   0.1541805863380432,
   0.044299907982349396,
   0.15404772758483887,
   0.047818057239055634,
   0.1358104646205902,
   0.0759962797164917,
   0.1290683150291443,
   0.07856379449367523,
   0.1586974561214447,
   0.08029533922672272,
   0.1943402737379074,
   0.07988297939300537,
   0.2714359164237976,
   0.1809873729944229,
   0.23925738036632538,
   0.13221946358680725,
   0.23259203135967255,
   0.11005308479070663,
   0.2928265333175659,
   0.16157099604606628,
   0.2248823642730713,
   0.15728381276130676,
   0.24589776992797852,
   0.14955928921699524,
   0.2122194468975067,
   0.20059414207935333,
   0.16117383539676666,
   0.16712789237499237,
   0.12532754242420197,
   0.16906964778900146,
   0.2122603952884674,
   0.18577566742897034,
   0.2092830240726471,
   0.18406279385089874,
   0.26952171325683594,
   0.23046085238456726,
   0.19911372661590576,
   0.25661081075668335,
   0.20414480566978455,
   0.16504177451133728,
   0.23143358528614044,
   0.2377062290906906,
   0.2039453089237213,
   0.19432571530342102,
   0.20243966579437256,
   0.22388891875743866,
   0.24262714385986328,
   0.1973101794719696,
   0.3018653094768524,
   0.2329483926296234,
   0.23069024085998535,
   0.2226409614086151,
   0.3180566430091858,
   0.3009619116783142,
   0.34803295135498047,
   0.20714470744132996,
   0.5453992486000061
  ],
  "freq_deviation_abs_mean": [
   0.344277948141098,
   0.23166151344776154,
   0.2652111053466797,
   0.25908058881759644,
   0.2434627264738083,
   0.2540318965911865,
   0.23536010086536407,
   0.24089594185352325,
   0.22525469958782196,
   0.24525567889213562,
   0.24346768856048584,
   0.2725527882575989,
   0.2569008469581604,
   0.3239579200744629,
   0.32216960191726685,
   0.35384535789489746,
   0.35423198342323303,
   0.4297308921813965,
   0.3429967761039734,
   0.3748129904270172,
   0.33249223232269287,
   0.4075530171394348,
   0.373674601316452,
   0.3986146152019501,
   0.33463355898857117,
   0.3668748438358307,
   0.35555002093315125,
   0.3875695765018463,
   0.340576708316803,
   0.35042691230773926,
   0.352674663066864,
   0.33780694007873535,
   0.329245001077652,
   0.34512004256248474,
   0.37524718046188354,
   0.36506861448287964,
   0.34038645029067993,
   0.3843826651573181,
   0.4037419259548187,
   0.41375550627708435,
   0.3881782591342926,
   0.35663214325904846,
   0.36097973585128784,
   0.3625033497810364,
   0.37200993299484253,
   0.3793312907218933,
   0.3731194734573364,
   0.37877678871154785,
   0.3808848261833191,
   0.36916106939315796,
   0.3983079195022583,
   0.41156005859375,
   0.4079696536064148,
   0.4198088049888611,
   0.3949325680732727,
   0.4287930130958557,
   0.47304296493530273,
   0.4628946781158447,
   0.4235192835330963,
   0.4865174889564514,
   0.4414013922214508
  ]
 },
 "top_units_by_amp_modulation_max": [
  {
   "unit": 607,
   "max_amp_mod": 4.979206562042236,
   "argmax_sublayer": 7
  },
  {
   "unit": 956,
   "max_amp_mod": 4.954977512359619,
   "argmax_sublayer": 3
  },
  {
   "unit": 283,
   "max_amp_mod": 4.876568794250488,
   "argmax_sublayer": 61
  },
  {
   "unit": 754,
   "max_amp_mod": 4.630014896392822,
   "argmax_sublayer": 58
  },
  {
   "unit": 1266,
   "max_amp_mod": 4.4435200691223145,