{
 "position": 43,
 "sequence_aa": "I",
 "substrate_file": "/home/dbrayjr5/esm2-osc/esm2_substrate_facebook_esm2_t33_650M_UR50D/substrate.npz",
 "n_sublayers": 62,
 "n_units": 1280,
 "validity_floor": {
  "quantile": 0.1,
  "absolute_value": 2.7328476905822754,
  "n_valid_cells": 71424,
  "n_total_cells": 79360,
  "fraction_valid": 0.9
 },
 "depth_profiles": {
  "amp_modulation_mean": [
   1.3219741582870483,
   1.3082364797592163,
   1.311192512512207,
   1.284487009048462,
   1.2956186532974243,
   1.2808557748794556,
   1.284684181213379,
   1.2732795476913452,
   1.2804887294769287,
   1.2672784328460693,
   1.2715702056884766,
   1.2635806798934937,
   1.2712701559066772,
   1.2640025615692139,
   1.3005321025848389,
   1.299623727798462,
   1.2776418924331665,
   1.2861281633377075,
   1.2778277397155762,
   1.3020069599151611,
   1.306842565536499,
   1.3092668056488037,
   1.3907724618911743,
   1.4221409559249878,
   1.3595187664031982,
   1.3749425411224365,
   1.3067190647125244,
   1.2723673582077026,
   1.3003276586532593,
   1.2486152648925781,
   1.2468940019607544,
   1.1693891286849976,
   1.2000010013580322,
   1.1533069610595703,
   1.1234638690948486,
   1.1301441192626953,
   1.1425511837005615,
   1.136188268661499,
   1.150217890739441,
   1.199981927871704,
   1.1686980724334717,
   1.16028892993927,
   1.146571159362793,
   1.1709940433502197,
   1.1541422605514526,
   1.1554621458053589,
   1.166286826133728,
   1.1844422817230225,
   1.173730492591858,
   1.1644585132598877,
   1.1962782144546509,
   1.2658939361572266,
   1.2679088115692139,
   1.2774488925933838,
   1.2394119501113892,
   1.2741868495941162,
   1.2924805879592896,
   1.3187445402145386,
   1.3318126201629639,
   1.3008747100830078,
   1.2878711223602295,
   1.296827793121338
  ],
  "amp_modulation_mean_valid_only": [
   1.3219741582870483,
   1.3082364797592163,
   1.311192512512207,
   1.284487009048462,
   1.2956186532974243,
   1.2789922952651978,
   1.284684181213379,
   1.266366720199585,
   1.274763584136963,
   1.2425765991210938,
   1.2599414587020874,
   1.1926277875900269,
   1.223161220550537,
   1.1926488876342773,
   1.2906544208526611,
   1.2986295223236084,
   1.2668780088424683,
   1.2431929111480713,
   1.2821943759918213,
   1.2976018190383911,
   1.305320382118225,
   1.3092365264892578,
   1.3907724618911743,
   1.4221409559249878,
   1.3595187664031982,
   1.3749425411224365,
   1.3067190647125244,
   1.2723673582077026,
   1.3003276586532593,
   1.2486152648925781,
   1.2468940019607544,
   1.1693891286849976,
   1.2000010013580322,
   1.1533069610595703,
   1.1234638690948486,
   1.1301441192626953,
   1.1425511837005615,
   1.136188268661499,
   1.150217890739441,
   1.199981927871704,
   1.1686980724334717,
   1.16028892993927,
   1.146571159362793,
   1.1709940433502197,
   1.1541422605514526,
   1.1554621458053589,
   1.166286826133728,
   1.1844422817230225,
   1.173730492591858,
   1.1644585132598877,
   1.1962782144546509,
   1.2658939361572266,
   1.2679088115692139,
   1.2774488925933838,
   1.2394119501113892,
   1.2741868495941162,
   1.2924805879592896,
   1.3187445402145386,
   1.3318126201629639,
   1.3008747100830078,
   1.2878711223602295,
   1.296827793121338
  ],
  "phase_consistency_across_units": [
   0.03161456808447838,
   0.03645017370581627,
   0.033031582832336426,
   0.04407934471964836,
   0.029941285029053688,
   0.04778255149722099,
   0.04073195159435272,
   0.049559518694877625,
   0.03506491705775261,
   0.03955049440264702,
   0.03842237964272499,
   0.04211582615971565,
   0.03951852768659592,
   0.041313204914331436,
   0.040081609040498734,
   0.02144300937652588,
   0.03058495745062828,
   0.01510135643184185,
   0.023725295439362526,
   0.021713856607675552,
   0.02233271300792694,
   0.03629165142774582,
   0.015776092186570168,
   0.02257673442363739,
   0.012172103859484196,
   0.005686648655682802,
   0.005033157300204039,
   0.01397007517516613,
   0.0028641477692872286,
   0.011227458715438843,
   0.004404043313115835,
   0.004534301348030567,
   0.012646029703319073,
   0.018960976973176003,
   0.01416582427918911,
   0.014434708282351494,
   0.010162466205656528,
   0.005611532833427191,
   0.0054275174625217915,
   0.012663044035434723,
   0.012514399364590645,
   0.012510203756392002,
   0.010262635536491871,
   0.016115553677082062,
   0.004450024571269751,
   0.0013859221944585443,
   0.005662431474775076,
   0.002962428843602538,
   0.007605386897921562,
   0.006445099599659443,
   0.015558341518044472,
   0.01988050527870655,
   0.030632032081484795,
   0.019658707082271576,
   0.012352476827800274,
   0.0014635049737989902,
   0.01642240770161152,
   0.02536199241876602,
   0.023075159639120102,
   0.030128369107842445,
   0.031226566061377525,
   0.044517483562231064
  ],
  "freq_mean": [
   0.1810382455587387,
   0.02301172912120819,
   0.15435418486595154,
   0.0495968759059906,
   0.12607571482658386,
   0.07108684629201889,
   0.1521202027797699,
   0.054639507085084915,
   0.11757306754589081,
   0.059385914355516434,
   0.13061432540416718,
   0.05743815749883652,
   0.1285218745470047,
   0.08843384683132172,
   0.20185497403144836,
   0.09288447350263596,
   0.16378724575042725,
   0.09888054430484772,
   0.19315557181835175,
   0.11640109121799469,
   0.17733927071094513,
   0.09439319372177124,
   0.3076169490814209,
   0.18873706459999084,
   0.23703904449939728,
   0.20849862694740295,
   0.17168381810188293,
   0.21262414753437042,
   0.21888908743858337,
   0.1791876256465912,
   0.23004893958568573,
   0.15897484123706818,
   0.2319374531507492,
   0.14563146233558655,
   0.1845327913761139,
   0.18082699179649353,
   0.2430535852909088,
   0.20407819747924805,
   0.24611234664916992,
   0.23930199444293976,
   0.18394657969474792,
   0.18617621064186096,
   0.19665312767028809,
   0.2302287071943283,
   0.17649714648723602,
   0.205905482172966,
   0.21251130104064941,
   0.2145233154296875,
   0.18645641207695007,
   0.19403621554374695,
   0.2748104929924011,
   0.2676669955253601,
   0.28523552417755127,
   0.22818458080291748,
   0.2755352854728699,
   0.2607042193412781,
   0.2818230986595154,
   0.29985034465789795,
   0.3739995062351227,
   0.15752564370632172,
   0.5163895487785339
  ],
  "freq_deviation_abs_mean": [
   0.3406743109226227,
   0.23531246185302734,
   0.2679457664489746,
   0.25528639554977417,
   0.2588566839694977,
   0.2564094662666321,
   0.2279096096754074,
   0.2394823580980301,
   0.21811500191688538,
   0.24309523403644562,
   0.2380865514278412,
   0.2496628761291504,
   0.22642305493354797,
   0.28834789991378784,
   0.32163843512535095,
   0.3184843957424164,
   0.26519301533699036,
   0.2975218892097473,
   0.32130950689315796,
   0.3646058142185211,
   0.3319249749183655,
   0.3538298010826111,
   0.35910719633102417,
   0.40441519021987915,
   0.35585910081863403,
   0.36877721548080444,
   0.3525546193122864,
   0.3578076660633087,
   0.33279916644096375,
   0.36118894815444946,
   0.35740554332733154,
   0.362832248210907,
   0.3584868609905243,
   0.35251569747924805,
   0.3222084641456604,
   0.36241215467453003,
   0.3625125288963318,
   0.4049701690673828,
   0.3893299698829651,
   0.3617534041404724,
   0.35678714513778687,
   0.36513131856918335,
   0.40426355600357056,
   0.3808000981807709,
   0.38370561599731445,
   0.3681846559047699,
   0.3518555164337158,
   0.34053343534469604,
   0.3364078998565674,
   0.38036662340164185,
   0.4024694859981537,
   0.4230808615684509,
   0.39340940117836,
   0.40775924921035767,
   0.40734338760375977,
   0.44558095932006836,
   0.44283682107925415,
   0.436159610748291,
   0.4132344126701355,
   0.501194953918457,
   0.4492538571357727
  ],