{
 "position": 66,
 "sequence_aa": "L",
 "substrate_file": "/home/dbrayjr5/esm2-osc/esm2_substrate_facebook_esm2_t33_650M_UR50D/substrate.npz",
 "n_sublayers": 62,
 "n_units": 1280,
 "validity_floor": {
  "quantile": 0.1,
  "absolute_value": 2.7328476905822754,
  "n_valid_cells": 71424,
  "n_total_cells": 79360,
  "fraction_valid": 0.9
 },
 "depth_profiles": {
  "amp_modulation_mean": [
   1.4359078407287598,
   1.5031408071517944,
   1.4956594705581665,
   1.5080186128616333,
   1.50992751121521,
   1.507812261581421,
   1.5104717016220093,
   1.5237280130386353,
   1.5314781665802002,
   1.5304005146026611,
   1.5166782140731812,
   1.5371129512786865,
   1.5360615253448486,
   1.5630223751068115,
   1.5740500688552856,
   1.561540961265564,
   1.5822889804840088,
   1.5784342288970947,
   1.5256620645523071,
   1.577561378479004,
   1.5571686029434204,
   1.5889922380447388,
   1.63009512424469,
   1.7188304662704468,
   1.5787734985351562,
   1.538190484046936,
   1.6232242584228516,
   1.732783317565918,
   1.6554511785507202,
   1.5657501220703125,
   1.5638588666915894,
   1.523166537284851,
   1.4882327318191528,
   1.3561395406723022,
   1.366716980934143,
   1.3027957677841187,
   1.2842426300048828,
   1.2021030187606812,
   1.2461574077606201,
   1.2940459251403809,
   1.2672885656356812,
   1.2427082061767578,
   1.3058093786239624,
   1.3639329671859741,
   1.3768819570541382,
   1.34176504611969,
   1.341933012008667,
   1.3829572200775146,
   1.3136966228485107,
   1.2970635890960693,
   1.3057727813720703,
   1.3161402940750122,
   1.3117034435272217,
   1.3324514627456665,
   1.310039758682251,
   1.3218249082565308,
   1.331920862197876,
   1.3835992813110352,
   1.3620647192001343,
   1.403026819229126,
   1.3440284729003906,
   1.361730933189392
  ],
  "amp_modulation_mean_valid_only": [
   1.4359078407287598,
   1.5031408071517944,
   1.4956594705581665,
   1.5080186128616333,
   1.50992751121521,
   1.5086374282836914,
   1.5104717016220093,
   1.5068442821502686,
   1.5235341787338257,
   1.4500563144683838,
   1.4654546976089478,
   1.4220763444900513,
   1.4425396919250488,
   1.4579721689224243,
   1.4948140382766724,
   1.4468659162521362,
   1.5073741674423218,
   1.5254207849502563,
   1.5297802686691284,
   1.5368871688842773,
   1.5602178573608398,
   1.5832319259643555,
   1.63009512424469,
   1.7188304662704468,
   1.5787734985351562,
   1.538190484046936,
   1.6232242584228516,
   1.732783317565918,
   1.6554511785507202,
   1.5657501220703125,
   1.5638588666915894,
   1.523166537284851,
   1.4882327318191528,
   1.3561395406723022,
   1.366716980934143,
   1.3027957677841187,
   1.2842426300048828,
   1.2021030187606812,
   1.2461574077606201,
   1.2940459251403809,
   1.2672885656356812,
   1.2427082061767578,
   1.3058093786239624,
   1.3639329671859741,
   1.3768819570541382,
   1.34176504611969,
   1.341933012008667,
   1.3829572200775146,
   1.3136966228485107,
   1.2970635890960693,
   1.3057727813720703,
   1.3161402940750122,
   1.3117034435272217,
   1.3324514627456665,
   1.310039758682251,
   1.3218249082565308,
   1.331920862197876,
   1.3835992813110352,
   1.3620647192001343,
   1.403026819229126,
   1.3440284729003906,
   1.361730933189392
  ],
  "phase_consistency_across_units": [
   0.025077207013964653,
   0.014693314209580421,
   0.0184458140283823,
   0.020446831360459328,
   0.02230420522391796,
   0.023452749475836754,
   0.02631940133869648,
   0.03016791120171547,
   0.03291042894124985,
   0.031444426625967026,
   0.027684878557920456,
   0.026801995933055878,
   0.042385101318359375,
   0.035081516951322556,
   0.03279905393719673,
   0.022952519357204437,
   0.03650527074933052,
   0.02083662338554859,
   0.01752876117825508,
   0.022803490981459618,
   0.017627812922000885,
   0.019526079297065735,
   0.025560829788446426,
   0.029878612607717514,
   0.02072419598698616,
   0.012438321486115456,
   0.01895090565085411,
   0.02796625718474388,
   0.024437518790364265,
   0.027584390714764595,
   0.024587446823716164,
   0.023095402866601944,
   0.025860415771603584,
   0.025807177647948265,
   0.018886493518948555,
   0.013084658421576023,
   0.012107741087675095,
   0.013167062774300575,
   0.02117886021733284,
   0.022522084414958954,
   0.03355475515127182,
   0.027966894209384918,
   0.02514849603176117,
   0.009788387455046177,
   0.011203951202332973,
   0.014354588463902473,
   0.00889407005161047,
   0.020210307091474533,
   0.014536406844854355,
   0.004395963624119759,
   0.014119776897132397,
   0.004196553956717253,
   0.011439185589551926,
   0.02010580711066723,
   0.011489308439195156,
   0.006018588785082102,
   0.011773132719099522,
   0.008983638137578964,
   0.010976066812872887,
   0.012949223630130291,
   0.02475481480360031,
   0.02420942299067974
  ],
  "freq_mean": [
   0.1525062620639801,
   0.024788910523056984,
   0.1473509520292282,
   0.041289180517196655,
   0.13134121894836426,
   0.03072228468954563,
   0.14283940196037292,
   0.05727600306272507,
   0.12730982899665833,
   0.049206338822841644,
   0.11916551738977432,
   0.0828801617026329,
   0.09911693632602692,
   0.12840434908866882,
   0.12319455295801163,
   0.06891147792339325,
   0.18983760476112366,
   0.05937870219349861,
   0.1928713619709015,
   0.10843247175216675,
   0.15547272562980652,
   0.11099223792552948,
   0.2800833582878113,
   0.19861888885498047,
   0.15108761191368103,
   0.1180708259344101,
   0.27493715286254883,
   0.27861323952674866,
   0.16996100544929504,
   0.2098657190799713,
   0.23179474472999573,
   0.23882336914539337,
   0.16022710502147675,
   0.18697090446949005,
   0.18688546121120453,
   0.17731596529483795,
   0.17585140466690063,
   0.12309549748897552,
   0.1997736245393753,
   0.17678365111351013,
   0.1308845728635788,
   0.13188473880290985,
   0.23795127868652344,
   0.2316886931657791,
   0.22452184557914734,
   0.16191208362579346,
   0.2601708471775055,
   0.2281818836927414,
   0.1789759397506714,
   0.17895327508449554,
   0.21107015013694763,
   0.16846582293510437,
   0.22625231742858887,
   0.173733189702034,
   0.24410882592201233,
   0.13434837758541107,
   0.3161497116088867,
   0.1922757774591446,
   0.3408898711204529,
   0.16848640143871307,
   0.45107603073120117
  ],
  "freq_deviation_abs_mean": [
   0.28702419996261597,
   0.18130646646022797,
   0.20223335921764374,
   0.18955811858177185,
   0.19334080815315247,
   0.1910419911146164,
   0.18117855489253998,
   0.19065125286579132,
   0.1916707456111908,
   0.21124128997325897,
   0.19336922466754913,
   0.2011389434337616,
   0.19569359719753265,
   0.24278226494789124,
   0.26385003328323364,
   0.27967244386672974,
   0.26973599195480347,
   0.30786025524139404,
   0.2831265926361084,
   0.3177029490470886,
   0.2843688130378723,
   0.32734107971191406,
   0.3670947551727295,
   0.3821958303451538,
   0.3231738209724426,
   0.31363242864608765,
   0.34552672505378723,
   0.3615937829017639,
   0.3482885956764221,
   0.34865349531173706,
   0.36357611417770386,
   0.3491894006729126,
   0.33734893798828125,
   0.3200051188468933,
   0.3481796979904175,
   0.3666989207267761,
   0.3344941735267639,
   0.35391765832901,
   0.3486793041229248,
   0.31724825501441956,
   0.29386529326438904,
   0.332491397857666,
   0.34321051836013794,
   0.35426637530326843,
   0.3393281102180481,
   0.36078232526779175,
   0.3444760739803314,
   0.3573949635028839,
   0.33281320333480835,
   0.3591565489768982,
   0.3582310080528259,
   0.37156766653060913,
   0.3400197923183441,
   0.3771281838417053,
   0.35628193616867065,
   0.433586061000824,
   0.3864676058292389,
   0.440357506275177,
   0.4110754430294037,
   0.4394304156303406,
   0.40642333030700684
  ],