{
 "position": 31,
 "sequence_aa": "D",
 "substrate_file": "/Users/djbray/Desktop/esm2/esm2_substrate_facebook_esm2_t33_650M_UR50D/substrate.npz",
 "n_sublayers": 62,
 "n_units": 1280,
 "depth_profiles": {
  "amp_mean": [
   8.532526969909668,
   4.67568826675415,
   4.808528423309326,
   3.7753891944885254,
   3.8575985431671143,
   3.3127784729003906,
   3.371562957763672,
   3.0531833171844482,
   3.0802395343780518,
   2.8705718517303467,
   2.9546217918395996,
   2.7922983169555664,
   2.873445987701416,
   2.7825164794921875,
   3.0595879554748535,
   2.9683332443237305,
   3.232001543045044,
   3.28753399848938,
   3.3279061317443848,
   3.229703426361084,
   3.313746929168701,
   3.2593162059783936,
   3.5825283527374268,
   3.6916472911834717,
   3.6539504528045654,
   3.5965378284454346,
   3.5131683349609375,
   3.613520860671997,
   3.4310195446014404,
   3.4656920433044434,
   3.5907979011535645,
   3.749514102935791,
   3.659400224685669,
   3.735860824584961,
   3.6597793102264404,
   3.7376303672790527,
   3.8968844413757324,
   3.9618563652038574,
   4.269939422607422,
   4.5331339836120605,
   4.363287925720215,
   4.303976058959961,
   4.355353832244873,
   4.466010093688965,
   4.374739170074463,
   4.435024261474609,
   4.482123374938965,
   4.636629581451416,
   4.7628302574157715,
   4.624729156494141,
   4.820875644683838,
   4.969459533691406,
   5.081766605377197,
   5.427270412445068,
   5.480838775634766,
   5.32096004486084,
   5.506806373596191,
   5.754754066467285,
   5.898935794830322,
   6.636193752288818,
   7.094569206237793,
   9.9075288772583
  ],
  "amp_modulation_mean": [
   0.975113034248352,
   0.9717757105827332,
   0.981644332408905,
   0.9733558893203735,
   0.9862188100814819,
   0.9787191152572632,
   0.9832645654678345,
   0.9874919056892395,
   0.9885854721069336,
   0.9872673153877258,
   0.9956542253494263,
   0.9898884892463684,
   0.9991915822029114,
   0.9993435144424438,
   1.0619968175888062,
   1.0637178421020508,
   1.114332914352417,
   1.160467505455017,
   1.0984017848968506,
   1.083590030670166,
   1.0728528499603271,
   1.047579050064087,
   1.084282636642456,
   1.103706955909729,
   1.0675996541976929,
   1.016375184059143,
   0.9799331426620483,
   0.9656401872634888,
   0.9196951985359192,
   0.9082294702529907,
   0.9191867113113403,
   0.923387348651886,
   0.9084861874580383,
   0.8949699401855469,
   0.8785578608512878,
   0.884762167930603,
   0.9052743911743164,
   0.8933507800102234,
   0.9525352716445923,
   1.002549409866333,
   0.9596964120864868,
   0.9343122243881226,
   0.9288557767868042,
   0.9356991648674011,
   0.9060672521591187,
   0.9170230627059937,
   0.9142897725105286,
   0.9458640217781067,
   0.9545652270317078,
   0.9244318008422852,
   0.9340980648994446,
   0.9612663388252258,
   0.9567006826400757,
   1.016024112701416,
   0.9919377565383911,
   0.9403129816055298,
   0.9385598301887512,
   0.9337664842605591,
   0.9094028472900391,
   0.9553333520889282,
   0.9509915113449097,
   0.9509046673774719
  ],
  "phase_consistency_across_units": [
   0.030798159539699554,
   0.017253348603844643,
   0.003333514090627432,
   0.013813086785376072,
   0.01186679769307375,
   0.024974213913083076,
   0.011087369173765182,
   0.02479608915746212,
   0.0063088019378483295,
   0.020057933405041695,
   0.023707082495093346,
   0.029263699427247047,
   0.029223261401057243,
   0.01997211016714573,
   0.02789328619837761,
   0.006076934281736612,
   0.01469877827912569,
   0.01960027404129505,
   0.017947664484381676,
   0.014981181360781193,
   0.012716729193925858,
   0.00818710494786501,
   0.012120339088141918,
   0.016537612304091454,
   0.011743278242647648,
   0.02694263868033886,
   0.013666542246937752,
   0.022772392258048058,
   0.024370521306991577,
   0.015602759085595608,
   0.015901630744338036,
   0.02273508720099926,
   0.0170440636575222,
   0.013960801996290684,
   0.019793111830949783,
   0.01887144148349762,
   0.010979622602462769,
   0.01414784137159586,
   0.004642142914235592,
   0.009077453054487705,
   0.012928001582622528,
   0.015020972117781639,
   0.017971651628613472,
   0.007840984500944614,
   0.01130576990544796,
   0.0072186789475381374,
   0.010163577273488045,
   0.00508470181375742,
   0.012141630984842777,
   0.007210329174995422,
   0.009064672514796257,
   0.005595160648226738,
   0.025188704952597618,
   0.004820192698389292,
   0.013449684716761112,
   0.006739333737641573,
   0.01917358674108982,
   0.01366371475160122,
   0.003361028153449297,
   0.019615422934293747,
   0.013639616779983044,
   0.038683101534843445
  ],
  "freq_mean": [
   0.19260923564434052,
   0.034663211554288864,
   0.19704684615135193,
   0.04906459525227547,
   0.16191887855529785,
   0.06508456915616989,
   0.14507292211055756,
   0.06586231291294098,
   0.11553903669118881,
   0.08706114441156387,
   0.1334642767906189,
   0.08495858311653137,
   0.13333936035633087,
   0.0879335105419159,
   0.2157374918460846,
   0.12971892952919006,
   0.30166882276535034,
   0.23388075828552246,
   0.2405615746974945,
   0.14947208762168884,
   0.23705410957336426,
   0.15847709774971008,
   0.3230813145637512,
   0.20925107598304749,
   0.26251980662345886,
   0.15603093802928925,
   0.24045653641223907,
   0.1665153056383133,
   0.16771723330020905,
   0.15240606665611267,
   0.2554943263530731,
   0.2055145800113678,
   0.20417523384094238,
   0.20583578944206238,
   0.13569100201129913,
   0.19778428971767426,
   0.2011115550994873,
   0.15918514132499695,
   0.30807358026504517,
   0.2586650252342224,
   0.21302077174186707,
   0.20404119789600372,
   0.22514167428016663,
   0.21301206946372986,
   0.18843631446361542,
   0.21790054440498352,
   0.1932869255542755,
   0.264275461435318,
   0.20511870086193085,
   0.1591484695672989,
   0.24931040406227112,
   0.20341476798057556,
   0.2789989709854126,
   0.2918075919151306,
   0.26170772314071655,
   0.18691343069076538,
   0.3163730204105377,
   0.1832640916109085,
   0.31718960404396057,
   0.2607254087924957,
   0.4895092844963074
  ],
  "freq_deviation_abs_mean": [
   0.3846297860145569,
   0.25709277391433716,
   0.2601040005683899,
   0.2607792913913727,
   0.2540968358516693,
   0.2635231912136078,
   0.25906163454055786,
   0.2582627832889557,
   0.23978562653064728,
   0.2600582242012024,
   0.24769382178783417,
   0.27329638600349426,
   0.2542338967323303,
   0.3423914313316345,
   0.3321675658226013,
   0.36892539262771606,
   0.3929046392440796,
   0.4553000330924988,
   0.39086130261421204,
   0.41231733560562134,
   0.36791396141052246,
   0.4372272491455078,
   0.3896312117576599,
   0.41303080320358276,
   0.3625507950782776,
   0.391389399766922,
   0.37698107957839966,
   0.3697231709957123,
   0.3516401946544647,
   0.37264034152030945,
   0.38607802987098694,
   0.37173590064048767,
   0.3505936563014984,
   0.35689371824264526,
   0.34122234582901,
   0.3487849235534668,
   0.3490620255470276,
   0.3919035494327545,
   0.3859756588935852,
   0.37988200783729553,
   0.34578466415405273,
   0.376741498708725,
   0.37939000129699707,
   0.3647388517856598,
   0.36565250158309937,
   0.34337174892425537,
   0.3764738440513611,
   0.3920798599720001,
   0.3623238205909729,
   0.3818753659725189,
   0.3644019067287445,
   0.4115397334098816,
   0.4484410285949707,
   0.49276047945022583,
   0.41472142934799194,
   0.41078051924705505,
   0.39492112398147583,
   0.4725724160671234,
   0.45670217275619507,
   0.5323451161384583,
   0.4901808798313141
  ]
 },
 "top_units_by_amp_modulation_max": [
  {
   "unit": 1050,
   "max_amp_mod": 3.8540027141571045,
   "argmax_sublayer": 19
  },
  {
   "unit": 1029,
   "max_amp_mod": 3.8086912631988525,
   "argmax_sublayer": 24
  },
  {
   "unit": 142,
   "max_amp_mod": 3.677014112472534,
   "argmax_sublayer": 13
  },
  {
   "unit": 698,
   "max_amp_mod": 3.574901580810547,
   "argmax_sublayer": 22
  },
  {
   "unit": 652,