{
 "position": 44,
 "sequence_aa": "F",
 "substrate_file": "/Users/djbray/Desktop/esm2/esm2_substrate_facebook_esm2_t33_650M_UR50D/substrate.npz",
 "n_sublayers": 62,
 "n_units": 1280,
 "depth_profiles": {
  "amp_mean": [
   12.373189926147461,
   6.6982927322387695,
   6.840299129486084,
   5.292689323425293,
   5.372368812561035,
   4.5721940994262695,
   4.609911918640137,
   4.106697082519531,
   4.160387992858887,
   3.8407630920410156,
   3.906420946121216,
   3.698458194732666,
   3.7744240760803223,
   3.6220345497131348,
   3.782376766204834,
   3.6464743614196777,
   3.8127212524414062,
   3.7306504249572754,
   4.008999824523926,
   3.9356486797332764,
   4.062973499298096,
   4.065974712371826,
   4.575730800628662,
   4.676402568817139,
   4.670596122741699,
   4.7499098777771,
   4.601161956787109,
   4.674584865570068,
   4.64313268661499,
   4.594230651855469,
   4.795676231384277,
   4.900046348571777,
   4.79861307144165,
   4.847160339355469,
   4.83972692489624,
   5.023512363433838,
   5.267503261566162,
   5.4491167068481445,
   5.452259540557861,
   5.587782382965088,
   5.577855587005615,
   5.747601509094238,
   5.945174217224121,
   6.036203384399414,
   6.1053853034973145,
   6.211630821228027,
   6.26514196395874,
   6.256632328033447,
   6.476556301116943,
   6.613303184509277,
   6.776732444763184,
   7.155283451080322,
   7.379515171051025,
   7.593573093414307,
   7.880845069885254,
   8.078824996948242,
   8.55042839050293,
   9.128203392028809,
   9.532039642333984,
   9.931967735290527,
   10.593146324157715,
   14.604860305786133
  ],
  "amp_modulation_mean": [
   1.4416420459747314,
   1.4160257577896118,
   1.421324372291565,
   1.3888721466064453,
   1.4005725383758545,
   1.376783013343811,
   1.3718518018722534,
   1.351532220840454,
   1.358985185623169,
   1.3439468145370483,
   1.3392055034637451,
   1.3340469598770142,
   1.3361194133758545,
   1.323878526687622,
   1.3369375467300415,
   1.326690912246704,
   1.328315019607544,
   1.3268513679504395,
   1.3357007503509521,
   1.3326224088668823,
   1.3281738758087158,
   1.319191336631775,
   1.3982524871826172,
   1.415135145187378,
   1.3770017623901367,
   1.3588975667953491,
   1.298097014427185,
   1.2651007175445557,
   1.2577459812164307,
   1.2159993648529053,
   1.2394126653671265,
   1.217369794845581,
   1.202650547027588,
   1.1721349954605103,
   1.170415997505188,
   1.1970264911651611,
   1.2318761348724365,
   1.2378826141357422,
   1.2233364582061768,
   1.2429412603378296,
   1.2352569103240967,
   1.255896806716919,
   1.2795861959457397,
   1.2736265659332275,
   1.2747821807861328,
   1.2957183122634888,
   1.2883942127227783,
   1.2854173183441162,
   1.3079394102096558,
   1.3342514038085938,
   1.3254928588867188,
   1.3981095552444458,
   1.4051072597503662,
   1.4366846084594727,
   1.4407893419265747,
   1.4447965621948242,
   1.4717915058135986,
   1.4985681772232056,
   1.490722894668579,
   1.4475228786468506,
   1.4472236633300781,
   1.4325652122497559
  ],
  "phase_consistency_across_units": [
   0.013558129779994488,
   0.01677001267671585,
   0.020515525713562965,
   0.03682747855782509,
   0.02124335616827011,
   0.0456315316259861,
   0.03173226863145828,
   0.051835279911756516,
   0.035556308925151825,
   0.033566586673259735,
   0.03085354156792164,
   0.029866322875022888,
   0.02857494354248047,
   0.028193453326821327,
   0.030392402783036232,
   0.031205706298351288,
   0.02868896722793579,
   0.03517501428723335,
   0.025642873719334602,
   0.0354396291077137,
   0.026030629873275757,
   0.038102973252534866,
   0.019577210769057274,
   0.014942237176001072,
   0.016025718301534653,
   0.026582643389701843,
   0.02497752010822296,
   0.019693540409207344,
   0.00796391163021326,
   0.0044458890333771706,
   0.003778728423640132,
   0.0035535970237106085,
   0.0038646813482046127,
   0.005231431685388088,
   0.012594279833137989,
   0.016191797330975533,
   0.01956316828727722,
   0.004302063025534153,
   0.007526895962655544,
   0.0014275579014793038,
   0.009427983313798904,
   0.005844357889145613,
   0.004135523457080126,
   0.007237107492983341,
   0.0014646168565377593,
   0.004373693373054266,
   0.015389840118587017,
   0.011907418258488178,
   0.010408577509224415,
   0.010201692581176758,
   0.014611591584980488,
   0.009940088726580143,
   0.00661516236141324,
   0.016968626528978348,
   0.010265888646245003,
   0.010671140626072884,
   0.016911618411540985,
   0.02428389899432659,
   0.013984618708491325,
   0.009369276463985443,
   0.010301966220140457,
   0.012789458967745304
  ],
  "freq_mean": [
   0.15850940346717834,
   0.010946046561002731,
   0.15714028477668762,
   0.039935916662216187,
   0.14417023956775665,
   0.0442805178463459,
   0.13170085847377777,
   0.05149070546030998,
   0.11512424796819687,
   0.04501326009631157,
   0.12741319835186005,
   0.06845144182443619,
   0.11576911062002182,
   0.08436965197324753,
   0.1497732251882553,
   0.07008995860815048,
   0.12072098255157471,
   0.09733058512210846,
   0.1985291838645935,
   0.10792551189661026,
   0.15844851732254028,
   0.0872875303030014,
   0.28440356254577637,
   0.160405233502388,
   0.2324177771806717,
   0.16450215876102448,
   0.19910478591918945,
   0.19898222386837006,
   0.17383027076721191,
   0.16488578915596008,
   0.24298834800720215,
   0.19057044386863708,
   0.20024418830871582,
   0.15982553362846375,
   0.15435223281383514,
   0.18019507825374603,
   0.21593964099884033,
   0.21048061549663544,
   0.21457929909229279,
   0.17887230217456818,
   0.19945630431175232,
   0.2265615016222,
   0.2285640984773636,
   0.2240128070116043,
   0.21436265110969543,
   0.21072721481323242,
   0.18366500735282898,
   0.21410556137561798,
   0.21928712725639343,
   0.17680346965789795,
   0.24529433250427246,
   0.25518107414245605,
   0.25560206174850464,
   0.25579914450645447,
   0.2687462270259857,
   0.24513959884643555,
   0.3319168984889984,
   0.27425652742385864,
   0.33102932572364807,
   0.21768121421337128,
   0.5160228610038757
  ],
  "freq_deviation_abs_mean": [
   0.3111003339290619,
   0.1947747766971588,
   0.22646751999855042,
   0.22578415274620056,
   0.2279006540775299,
   0.21582865715026855,
   0.21040666103363037,
   0.22012817859649658,
   0.1937897652387619,
   0.23370423913002014,
   0.22232866287231445,
   0.2325558364391327,
   0.2069520652294159,
   0.2530601918697357,
   0.2614216208457947,
   0.2826082110404968,
   0.27360400557518005,
   0.2990150451660156,
   0.3323940634727478,
   0.3797333538532257,
   0.33329686522483826,
   0.35655897855758667,
   0.3325788974761963,
   0.38041162490844727,
   0.3340579867362976,
   0.34959885478019714,
   0.32653793692588806,
   0.34590235352516174,
   0.3399302363395691,
   0.34009885787963867,
   0.3655525743961334,
   0.3505244851112366,
   0.31951314210891724,
   0.3372412621974945,
   0.34346866607666016,
   0.36444520950317383,
   0.36965280771255493,
   0.36493048071861267,
   0.3478567600250244,
   0.3598991334438324,
   0.36958086490631104,
   0.39523687958717346,
   0.4084152579307556,
   0.3748140335083008,
   0.3627951741218567,
   0.36567941308021545,
   0.36965399980545044,
   0.3646971881389618,
   0.36832183599472046,
   0.3949842154979706,
   0.4012015461921692,
   0.39431238174438477,
   0.39025211334228516,
   0.41454896330833435,
   0.4079362750053406,
   0.44503840804100037,
   0.44355034828186035,
   0.43351927399635315,
   0.40262454748153687,
   0.44491830468177795,
   0.4200437068939209
  ]
 },
 "top_units_by_amp_modulation_max": [
  {
   "unit": 1201,
   "max_amp_mod": 6.693417072296143,
   "argmax_sublayer": 5
  },
  {
   "unit": 794,
   "max_amp_mod": 6.675008773803711,
   "argmax_sublayer": 1
  },
  {
   "unit": 1260,
   "max_amp_mod": 5.908822536468506,
   "argmax_sublayer": 0
  },
  {
   "unit": 312,
   "max_amp_mod": 5.572158336639404,
   "argmax_sublayer": 61
  },
  {
   "unit": 1116,