{
 "position": 2,
 "sequence_aa": "I",
 "substrate_file": "/home/dbrayjr5/esm2-osc/esm2_substrate_facebook_esm2_t33_650M_UR50D/substrate.npz",
 "n_sublayers": 62,
 "n_units": 1280,
 "validity_floor": {
  "quantile": 0.1,
  "absolute_value": 2.7328476905822754,
  "n_valid_cells": 71424,
  "n_total_cells": 79360,
  "fraction_valid": 0.9
 },
 "depth_profiles": {
  "amp_modulation_mean": [
   1.199489712715149,
   1.2298673391342163,
   1.2273099422454834,
   1.2268410921096802,
   1.223987102508545,
   1.2205603122711182,
   1.2192494869232178,
   1.2169705629348755,
   1.220627784729004,
   1.2155414819717407,
   1.2216507196426392,
   1.2259635925292969,
   1.2284116744995117,
   1.2240363359451294,
   1.248098611831665,
   1.2542239427566528,
   1.2172588109970093,
   1.2317103147506714,
   1.2288175821304321,
   1.2583649158477783,
   1.2834186553955078,
   1.2935428619384766,
   1.3487780094146729,
   1.4105265140533447,
   1.3145259618759155,
   1.3336691856384277,
   1.2642532587051392,
   1.1758337020874023,
   1.1870383024215698,
   1.1524873971939087,
   1.1939897537231445,
   1.185937523841858,
   1.1876351833343506,
   1.1670682430267334,
   1.1849782466888428,
   1.2854362726211548,
   1.2567611932754517,
   1.1717936992645264,
   1.1374058723449707,
   1.0744478702545166,
   1.1176862716674805,
   1.1181200742721558,
   1.1247471570968628,
   1.1184285879135132,
   1.1515923738479614,
   1.1805002689361572,
   1.1434768438339233,
   1.1524817943572998,
   1.128076195716858,
   1.1207730770111084,
   1.1268781423568726,
   1.1326439380645752,
   1.1249388456344604,
   1.1717541217803955,
   1.133131504058838,
   1.1231671571731567,
   1.145012617111206,
   1.1576998233795166,
   1.1351972818374634,
   1.1569067239761353,
   1.1000617742538452,
   1.135223150253296
  ],
  "amp_modulation_mean_valid_only": [
   1.199489712715149,
   1.2298673391342163,
   1.2273099422454834,
   1.2268410921096802,
   1.223987102508545,
   1.2204968929290771,
   1.2192494869232178,
   1.2122187614440918,
   1.2178432941436768,
   1.2404998540878296,
   1.2475100755691528,
   1.2274268865585327,
   1.2400575876235962,
   1.263908863067627,
   1.248631238937378,
   1.2350119352340698,
   1.212932825088501,
   1.224226474761963,
   1.2538723945617676,
   1.2729679346084595,
   1.2884948253631592,
   1.2952154874801636,
   1.3487780094146729,
   1.4105265140533447,
   1.3145259618759155,
   1.3336691856384277,
   1.2642532587051392,
   1.1758337020874023,
   1.1870383024215698,
   1.1524873971939087,
   1.1939897537231445,
   1.185937523841858,
   1.1876351833343506,
   1.1670682430267334,
   1.1849782466888428,
   1.2854362726211548,
   1.2567611932754517,
   1.1717936992645264,
   1.1374058723449707,
   1.0744478702545166,
   1.1176862716674805,
   1.1181200742721558,
   1.1247471570968628,
   1.1184285879135132,
   1.1515923738479614,
   1.1805002689361572,
   1.1434768438339233,
   1.1524817943572998,
   1.128076195716858,
   1.1207730770111084,
   1.1268781423568726,
   1.1326439380645752,
   1.1249388456344604,
   1.1717541217803955,
   1.133131504058838,
   1.1231671571731567,
   1.145012617111206,
   1.1576998233795166,
   1.1351972818374634,
   1.1569067239761353,
   1.1000617742538452,
   1.135223150253296
  ],
  "phase_consistency_across_units": [
   0.013550841249525547,
   0.016326110810041428,
   0.021001864224672318,
   0.022843630984425545,
   0.020737657323479652,
   0.034009285271167755,
   0.0285108033567667,
   0.040788158774375916,
   0.03369085118174553,
   0.038121599704027176,
   0.03191710263490677,
   0.039975423365831375,
   0.046817000955343246,
   0.052002377808094025,
   0.042417824268341064,
   0.024184048175811768,
   0.041501447558403015,
   0.03446975350379944,
   0.04199373722076416,
   0.02617984265089035,
   0.03702646866440773,
   0.045746710151433945,
   0.026897508651018143,
   0.02513905242085457,
   0.022295132279396057,
   0.023114018142223358,
   0.03476448729634285,
   0.03763307258486748,
   0.042109739035367966,
   0.03471185266971588,
   0.02238483726978302,
   0.03670565038919449,
   0.029069971293210983,
   0.03214374929666519,
   0.020702963694930077,
   0.019495120272040367,
   0.01467366423457861,
   0.021931108087301254,
   0.019999943673610687,
   0.021772688254714012,
   0.015605651773512363,
   0.02568737044930458,
   0.021802188828587532,
   0.03389055281877518,
   0.018719395622611046,
   0.006637440994381905,
   0.01726309023797512,
   0.019491350278258324,
   0.018775835633277893,
   0.016606375575065613,
   0.016127564013004303,
   0.022189391776919365,
   0.0031239057425409555,
   0.002453869441524148,
   0.02037159353494644,
   0.02112405188381672,
   0.021806232631206512,
   0.024221889674663544,
   0.015839923173189163,
   0.013569933362305164,
   0.008037760853767395,
   0.014754891395568848
  ],
  "freq_mean": [
   0.17472133040428162,
   0.043606631457805634,
   0.15910866856575012,
   0.0548662431538105,
   0.11878900229930878,
   0.07009561359882355,
   0.12456170469522476,
   0.04719019681215286,
   0.11389994621276855,
   0.06593185663223267,
   0.1472863107919693,
   0.08431638032197952,
   0.11181344836950302,
   0.0829315036535263,
   0.19064220786094666,
   0.09261969476938248,
   0.14084939658641815,
   0.09097103029489517,
   0.1779080331325531,
   0.12797483801841736,
   0.19561803340911865,
   0.09422119706869125,
   0.2955534756183624,
   0.20949311554431915,
   0.2257838249206543,
   0.2425948828458786,
   0.16275866329669952,
   0.14404098689556122,
   0.15898069739341736,
   0.12984450161457062,
   0.2211512327194214,
   0.17404857277870178,
   0.19243578612804413,
   0.13933947682380676,
   0.21933522820472717,
   0.284109503030777,
   0.19786420464515686,
   0.20181231200695038,
   0.1723162680864334,
   0.14303085207939148,
   0.19967499375343323,
   0.19187788665294647,
   0.2048986703157425,
   0.1895810216665268,
   0.25899720191955566,
   0.19289812445640564,
   0.1952630877494812,
   0.22098851203918457,
   0.21403224766254425,
   0.18311695754528046,
   0.2302490770816803,
   0.15780749917030334,
   0.25154420733451843,
   0.22679395973682404,
   0.2223411500453949,
   0.19196894764900208,
   0.27946552634239197,
   0.174590602517128,
   0.3465348184108734,
   0.17054100334644318,
   0.4543653428554535
  ],
  "freq_deviation_abs_mean": [
   0.3201160132884979,
   0.20538762211799622,
   0.23231425881385803,
   0.23463323712348938,
   0.2176264226436615,
   0.19761785864830017,
   0.1944127082824707,
   0.2171970158815384,
   0.21494713425636292,
   0.24516256153583527,
   0.22671258449554443,
   0.24798241257667542,
   0.24672405421733856,
   0.2800750136375427,
   0.2932785153388977,
   0.3231160044670105,
   0.2692306637763977,
   0.2989140450954437,
   0.32043397426605225,
   0.35512059926986694,
   0.3151797354221344,
   0.37214526534080505,
   0.3524826467037201,
   0.3800264298915863,
   0.36782407760620117,
   0.367983877658844,
   0.3288609981536865,
   0.31793150305747986,
   0.31896495819091797,
   0.3529585003852844,
   0.3617112338542938,
   0.3502189815044403,
   0.3190014958381653,
   0.38198062777519226,
   0.3820172846317291,
   0.37043699622154236,
   0.3679521679878235,
   0.34736719727516174,
   0.3370252549648285,
   0.3628079295158386,
   0.35166192054748535,
   0.35133233666419983,
   0.333845853805542,
   0.37217721343040466,
   0.3702102601528168,
   0.3474176526069641,
   0.35206055641174316,
   0.3690919280052185,
   0.3646627962589264,
   0.3728456497192383,
   0.37928661704063416,
   0.4224843978881836,
   0.37921932339668274,
   0.3693898320198059,
   0.36446595191955566,
   0.39819109439849854,
   0.3830417990684509,
   0.3804154098033905,
   0.3534764349460602,
   0.4387125074863434,
   0.4273839592933655
  ],