{
 "position": 1,
 "sequence_aa": "Q",
 "substrate_file": "/Users/djbray/Desktop/esm2/esm2_substrate_facebook_esm2_t33_650M_UR50D/substrate.npz",
 "n_sublayers": 62,
 "n_units": 1280,
 "depth_profiles": {
  "amp_mean": [
   10.351730346679688,
   5.548769474029541,
   5.702498435974121,
   4.389276027679443,
   4.478034973144531,
   3.805306911468506,
   3.885127305984497,
   3.4606146812438965,
   3.5357565879821777,
   3.247776746749878,
   3.3102097511291504,
   3.1152215003967285,
   3.2068138122558594,
   3.0764801502227783,
   3.2401974201202393,
   3.153355598449707,
   3.2257609367370605,
   3.1812095642089844,
   3.4034504890441895,
   3.4022133350372314,
   3.6366963386535645,
   3.663438320159912,
   4.102499485015869,
   4.29692268371582,
   4.021018028259277,
   4.127194404602051,
   4.032258033752441,
   3.925793409347534,
   3.9494640827178955,
   3.9271092414855957,
   4.206199645996094,
   4.326610565185547,
   4.193681240081787,
   4.2390031814575195,
   4.476677894592285,
   4.681446075439453,
   4.64406156539917,
   4.646500110626221,
   4.6785101890563965,
   4.650865077972412,
   4.637120246887207,
   4.676151275634766,
   4.688035488128662,
   4.8505988121032715,
   5.039294242858887,
   5.130502223968506,
   5.079608917236328,
   5.1732988357543945,
   5.334473609924316,
   5.427279949188232,
   5.7242560386657715,
   5.647613525390625,
   5.655280113220215,
   5.732649326324463,
   6.073631763458252,
   6.374590873718262,
   6.738368034362793,
   7.564478874206543,
   7.8074188232421875,
   8.182092666625977,
   8.708802223205566,
   12.14521598815918
  ],
  "amp_modulation_mean": [
   1.1992161273956299,
   1.1668806076049805,
   1.1768511533737183,
   1.144288420677185,
   1.1591784954071045,
   1.1371359825134277,
   1.1476829051971436,
   1.1319949626922607,
   1.1481202840805054,
   1.131029486656189,
   1.1293920278549194,
   1.1178632974624634,
   1.1297177076339722,
   1.1198976039886475,
   1.1413837671279907,
   1.143052339553833,
   1.122004747390747,
   1.1281535625457764,
   1.1328768730163574,
   1.1521294116973877,
   1.1858497858047485,
   1.1884429454803467,
   1.2532951831817627,
   1.2984340190887451,
   1.184094786643982,
   1.180956244468689,
   1.1370103359222412,
   1.06073796749115,
   1.069696307182312,
   1.0395641326904297,
   1.0858961343765259,
   1.0742199420928955,
   1.0505136251449585,
   1.0240733623504639,
   1.0850740671157837,
   1.1168463230133057,
   1.0852506160736084,
   1.0536630153656006,
   1.0475804805755615,
   1.0322999954223633,
   1.0241628885269165,
   1.0194724798202515,
   1.0056097507476807,
   1.0209996700286865,
   1.049340844154358,
   1.0663408041000366,
   1.0411531925201416,
   1.060204029083252,
   1.074298620223999,
   1.092099666595459,
   1.1168115139007568,
   1.0987838506698608,
   1.0722289085388184,
   1.0783292055130005,
   1.1044403314590454,
   1.134671688079834,
   1.1570093631744385,
   1.2368391752243042,
   1.2156753540039062,
   1.1864742040634155,
   1.1810557842254639,
   1.1836799383163452
  ],
  "phase_consistency_across_units": [
   0.009267862886190414,
   0.0036429977044463158,
   0.00808311253786087,
   0.012940727174282074,
   0.01397696789354086,
   0.03512315824627876,
   0.0223221592605114,
   0.036496710032224655,
   0.028961943462491035,
   0.025118935853242874,
   0.02124062366783619,
   0.018847128376364708,
   0.026128029450774193,
   0.03209371119737625,
   0.030425112694501877,
   0.022590957581996918,
   0.03357002139091492,
   0.019694169983267784,
   0.03532183915376663,
   0.02765272930264473,
   0.03446876257658005,
   0.03078572265803814,
   0.026904428377747536,
   0.02613591030240059,
   0.028429802507162094,
   0.03151876851916313,
   0.03336092084646225,
   0.02519184909760952,
   0.02697722427546978,
   0.03184058517217636,
   0.01998884603381157,
   0.01856105402112007,
   0.017907099798321724,
   0.022242490202188492,
   0.01437340211123228,
   0.012002803385257721,
   0.01951299048960209,
   0.012369328178465366,
   0.01960543543100357,
   0.019306018948554993,
   0.010910055600106716,
   0.012875516898930073,
   0.002779623493552208,
   0.01214628852903843,
   0.02156047150492668,
   0.011540316045284271,
   0.011071600019931793,
   0.009157405234873295,
   0.008601589128375053,
   0.003130565630272031,
   0.00732626486569643,
   0.01602572202682495,
   0.015226556919515133,
   0.0012806379236280918,
   0.00874535646289587,
   0.01358693465590477,
   0.008707389235496521,
   0.011209259741008282,
   0.009913438931107521,
   0.009650280699133873,
   0.014684262685477734,
   0.007385358680039644
  ],
  "freq_mean": [
   0.16809597611427307,
   0.03148157149553299,
   0.14371240139007568,
   0.05249980092048645,
   0.12400992214679718,
   0.04863368719816208,
   0.11696640402078629,
   0.058386724442243576,
   0.13518191874027252,
   0.06395360082387924,
   0.12389345467090607,
   0.055567044764757156,
   0.12317600101232529,
   0.07793893665075302,
   0.1812877506017685,
   0.10558988898992538,
   0.13789816200733185,
   0.10318348556756973,
   0.1879807412624359,
   0.11044440418481827,
   0.191841259598732,
   0.11152426898479462,
   0.32181641459465027,
   0.21870157122612,
   0.1851639300584793,
   0.2241223305463791,
   0.1585504114627838,
   0.15462017059326172,
   0.1553574651479721,
   0.18294227123260498,
   0.24523647129535675,
   0.18493108451366425,
   0.16976398229599,
   0.16289818286895752,
   0.25094884634017944,
   0.22991231083869934,
   0.2396956980228424,
   0.1873260736465454,
   0.20824599266052246,
   0.19708776473999023,
   0.21286293864250183,
   0.19195771217346191,
   0.20471635460853577,
   0.21187441051006317,
   0.2375120222568512,
   0.17822334170341492,
   0.1758051961660385,
   0.23041653633117676,
   0.21188071370124817,
   0.23251840472221375,
   0.27109014987945557,
   0.19761928915977478,
   0.22467109560966492,
   0.17940160632133484,
   0.2859977185726166,
   0.22530552744865417,
   0.3509111702442169,
   0.29492083191871643,
   0.33656492829322815,
   0.19935068488121033,
   0.5310017466545105
  ],
  "freq_deviation_abs_mean": [
   0.33890730142593384,
   0.21753354370594025,
   0.26181870698928833,
   0.2499486654996872,
   0.23559577763080597,
   0.21991018950939178,
   0.22057566046714783,
   0.2299104630947113,
   0.22603769600391388,
   0.25313204526901245,
   0.23589511215686798,
   0.25291338562965393,
   0.2262497842311859,
   0.2647433578968048,
   0.3019105792045593,
   0.31588539481163025,
   0.2808939218521118,
   0.3084454834461212,
   0.327119916677475,
   0.35373392701148987,
   0.33488401770591736,
   0.389543354511261,
   0.36170873045921326,
   0.3960631489753723,
   0.3861490488052368,
   0.3670031428337097,
   0.3372887969017029,
   0.3339328467845917,
   0.3226238787174225,
   0.3484560549259186,
   0.3715546131134033,
   0.3458169102668762,
   0.33482658863067627,
   0.34112638235092163,
   0.35241007804870605,
   0.3700751066207886,
   0.3477352559566498,
   0.3768773674964905,
   0.35726457834243774,
   0.35788440704345703,
   0.3627629280090332,
   0.36591243743896484,
   0.3690545856952667,
   0.37122783064842224,
   0.33817464113235474,
   0.3314077854156494,
   0.342190682888031,
   0.37474650144577026,
   0.4001544117927551,
   0.39607518911361694,
   0.37746357917785645,
   0.4053223729133606,
   0.3968835175037384,
   0.4391208589076996,
   0.42404860258102417,
   0.46844449639320374,
   0.4488179087638855,
   0.4623938500881195,
   0.392327219247818,
   0.4419863820075989,
   0.4260810911655426
  ]
 },
 "top_units_by_amp_modulation_max": [
  {
   "unit": 395,
   "max_amp_mod": 4.63036584854126,
   "argmax_sublayer": 22
  },
  {
   "unit": 1153,
   "max_amp_mod": 4.555226802825928,
   "argmax_sublayer": 0
  },
  {
   "unit": 537,
   "max_amp_mod": 4.279438018798828,
   "argmax_sublayer": 16
  },
  {
   "unit": 870,
   "max_amp_mod": 4.244647979736328,
   "argmax_sublayer": 0
  },
  {
   "unit": 1226,
   "max_amp_mod": 4.153501033782959,