{
 "position": 36,
 "sequence_aa": "P",
 "substrate_file": "/Users/djbray/Desktop/esm2/esm2_substrate_facebook_esm2_t33_650M_UR50D/substrate.npz",
 "n_sublayers": 62,
 "n_units": 1280,
 "depth_profiles": {
  "amp_mean": [
   9.998211860656738,
   5.358815670013428,
   5.477316379547119,
   4.22605037689209,
   4.289669990539551,
   3.664677858352661,
   3.734510898590088,
   3.3497612476348877,
   3.3778724670410156,
   3.1170494556427,
   3.1910574436187744,
   2.9889023303985596,
   3.1029465198516846,
   2.9582226276397705,
   3.1463160514831543,
   2.9892828464508057,
   3.0873465538024902,
   3.005192995071411,
   3.252777099609375,
   3.1919894218444824,
   3.3401412963867188,
   3.2673962116241455,
   3.5751259326934814,
   3.666649580001831,
   3.753999710083008,
   3.752995729446411,
   3.919994354248047,
   4.113428592681885,
   4.041400909423828,
   4.1039228439331055,
   3.9278488159179688,
   4.040317535400391,
   4.034529209136963,
   4.127131462097168,
   4.096957206726074,
   4.295961856842041,
   4.258070945739746,
   4.220345497131348,
   4.418368339538574,
   4.442976951599121,
   4.433833599090576,
   4.517125606536865,
   4.744764804840088,
   5.043732643127441,
   5.222897529602051,
   5.3629302978515625,
   5.342918872833252,
   5.146604537963867,
   5.321131229400635,
   5.3183417320251465,
   5.590657711029053,
   5.755461692810059,
   6.185392379760742,
   6.641732692718506,
   6.519905090332031,
   6.512245178222656,
   6.787268161773682,
   7.0906877517700195,
   7.399839878082275,
   8.016042709350586,
   8.44357967376709,
   11.747568130493164
  ],
  "amp_modulation_mean": [
   1.1547590494155884,
   1.1211340427398682,
   1.1268346309661865,
   1.0950244665145874,
   1.1049200296401978,
   1.0904748439788818,
   1.0972421169281006,
   1.0895633697509766,
   1.089937448501587,
   1.0758073329925537,
   1.0792710781097412,
   1.0618863105773926,
   1.0826362371444702,
   1.0656135082244873,
   1.0970906019210815,
   1.0746915340423584,
   1.0654513835906982,
   1.058029055595398,
   1.0734331607818604,
   1.0707921981811523,
   1.081427812576294,
   1.0501244068145752,
   1.0812385082244873,
   1.096191167831421,
   1.0965567827224731,
   1.0619313716888428,
   1.095780372619629,
   1.1034425497055054,
   1.0855133533477783,
   1.0790139436721802,
   1.007423758506775,
   0.9974257349967957,
   1.0045320987701416,
   0.9927316904067993,
   0.9856685400009155,
   1.0189129114151,
   0.9897623062133789,
   0.9522184133529663,
   0.9855359196662903,
   0.9829467535018921,
   0.9769314527511597,
   0.9822389483451843,
   1.0160191059112549,
   1.0622344017028809,
   1.0869324207305908,
   1.1121597290039062,
   1.0924450159072876,
   1.0509923696517944,
   1.0683454275131226,
   1.0666515827178955,
   1.0878856182098389,
   1.1181129217147827,
   1.171051263809204,
   1.249199628829956,
   1.1855640411376953,
   1.1564887762069702,
   1.1619150638580322,
   1.1570932865142822,
   1.1500577926635742,
   1.1631656885147095,
   1.1424877643585205,
   1.1406301259994507
  ],
  "phase_consistency_across_units": [
   0.011204296723008156,
   0.01387297548353672,
   0.007849431596696377,
   0.022070692852139473,
   0.0034202851820737123,
   0.024881014600396156,
   0.0066798678599298,
   0.03155430778861046,
   0.025783374905586243,
   0.025236358866095543,
   0.018695248290896416,
   0.02352927252650261,
   0.024227049201726913,
   0.025791944935917854,
   0.03377768397331238,
   0.03122611530125141,
   0.03279496729373932,
   0.020161697641015053,
   0.021905262023210526,
   0.013719826936721802,
   0.015729742124676704,
   0.02362941764295101,
   0.018382713198661804,
   0.015370283275842667,
   0.015405572019517422,
   0.02324916236102581,
   0.03304903581738472,
   0.027824319899082184,
   0.019955405965447426,
   0.013407466001808643,
   0.012887051329016685,
   0.012578202411532402,
   0.016548950225114822,
   0.013527421280741692,
   0.024126406759023666,
   0.024632103741168976,
   0.02784988097846508,
   0.025805441662669182,
   0.03247964009642601,
   0.02666722983121872,
   0.021600455045700073,
   0.01759106107056141,
   0.004008487332612276,
   0.011690201237797737,
   0.016206687316298485,
   0.012843537144362926,
   0.011321283876895905,
   0.0045793927274644375,
   0.007188799791038036,
   0.012111637741327286,
   0.017220819368958473,
   0.02667946182191372,
   0.023906180635094643,
   0.021327652037143707,
   0.013327190652489662,
   0.016369566321372986,
   0.013562720268964767,
   0.013020538724958897,
   0.018853235989809036,
   0.009953783825039864,
   0.022794798016548157,
   0.014926372095942497
  ],
  "freq_mean": [
   0.20819178223609924,
   0.011934886686503887,
   0.17452529072761536,
   0.06133371591567993,
   0.1462486982345581,
   0.08886513113975525,
   0.15162619948387146,
   0.06809458136558533,
   0.12238733470439911,
   0.07824839651584625,
   0.11907124519348145,
   0.08684360980987549,
   0.13407519459724426,
   0.09642626345157623,
   0.1981532722711563,
   0.09577732533216476,
   0.1488998830318451,
   0.13634102046489716,
   0.20280218124389648,
   0.14253558218479156,
   0.17741689085960388,
   0.09517132490873337,
   0.26538971066474915,
   0.1472315788269043,
   0.20793886482715607,
   0.0989072322845459,
   0.26745814085006714,
   0.20908275246620178,
   0.23538418114185333,
   0.18240761756896973,
   0.20377936959266663,
   0.18628889322280884,
   0.2143050730228424,
   0.17647698521614075,
   0.18990223109722137,
   0.2476532906293869,
   0.1473829448223114,
   0.19060872495174408,
   0.20973749458789825,
   0.19203490018844604,
   0.1748872995376587,
   0.1880388855934143,
   0.2320249080657959,
   0.2666594088077545,
   0.24481499195098877,
   0.2708898186683655,
   0.20874205231666565,
   0.19320301711559296,
   0.2269565612077713,
   0.19483217597007751,
   0.2440057247877121,
   0.20688846707344055,
   0.32795387506484985,
   0.28297823667526245,
   0.25074177980422974,
   0.2139243632555008,
   0.29729098081588745,
   0.23804140090942383,
   0.3527480661869049,
   0.18596410751342773,
   0.5165382623672485
  ],
  "freq_deviation_abs_mean": [
   0.3738826811313629,
   0.25285202264785767,
   0.27845174074172974,
   0.2785746455192566,
   0.2681940197944641,
   0.26244592666625977,
   0.27571025490760803,
   0.2664274573326111,
   0.2281413972377777,
   0.246341735124588,
   0.2433626651763916,
   0.25793394446372986,
   0.25594499707221985,
   0.32029351592063904,
   0.3289056122303009,
   0.34123125672340393,
   0.30183690786361694,
   0.3465757369995117,
   0.36120837926864624,
   0.3881993293762207,
   0.3511238098144531,
   0.3820444941520691,
   0.3500961363315582,
   0.39530014991760254,
   0.3419990539550781,
   0.37096256017684937,
   0.34978243708610535,
   0.38345763087272644,
   0.3683246970176697,
   0.37615489959716797,
   0.342671275138855,
   0.35102778673171997,
   0.36298203468322754,
   0.345437228679657,
   0.36705198884010315,
   0.36069971323013306,
   0.3516349494457245,
   0.3607352375984192,
   0.37799373269081116,
   0.3673887252807617,
   0.34550195932388306,
   0.378689706325531,
   0.4125365614891052,
   0.4116063117980957,
   0.41283172369003296,
   0.3859483599662781,
   0.371584415435791,
   0.38422107696533203,
   0.3601733148097992,
   0.3981103003025055,
   0.3988970220088959,
   0.4341956675052643,
   0.4302600026130676,
   0.4403608441352844,
   0.39700621366500854,
   0.4124973714351654,
   0.404651015996933,
   0.44650858640670776,
   0.409869521856308,
   0.47169914841651917,
   0.4710875451564789
  ]
 },
 "top_units_by_amp_modulation_max": [
  {
   "unit": 451,
   "max_amp_mod": 5.277677059173584,
   "argmax_sublayer": 0
  },
  {
   "unit": 1271,
   "max_amp_mod": 4.675106048583984,
   "argmax_sublayer": 0
  },
  {
   "unit": 738,
   "max_amp_mod": 4.6585187911987305,
   "argmax_sublayer": 2
  },
  {
   "unit": 130,
   "max_amp_mod": 4.41714334487915,
   "argmax_sublayer": 4
  },
  {
   "unit": 161,
   "max_amp_mod": 4.303369522094727,