{
 "position": 37,
 "sequence_aa": "P",
 "substrate_file": "/Users/djbray/Desktop/esm2/esm2_substrate_facebook_esm2_t33_650M_UR50D/substrate.npz",
 "n_sublayers": 62,
 "n_units": 1280,
 "depth_profiles": {
  "amp_mean": [
   10.34948444366455,
   5.56708288192749,
   5.725100040435791,
   4.407144546508789,
   4.481269359588623,
   3.8234570026397705,
   3.894113540649414,
   3.4760031700134277,
   3.523468017578125,
   3.255174160003662,
   3.31807017326355,
   3.1259734630584717,
   3.2213006019592285,
   3.072165012359619,
   3.2779488563537598,
   3.1630825996398926,
   3.2570552825927734,
   3.1729612350463867,
   3.3953728675842285,
   3.318819522857666,
   3.479464292526245,
   3.4133903980255127,
   3.791141986846924,
   3.9006099700927734,
   3.911489963531494,
   3.9542794227600098,
   4.142776966094971,
   4.342571258544922,
   4.257631778717041,
   4.216597080230713,
   4.118020057678223,
   4.178859710693359,
   4.166104316711426,
   4.181571960449219,
   4.226219177246094,
   4.322711944580078,
   4.3311991691589355,
   4.371128082275391,
   4.620575904846191,
   4.6821393966674805,
   4.6100172996521,
   4.760621070861816,
   4.972947597503662,
   5.1487226486206055,
   5.378855228424072,
   5.787974834442139,
   5.542281627655029,
   5.513171195983887,
   5.722235679626465,
   5.64616060256958,
   5.9615278244018555,
   6.1331071853637695,
   6.338223934173584,
   6.479124546051025,
   6.456171989440918,
   6.6502275466918945,
   7.032827854156494,
   7.40240478515625,
   7.4338884353637695,
   8.176197052001953,
   8.885844230651855,
   12.136265754699707
  ],
  "amp_modulation_mean": [
   1.1976665258407593,
   1.1697120666503906,
   1.1818174123764038,
   1.147003412246704,
   1.1578054428100586,
   1.1399917602539062,
   1.1477731466293335,
   1.1341078281402588,
   1.141467809677124,
   1.129015564918518,
   1.1279172897338867,
   1.11624014377594,
   1.1284242868423462,
   1.1113144159317017,
   1.1485087871551514,
   1.141282081604004,
   1.128879427909851,
   1.1216884851455688,
   1.1253362894058228,
   1.117387056350708,
   1.1292685270309448,
   1.100303053855896,
   1.1511337757110596,
   1.1721906661987305,
   1.1473784446716309,
   1.1247963905334473,
   1.163866639137268,
   1.1705782413482666,
   1.149417519569397,
   1.111786127090454,
   1.0600547790527344,
   1.0343661308288574,
   1.0401222705841064,
   1.0072650909423828,
   1.0190329551696777,
   1.0262024402618408,
   1.0079214572906494,
   0.98820561170578,
   1.0330522060394287,
   1.0380631685256958,
   1.0166316032409668,
   1.0364831686019897,
   1.0655553340911865,
   1.084248423576355,
   1.1218011379241943,
   1.2058446407318115,
   1.1362322568893433,
   1.1301227807998657,
   1.153111219406128,
   1.136663794517517,
   1.163784384727478,
   1.194726824760437,
   1.2024354934692383,
   1.220616102218628,
   1.1772323846817017,
   1.1871216297149658,
   1.2062238454818726,
   1.209541916847229,
   1.1567230224609375,
   1.18904447555542,
   1.2065377235412598,
   1.1802561283111572
  ],
  "phase_consistency_across_units": [
   0.013762207701802254,
   0.014214498922228813,
   0.015623009763658047,
   0.02322695031762123,
   0.024983244016766548,
   0.024582700803875923,
   0.02757030725479126,
   0.03696148097515106,
   0.03736094757914543,
   0.02568083070218563,
   0.022482987493276596,
   0.021499929949641228,
   0.02775210700929165,
   0.027645671740174294,
   0.030362403020262718,
   0.010632057674229145,
   0.020551428198814392,
   0.018859701231122017,
   0.027643099427223206,
   0.021922435611486435,
   0.014572447165846825,
   0.03161141648888588,
   0.029302848502993584,
   0.03306972235441208,
   0.03409824147820473,
   0.02378573641180992,
   0.02264632098376751,
   0.02217593789100647,
   0.024719826877117157,
   0.01610668934881687,
   0.016028178855776787,
   0.017528193071484566,
   0.015552296303212643,
   0.016457926481962204,
   0.020980916917324066,
   0.018610244616866112,
   0.021711239591240883,
   0.013538098894059658,
   0.013630046509206295,
   0.013151240535080433,
   0.005334482993930578,
   0.0098233288154006,
   0.006146964151412249,
   0.0027286624535918236,
   0.01309235766530037,
   0.012803933583199978,
   0.014367484487593174,
   0.009675643406808376,
   0.004216269124299288,
   0.011045585386455059,
   0.006657533813267946,
   0.006570616737008095,
   0.01802048273384571,
   0.0036719234194606543,
   0.003345842706039548,
   0.011337747797369957,
   0.010091147385537624,
   0.01091318391263485,
   0.00874748732894659,
   0.0022685937583446503,
   0.016507619991898537,
   0.01162845827639103
  ],
  "freq_mean": [
   0.1913163810968399,
   0.020627165213227272,
   0.17436063289642334,
   0.020850803703069687,
   0.13499382138252258,
   0.0576648935675621,
   0.13616031408309937,
   0.04697547107934952,
   0.12641863524913788,
   0.06390364468097687,
   0.11761049181222916,
   0.05736459419131279,
   0.10234825313091278,
   0.10506133735179901,
   0.20387224853038788,
   0.10148607194423676,
   0.14923855662345886,
   0.089419886469841,
   0.19721058011054993,
   0.15742239356040955,
   0.1962060183286667,
   0.08171293139457703,
   0.30979934334754944,
   0.17131784558296204,
   0.20822446048259735,
   0.1681428998708725,
   0.24597254395484924,
   0.2283410131931305,
   0.24018597602844238,
   0.20779366791248322,
   0.20237278938293457,
   0.21151109039783478,
   0.1746225655078888,
   0.15869511663913727,
   0.19468827545642853,
   0.1703471839427948,
   0.18009456992149353,
   0.1851615458726883,
   0.25869137048721313,
   0.19089016318321228,
   0.17970889806747437,
   0.19805654883384705,
   0.22880974411964417,
   0.21185410022735596,
   0.2883346378803253,
   0.2986292243003845,
   0.17211899161338806,
   0.21866612136363983,
   0.2282753884792328,
   0.22509172558784485,
   0.2561980187892914,
   0.23689356446266174,
   0.2746799886226654,
   0.22147516906261444,
   0.23715993762016296,
   0.23432031273841858,
   0.3283897042274475,
   0.22080545127391815,
   0.3279946446418762,
   0.2586323618888855,
   0.5334310531616211
  ],
  "freq_deviation_abs_mean": [
   0.33313190937042236,
   0.2116454392671585,
   0.24785542488098145,
   0.254304975271225,
   0.2290763407945633,
   0.23118610680103302,
   0.22114673256874084,
   0.22913451492786407,
   0.21822413802146912,
   0.24461543560028076,
   0.2456285059452057,
   0.26766863465309143,
   0.24721908569335938,
   0.29607346653938293,
   0.3196428120136261,
   0.3167450428009033,
   0.26121917366981506,
   0.31647124886512756,
   0.3376748561859131,
   0.3770616948604584,
   0.3526732325553894,
   0.39285993576049805,
   0.3643062710762024,
   0.4039035439491272,
   0.32237744331359863,
   0.3507716953754425,
   0.3832341134548187,
   0.3876555860042572,
   0.370441734790802,
   0.37274104356765747,
   0.3424674868583679,
   0.34277015924453735,
   0.34805965423583984,
   0.339904248714447,
   0.3394641876220703,
   0.3603856563568115,
   0.33217206597328186,
   0.3971942067146301,
   0.3865000307559967,
   0.3677402436733246,
   0.3393363952636719,
   0.34322744607925415,
   0.3530768156051636,
   0.38107162714004517,
   0.4184291958808899,
   0.41878247261047363,
   0.39022955298423767,
   0.383903831243515,
   0.3702005445957184,
   0.4054616391658783,
   0.42373305559158325,
   0.40866488218307495,
   0.4020543098449707,
   0.4096999168395996,
   0.39166003465652466,
   0.41368207335472107,
   0.41128024458885193,
   0.45265722274780273,
   0.433939129114151,
   0.45158377289772034,
   0.4282863736152649
  ]
 },
 "top_units_by_amp_modulation_max": [
  {
   "unit": 518,
   "max_amp_mod": 4.7195587158203125,
   "argmax_sublayer": 0
  },
  {
   "unit": 1116,
   "max_amp_mod": 4.70736837387085,
   "argmax_sublayer": 0
  },
  {
   "unit": 80,
   "max_amp_mod": 4.638442039489746,
   "argmax_sublayer": 51
  },
  {
   "unit": 586,
   "max_amp_mod": 4.546454429626465,
   "argmax_sublayer": 0
  },
  {
   "unit": 867,
   "max_amp_mod": 4.449316024780273,