{
 "position": 30,
 "sequence_aa": "Q",
 "substrate_file": "/home/dbrayjr5/esm2-osc/esm2_substrate_facebook_esm2_t33_650M_UR50D/substrate.npz",
 "n_sublayers": 62,
 "n_units": 1280,
 "validity_floor": {
  "quantile": 0.1,
  "absolute_value": 2.7328476905822754,
  "n_valid_cells": 71424,
  "n_total_cells": 79360,
  "fraction_valid": 0.9
 },
 "depth_profiles": {
  "amp_modulation_mean": [
   1.271247386932373,
   1.2375692129135132,
   1.2466840744018555,
   1.2169272899627686,
   1.234342336654663,
   1.207874059677124,
   1.214599370956421,
   1.199326992034912,
   1.208257794380188,
   1.192347764968872,
   1.2049446105957031,
   1.1977869272232056,
   1.228034257888794,
   1.2248204946517944,
   1.2761898040771484,
   1.2788193225860596,
   1.363473653793335,
   1.4700390100479126,
   1.3290565013885498,
   1.2659780979156494,
   1.2387151718139648,
   1.1818958520889282,
   1.1943657398223877,
   1.17842698097229,
   1.1225999593734741,
   1.0774787664413452,
   1.0948539972305298,
   1.0932929515838623,
   1.0554462671279907,
   1.0357083082199097,
   1.070529580116272,
   1.0838592052459717,
   1.0296690464019775,
   1.0063526630401611,
   1.0045521259307861,
   1.0219987630844116,
   1.0348466634750366,
   1.029773473739624,
   1.0713536739349365,
   1.1249539852142334,
   1.0975004434585571,
   1.071164846420288,
   1.0527516603469849,
   1.0347988605499268,
   1.0381485223770142,
   1.0440737009048462,
   1.05063796043396,
   1.0516787767410278,
   1.0740337371826172,
   1.0410852432250977,
   1.1527875661849976,
   1.2878155708312988,
   1.2491796016693115,
   1.2592204809188843,
   1.252969741821289,
   1.2430200576782227,
   1.2155994176864624,
   1.2573131322860718,
   1.2823784351348877,
   1.2915585041046143,
   1.310555100440979,
   1.2721118927001953
  ],
  "amp_modulation_mean_valid_only": [
   1.271247386932373,
   1.2375692129135132,
   1.2466840744018555,
   1.2169272899627686,
   1.234342336654663,
   1.2067877054214478,
   1.214599370956421,
   1.18149995803833,
   1.1933000087738037,
   1.1852455139160156,
   1.1745227575302124,
   1.1750566959381104,
   1.1881685256958008,
   1.166085958480835,
   1.234512209892273,
   1.2267160415649414,
   1.307615876197815,
   1.4196281433105469,
   1.3228609561920166,
   1.2523155212402344,
   1.2293996810913086,
   1.1789417266845703,
   1.1943657398223877,
   1.17842698097229,
   1.1225999593734741,
   1.0774787664413452,
   1.0948539972305298,
   1.0932929515838623,
   1.0554462671279907,
   1.0357083082199097,
   1.070529580116272,
   1.0838592052459717,
   1.0296690464019775,
   1.0063526630401611,
   1.0045521259307861,
   1.0219987630844116,
   1.0348466634750366,
   1.029773473739624,
   1.0713536739349365,
   1.1249539852142334,
   1.0975004434585571,
   1.071164846420288,
   1.0527516603469849,
   1.0347988605499268,
   1.0381485223770142,
   1.0440737009048462,
   1.05063796043396,
   1.0516787767410278,
   1.0740337371826172,
   1.0410852432250977,
   1.1527875661849976,
   1.2878155708312988,
   1.2491796016693115,
   1.2592204809188843,
   1.252969741821289,
   1.2430200576782227,
   1.2155994176864624,
   1.2573131322860718,
   1.2823784351348877,
   1.2915585041046143,
   1.310555100440979,
   1.2721118927001953
  ],
  "phase_consistency_across_units": [
   0.013258909806609154,
   0.004611684009432793,
   0.0053219483233988285,
   0.0132738733664155,
   0.011735055595636368,
   0.023927927017211914,
   0.019500596448779106,
   0.025527475401759148,
   0.024553710594773293,
   0.026047779247164726,
   0.02621782198548317,
   0.027589330449700356,
   0.032682858407497406,
   0.03259908780455589,
   0.04131824150681496,
   0.019472653046250343,
   0.022151822224259377,
   0.015521320514380932,
   0.019795970991253853,
   0.031516529619693756,
   0.007584447506815195,
   0.028719279915094376,
   0.015943970531225204,
   0.025757048279047012,
   0.026024872437119484,
   0.02589017152786255,
   0.01807185634970665,
   0.013897695578634739,
   0.022600669413805008,
   0.020455513149499893,
   0.01711895503103733,
   0.023221932351589203,
   0.027348265051841736,
   0.03098653443157673,
   0.020841890946030617,
   0.019524184986948967,
   0.016293277963995934,
   0.020083006471395493,
   0.010665850713849068,
   0.013831738382577896,
   0.007450290955603123,
   0.018402766436338425,
   0.015693625435233116,
   0.019643649458885193,
   0.026191020384430885,
   0.028818098828196526,
   0.02033582516014576,
   0.012322226539254189,
   0.014312905259430408,
   0.014830841682851315,
   0.00803216453641653,
   0.014926424250006676,
   0.03761155903339386,
   0.024919157847762108,
   0.029169796034693718,
   0.00907472800463438,
   0.02391623891890049,
   0.013838953338563442,
   0.009749148972332478,
   0.016879474744200706,
   0.021639365702867508,
   0.012857708148658276
  ],
  "freq_mean": [
   0.14867886900901794,
   0.05488092824816704,
   0.14107219874858856,
   0.07305976003408432,
   0.13340981304645538,
   0.051554691046476364,
   0.1335906684398651,
   0.048749856650829315,
   0.12001384794712067,
   0.058578718453645706,
   0.11473731696605682,
   0.0762501209974289,
   0.15534251928329468,
   0.10941847413778305,
   0.18735003471374512,
   0.08950455486774445,
   0.32069092988967896,
   0.30825290083885193,
   0.2374759465456009,
   0.18331065773963928,
   0.20411062240600586,
   0.1352536976337433,
   0.2850373685359955,
   0.13506066799163818,
   0.18545356392860413,
   0.12551888823509216,
   0.22128088772296906,
   0.16910386085510254,
   0.15630117058753967,
   0.13484445214271545,
   0.28150027990341187,
   0.1958431750535965,
   0.16619357466697693,
   0.15491922199726105,
   0.17441868782043457,
   0.17519834637641907,
   0.1893969476222992,
   0.20512017607688904,
   0.26672253012657166,
   0.2622550427913666,
   0.19703571498394012,
   0.18719880282878876,
   0.18550696969032288,
   0.17151065170764923,
   0.20624685287475586,
   0.20279543101787567,
   0.19615846872329712,
   0.20229554176330566,
   0.18676742911338806,
   0.12915556132793427,
   0.3218630254268646,
   0.3110494017601013,
   0.2799140512943268,
   0.254544198513031,
   0.29052335023880005,
   0.19756269454956055,
   0.28958430886268616,
   0.298178493976593,
   0.3422211706638336,
   0.22456996142864227,
   0.5315853953361511
  ],
  "freq_deviation_abs_mean": [
   0.34253039956092834,
   0.2083221971988678,
   0.2595139443874359,
   0.24028894305229187,
   0.23332686722278595,
   0.2293694019317627,
   0.22046108543872833,
   0.22068171203136444,
   0.20041385293006897,
   0.2176513373851776,
   0.22092211246490479,
   0.2522128224372864,
   0.25402337312698364,
   0.3283751904964447,
   0.3167937397956848,
   0.37084129452705383,
   0.4028041958808899,
   0.4794454574584961,
   0.4229830801486969,
   0.43274515867233276,
   0.3979957699775696,
   0.4275239109992981,
   0.37564730644226074,
   0.40466445684432983,
   0.32490384578704834,
   0.3320940136909485,
   0.3468323349952698,
   0.3577732443809509,
   0.32885003089904785,
   0.3648432791233063,
   0.3563652038574219,
   0.3613896369934082,
   0.34499821066856384,
   0.3501335382461548,
   0.3246140480041504,
   0.35939842462539673,
   0.3516387343406677,
   0.3757716119289398,
   0.40884867310523987,
   0.3782510459423065,
   0.3616122305393219,
   0.34638386964797974,
   0.3279707431793213,
   0.3357366621494293,
   0.33779284358024597,
   0.3467511534690857,
   0.3510860800743103,
   0.3809604048728943,
   0.3413708806037903,
   0.42164477705955505,
   0.4243231415748596,
   0.43889036774635315,
   0.4097452163696289,
   0.4028114676475525,
   0.3928290903568268,
   0.4327567517757416,
   0.4325658679008484,
   0.47171497344970703,
   0.4212610125541687,
   0.47113651037216187,
   0.42626747488975525
  ],