{
 "position": 41,
 "sequence_aa": "R",
 "substrate_file": "/home/dbrayjr5/esm2-osc/esm2_substrate_facebook_esm2_t33_650M_UR50D/substrate.npz",
 "n_sublayers": 62,
 "n_units": 1280,
 "validity_floor": {
  "quantile": 0.1,
  "absolute_value": 2.7328476905822754,
  "n_valid_cells": 71424,
  "n_total_cells": 79360,
  "fraction_valid": 0.9
 },
 "depth_profiles": {
  "amp_modulation_mean": [
   1.246958613395691,
   1.2508732080459595,
   1.25093674659729,
   1.2368148565292358,
   1.2452093362808228,
   1.237586259841919,
   1.2318170070648193,
   1.2354543209075928,
   1.2380988597869873,
   1.2373626232147217,
   1.2312648296356201,
   1.2328577041625977,
   1.2382272481918335,
   1.2248857021331787,
   1.256696343421936,
   1.2619779109954834,
   1.244836449623108,
   1.2572282552719116,
   1.2539856433868408,
   1.265626072883606,
   1.2923667430877686,
   1.2834211587905884,
   1.3525450229644775,
   1.3608081340789795,
   1.3176625967025757,
   1.3790242671966553,
   1.3280622959136963,
   1.3501225709915161,
   1.345845341682434,
   1.2817195653915405,
   1.2802045345306396,
   1.1933790445327759,
   1.2419846057891846,
   1.172173261642456,
   1.140629529953003,
   1.1720139980316162,
   1.1048921346664429,
   1.062864899635315,
   1.0709495544433594,
   1.0899221897125244,
   1.101572036743164,
   1.1086429357528687,
   1.090858817100525,
   1.0882049798965454,
   1.1188584566116333,
   1.1139589548110962,
   1.1121718883514404,
   1.1274785995483398,
   1.1565711498260498,
   1.1981297731399536,
   1.20249342918396,
   1.2421858310699463,
   1.2210931777954102,
   1.2569222450256348,
   1.2388660907745361,
   1.2442677021026611,
   1.2254762649536133,
   1.204582929611206,
   1.196833610534668,
   1.220292329788208,
   1.229773759841919,
   1.2268470525741577
  ],
  "amp_modulation_mean_valid_only": [
   1.246958613395691,
   1.2508732080459595,
   1.25093674659729,
   1.2368148565292358,
   1.2452093362808228,
   1.2352557182312012,
   1.2318170070648193,
   1.2252227067947388,
   1.238987684249878,
   1.1955773830413818,
   1.205147385597229,
   1.1759682893753052,
   1.2091721296310425,
   1.1850892305374146,
   1.2225866317749023,
   1.2612568140029907,
   1.2182220220565796,
   1.2222912311553955,
   1.2383689880371094,
   1.2490909099578857,
   1.290507197380066,
   1.28567636013031,
   1.3525450229644775,
   1.3608081340789795,
   1.3176625967025757,
   1.3790242671966553,
   1.3280622959136963,
   1.3501225709915161,
   1.345845341682434,
   1.2817195653915405,
   1.2802045345306396,
   1.1933790445327759,
   1.2419846057891846,
   1.172173261642456,
   1.140629529953003,
   1.1720139980316162,
   1.1048921346664429,
   1.062864899635315,
   1.0709495544433594,
   1.0899221897125244,
   1.101572036743164,
   1.1086429357528687,
   1.090858817100525,
   1.0882049798965454,
   1.1188584566116333,
   1.1139589548110962,
   1.1121718883514404,
   1.1274785995483398,
   1.1565711498260498,
   1.1981297731399536,
   1.20249342918396,
   1.2421858310699463,
   1.2210931777954102,
   1.2569222450256348,
   1.2388660907745361,
   1.2442677021026611,
   1.2254762649536133,
   1.204582929611206,
   1.196833610534668,
   1.220292329788208,
   1.229773759841919,
   1.2268470525741577
  ],
  "phase_consistency_across_units": [
   0.009682983160018921,
   0.00887853093445301,
   0.010664772242307663,
   0.030903352424502373,
   0.029362700879573822,
   0.04216368868947029,
   0.03281734138727188,
   0.03819451108574867,
   0.03788314759731293,
   0.034187912940979004,
   0.0332968607544899,
   0.028192691504955292,
   0.027955520898103714,
   0.038922276347875595,
   0.0396987646818161,
   0.009084183722734451,
   0.03468787670135498,
   0.02385951764881611,
   0.019833460450172424,
   0.013502263464033604,
   0.018726564943790436,
   0.02256506122648716,
   0.007539840880781412,
   0.020037325099110603,
   0.02194938063621521,
   0.023823942989110947,
   0.010929216630756855,
   0.0024404791183769703,
   0.004242007154971361,
   0.012378119863569736,
   0.006192270666360855,
   0.011965448036789894,
   0.010233595035970211,
   0.005698133260011673,
   0.007495533674955368,
   0.015207385644316673,
   0.012890306301414967,
   0.013640929013490677,
   0.006340474355965853,
   0.005736674647778273,
   0.007955088280141354,
   0.0092750433832407,
   0.01696982979774475,
   0.018486062064766884,
   0.032262060791254044,
   0.030950577929615974,
   0.021700605750083923,
   0.030010361224412918,
   0.030808623880147934,
   0.024798691272735596,
   0.027414295822381973,
   0.021118080243468285,
   0.01803608424961567,
   0.02072739787399769,
   0.021695122122764587,
   0.019628580659627914,
   0.015213673003017902,
   0.031656064093112946,
   0.03445564582943916,
   0.02206326648592949,
   0.02290247194468975,
   0.0009900572476908565
  ],
  "freq_mean": [
   0.1459992676973343,
   0.03714356571435928,
   0.16171149909496307,
   0.0397571437060833,
   0.16411548852920532,
   0.05317319557070732,
   0.12637045979499817,
   0.0756860002875328,
   0.11135482788085938,
   0.06416206061840057,
   0.11404021084308624,
   0.09353016316890717,
   0.12265040725469589,
   0.06330426782369614,
   0.16511821746826172,
   0.10206979513168335,
   0.13904626667499542,
   0.09680017828941345,
   0.17819927632808685,
   0.1199108213186264,
   0.19492194056510925,
   0.12343765795230865,
   0.28853553533554077,
   0.1342988908290863,
   0.26586538553237915,
   0.19333845376968384,
   0.22302822768688202,
   0.2535924017429352,
   0.20283570885658264,
   0.20767387747764587,
   0.20744112133979797,
   0.1805923879146576,
   0.24649576842784882,
   0.15743222832679749,
   0.23161077499389648,
   0.21739986538887024,
   0.16214095056056976,
   0.18741962313652039,
   0.21772393584251404,
   0.20709948241710663,
   0.2297973334789276,
   0.19422081112861633,
   0.19428950548171997,
   0.22241444885730743,
   0.24365286529064178,
   0.19039666652679443,
   0.2117936611175537,
   0.17684321105480194,
   0.2326807677745819,
   0.2308817356824875,
   0.2657650113105774,
   0.21271733939647675,
   0.2596457600593567,
   0.2453760802745819,
   0.2633190155029297,
   0.2314506471157074,
   0.27415889501571655,
   0.21873526275157928,
   0.33112823963165283,
   0.25821471214294434,
   0.5224840044975281
  ],
  "freq_deviation_abs_mean": [
   0.3460213243961334,
   0.21828989684581757,
   0.24970200657844543,
   0.24728259444236755,
   0.252189964056015,
   0.24284860491752625,
   0.2375481128692627,
   0.22287221252918243,
   0.20732435584068298,
   0.23601898550987244,
   0.23151183128356934,
   0.2557547092437744,
   0.22989682853221893,
   0.27810102701187134,
   0.2988184094429016,
   0.2946109175682068,
   0.2690719962120056,
   0.3077884316444397,
   0.3076246380805969,
   0.3611484467983246,
   0.3540617823600769,
   0.3856866955757141,
   0.36713412404060364,
   0.40549761056900024,
   0.35049185156822205,
   0.39946672320365906,
   0.36975815892219543,
   0.3703388571739197,
   0.36036404967308044,
   0.364124596118927,
   0.374525785446167,
   0.3749798834323883,
   0.35049116611480713,
   0.34734660387039185,
   0.3554772734642029,
   0.3680177927017212,
   0.34716397523880005,
   0.36860519647598267,
   0.3485611081123352,
   0.36507582664489746,
   0.3692033886909485,
   0.3757663071155548,
   0.3649579882621765,
   0.37056201696395874,
   0.35324734449386597,
   0.36064720153808594,
   0.3265570104122162,
   0.38511499762535095,
   0.37418776750564575,
   0.40019673109054565,
   0.4214513897895813,
   0.39672234654426575,
   0.36914747953414917,
   0.40954819321632385,
   0.4206298887729645,
   0.4425663948059082,
   0.3940924108028412,
   0.41794031858444214,
   0.44717830419540405,
   0.5202748775482178,
   0.46751898527145386
  ],