{
 "position": 18,
 "sequence_aa": "P",
 "substrate_file": "/Users/djbray/Desktop/esm2/esm2_substrate_facebook_esm2_t33_650M_UR50D/substrate.npz",
 "n_sublayers": 62,
 "n_units": 1280,
 "depth_profiles": {
  "amp_mean": [
   9.971171379089355,
   5.425642967224121,
   5.5668511390686035,
   4.318902015686035,
   4.419029235839844,
   3.7811903953552246,
   3.8367068767547607,
   3.4195895195007324,
   3.444591522216797,
   3.2169971466064453,
   3.298009157180786,
   3.1207072734832764,
   3.2005972862243652,
   3.0671093463897705,
   3.302516460418701,
   3.154846668243408,
   3.3604793548583984,
   3.3807082176208496,
   3.589658260345459,
   3.5185306072235107,
   3.6443657875061035,
   3.597675323486328,
   3.887909412384033,
   3.9962642192840576,
   3.959169864654541,
   4.0725860595703125,
   3.908585786819458,
   3.9408111572265625,
   3.8495421409606934,
   3.8652024269104004,
   3.8452751636505127,
   3.935044765472412,
   3.9298062324523926,
   3.961350202560425,
   4.292938232421875,
   4.527230739593506,
   4.555908203125,
   4.835458755493164,
   4.978519916534424,
   5.5752716064453125,
   5.369919776916504,
   5.065709590911865,
   5.2249016761779785,
   5.137153625488281,
   5.342567443847656,
   5.43503475189209,
   5.3334784507751465,
   5.313723564147949,
   5.367812156677246,
   5.346356391906738,
   5.484779357910156,
   5.6416544914245605,
   5.755795955657959,
   5.9671549797058105,
   6.155299663543701,
   6.17134428024292,
   6.37711238861084,
   6.995999813079834,
   7.246748924255371,
   7.903466701507568,
   8.4063081741333,
   11.57096004486084
  ],
  "amp_modulation_mean": [
   1.1476513147354126,
   1.1328407526016235,
   1.141865611076355,
   1.1181880235671997,
   1.1367696523666382,
   1.1229833364486694,
   1.1264475584030151,
   1.111818790435791,
   1.1105906963348389,
   1.1118236780166626,
   1.1167007684707642,
   1.1109833717346191,
   1.1192842721939087,
   1.1081421375274658,
   1.1532790660858154,
   1.1367342472076416,
   1.163581132888794,
   1.1969482898712158,
   1.1888021230697632,
   1.1842865943908691,
   1.1826910972595215,
   1.1600394248962402,
   1.1812200546264648,
   1.1984139680862427,
   1.16164231300354,
   1.1597874164581299,
   1.0966517925262451,
   1.0594654083251953,
   1.0390695333480835,
   1.0193058252334595,
   0.9911770820617676,
   0.976559042930603,
   0.9825308918952942,
   0.9563499689102173,
   1.0381149053573608,
   1.0789644718170166,
   1.0658252239227295,
   1.097477912902832,
   1.1159241199493408,
   1.2410237789154053,
   1.1891108751296997,
   1.1059173345565796,
   1.1219559907913208,
   1.0818029642105103,
   1.1129848957061768,
   1.1300652027130127,
   1.0926148891448975,
   1.0872576236724854,
   1.0803747177124023,
   1.0760091543197632,
   1.0689737796783447,
   1.0956920385360718,
   1.0896155834197998,
   1.1202733516693115,
   1.1192169189453125,
   1.098861575126648,
   1.093062162399292,
   1.1426880359649658,
   1.1233370304107666,
   1.144408941268921,
   1.1359144449234009,
   1.1185390949249268
  ],
  "phase_consistency_across_units": [
   0.016257787123322487,
   0.020130764693021774,
   0.029245829209685326,
   0.026712685823440552,
   0.034287527203559875,
   0.035893622785806656,
   0.030853141099214554,
   0.036931850016117096,
   0.014981252141296864,
   0.017376555129885674,
   0.008040348999202251,
   0.022347215563058853,
   0.006887170486152172,
   0.004333849530667067,
   0.01699187606573105,
   0.004351459443569183,
   0.0036046530585736036,
   0.019219933077692986,
   0.010723145678639412,
   0.01887471228837967,
   0.008585053496062756,
   0.014589074067771435,
   0.007145200856029987,
   0.01650199666619301,
   0.014541298151016235,
   0.016614537686109543,
   0.03443699702620506,
   0.02359682321548462,
   0.028392642736434937,
   0.02442517690360546,
   0.02234702557325363,
   0.02382921241223812,
   0.026166051626205444,
   0.03436725214123726,
   0.018542315810918808,
   0.013649865053594112,
   0.014672921970486641,
   0.029426073655486107,
   0.02604774199426174,
   0.026533883064985275,
   0.008663753978908062,
   0.017681801691651344,
   0.021447718143463135,
   0.022292660549283028,
   0.02020351216197014,
   0.014048377983272076,
   0.012283251620829105,
   0.008369949646294117,
   0.0069181895814836025,
   0.023533007130026817,
   0.010664177127182484,
   0.0014380766078829765,
   0.018191486597061157,
   0.012120949104428291,
   0.014753853902220726,
   0.00716713722795248,
   0.0040564765222370625,
   0.00985710509121418,
   0.0029155947268009186,
   0.015619219280779362,
   0.007619810290634632,
   0.014818130061030388
  ],
  "freq_mean": [
   0.19834387302398682,
   0.030106952413916588,
   0.166277214884758,
   0.05315740033984184,
   0.16804492473602295,
   0.05737555772066116,
   0.1677122265100479,
   0.031660906970500946,
   0.11828014999628067,
   0.06348541378974915,
   0.13230252265930176,
   0.07314393669366837,
   0.1149066686630249,
   0.10945923626422882,
   0.19767919182777405,
   0.09541089832782745,
   0.24137726426124573,
   0.16850325465202332,
   0.2490110695362091,
   0.16325561702251434,
   0.23173825442790985,
   0.12417958676815033,
   0.28307658433914185,
   0.170244500041008,
   0.2458859384059906,
   0.19229917228221893,
   0.18996237218379974,
   0.17019455134868622,
   0.1811884343624115,
   0.16840843856334686,
   0.15706662833690643,
   0.16643600165843964,
   0.13018053770065308,
   0.14640562236309052,
   0.24823422729969025,
   0.15316709876060486,
   0.20664599537849426,
   0.2146579921245575,
   0.24920208752155304,
   0.33108794689178467,
   0.18032793700695038,
   0.19239331781864166,
   0.19984571635723114,
   0.17664670944213867,
   0.28734737634658813,
   0.2355022430419922,
   0.2162288874387741,
   0.2138226330280304,
   0.20228710770606995,
   0.18904344737529755,
   0.21876752376556396,
   0.21645912528038025,
   0.22985129058361053,
   0.23238034546375275,
   0.2928956151008606,
   0.15848341584205627,
   0.29478418827056885,
   0.241278737783432,
   0.3093263506889343,
   0.20209331810474396,
   0.4971159100532532
  ],
  "freq_deviation_abs_mean": [
   0.3450900614261627,
   0.2196056842803955,
   0.2409251183271408,
   0.23072019219398499,
   0.2230452001094818,
   0.22779908776283264,
   0.23130063712596893,
   0.2580295205116272,
   0.23039141297340393,
   0.24660253524780273,
   0.22463616728782654,
   0.25746458768844604,
   0.24195817112922668,
   0.29509401321411133,
   0.3224395215511322,
   0.36646896600723267,
   0.3488982021808624,
   0.4250987470149994,
   0.3706682324409485,
   0.39257165789604187,
   0.36571913957595825,
   0.4060719907283783,
   0.40997570753097534,
   0.38676005601882935,
   0.3505430817604065,
   0.3938743472099304,
   0.37326446175575256,
   0.35034751892089844,
   0.31747663021087646,
   0.31727153062820435,
   0.3462149500846863,
   0.34259742498397827,
   0.31917276978492737,
   0.3409149646759033,
   0.36648207902908325,
   0.3600432276725769,
   0.34441012144088745,
   0.36983704566955566,
   0.4174232482910156,
   0.390695184469223,
   0.34095436334609985,
   0.35122328996658325,
   0.35285383462905884,
   0.3505925238132477,
   0.36129313707351685,
   0.4147740304470062,
   0.3767147660255432,
   0.36319082975387573,
   0.3508644104003906,
   0.3649299442768097,
   0.36926692724227905,
   0.3832174837589264,
   0.4202023148536682,
   0.4267159104347229,
   0.38289874792099,
   0.451577752828598,
   0.4268680214881897,
   0.4366324543952942,
   0.40885019302368164,
   0.46333009004592896,
   0.4505508542060852
  ]
 },
 "top_units_by_amp_modulation_max": [
  {
   "unit": 334,
   "max_amp_mod": 4.8300909996032715,
   "argmax_sublayer": 0
  },
  {
   "unit": 907,
   "max_amp_mod": 4.673031806945801,
   "argmax_sublayer": 7
  },
  {
   "unit": 1243,
   "max_amp_mod": 4.62799596786499,
   "argmax_sublayer": 15
  },
  {
   "unit": 444,
   "max_amp_mod": 4.576447486877441,
   "argmax_sublayer": 0
  },
  {
   "unit": 17,