{
 "position": 21,
 "sequence_aa": "T",
 "substrate_file": "/home/dbrayjr5/esm2-osc/esm2_substrate_facebook_esm2_t33_650M_UR50D/substrate.npz",
 "n_sublayers": 62,
 "n_units": 1280,
 "validity_floor": {
  "quantile": 0.1,
  "absolute_value": 2.7328476905822754,
  "n_valid_cells": 71424,
  "n_total_cells": 79360,
  "fraction_valid": 0.9
 },
 "depth_profiles": {
  "amp_modulation_mean": [
   1.23629629611969,
   1.210317611694336,
   1.2204158306121826,
   1.201906442642212,
   1.2193622589111328,
   1.2053707838058472,
   1.2092583179473877,
   1.2150957584381104,
   1.213984489440918,
   1.2197765111923218,
   1.227292776107788,
   1.2227617502212524,
   1.24782133102417,
   1.2522252798080444,
   1.2849903106689453,
   1.2993578910827637,
   1.385047197341919,
   1.5195585489273071,
   1.4203916788101196,
   1.337967872619629,
   1.3247144222259521,
   1.2713886499404907,
   1.2070910930633545,
   1.2041304111480713,
   1.1778484582901,
   1.1842995882034302,
   1.1486506462097168,
   1.1735280752182007,
   1.1549303531646729,
   1.163283348083496,
   1.122802972793579,
   1.1137267351150513,
   1.1065607070922852,
   1.0897668600082397,
   1.0930583477020264,
   1.0765854120254517,
   1.0896539688110352,
   1.0399631261825562,
   1.0683473348617554,
   1.088658094406128,
   1.0532333850860596,
   1.0106180906295776,
   1.0061954259872437,
   0.9941202402114868,
   0.9878223538398743,
   0.9761172533035278,
   0.9670621752738953,
   0.9917392730712891,
   0.9994913339614868,
   1.0095009803771973,
   1.0027084350585938,
   1.02561616897583,
   1.049193024635315,
   1.0721386671066284,
   1.0885734558105469,
   1.1061084270477295,
   1.1566194295883179,
   1.2488155364990234,
   1.2323338985443115,
   1.2028732299804688,
   1.1784921884536743,
   1.205985426902771
  ],
  "amp_modulation_mean_valid_only": [
   1.23629629611969,
   1.210317611694336,
   1.2204158306121826,
   1.201906442642212,
   1.2193622589111328,
   1.2059001922607422,
   1.2092583179473877,
   1.216274619102478,
   1.2069551944732666,
   1.1955255270004272,
   1.2004379034042358,
   1.2003529071807861,
   1.210052251815796,
   1.2254807949066162,
   1.2555396556854248,
   1.2702783346176147,
   1.3484199047088623,
   1.4667935371398926,
   1.4064111709594727,
   1.3268465995788574,
   1.3114619255065918,
   1.2662829160690308,
   1.2070910930633545,
   1.2041304111480713,
   1.1778484582901,
   1.1842995882034302,
   1.1486506462097168,
   1.1735280752182007,
   1.1549303531646729,
   1.163283348083496,
   1.122802972793579,
   1.1137267351150513,
   1.1065607070922852,
   1.0897668600082397,
   1.0930583477020264,
   1.0765854120254517,
   1.0896539688110352,
   1.0399631261825562,
   1.0683473348617554,
   1.088658094406128,
   1.0532333850860596,
   1.0106180906295776,
   1.0061954259872437,
   0.9941202402114868,
   0.9878223538398743,
   0.9761172533035278,
   0.9670621752738953,
   0.9917392730712891,
   0.9994913339614868,
   1.0095009803771973,
   1.0027084350585938,
   1.02561616897583,
   1.049193024635315,
   1.0721386671066284,
   1.0885734558105469,
   1.1061084270477295,
   1.1566194295883179,
   1.2488155364990234,
   1.2323338985443115,
   1.2028732299804688,
   1.1784921884536743,
   1.205985426902771
  ],
  "phase_consistency_across_units": [
   0.017541788518428802,
   0.038561686873435974,
   0.01877516694366932,
   0.03365039452910423,
   0.03261291980743408,
   0.041255783289670944,
   0.04028121754527092,
   0.03760619834065437,
   0.03882705047726631,
   0.036187201738357544,
   0.04139524698257446,
   0.03872336074709892,
   0.031237076967954636,
   0.0285868588835001,
   0.025499287992715836,
   0.012804895639419556,
   0.020352566614747047,
   0.028591085225343704,
   0.04136677831411362,
   0.036429569125175476,
   0.025219211354851723,
   0.039746031165122986,
   0.04298878461122513,
   0.04199667274951935,
   0.03214465081691742,
   0.03510410338640213,
   0.032361991703510284,
   0.04090801626443863,
   0.03339838981628418,
   0.021902425214648247,
   0.016652898862957954,
   0.02680649608373642,
   0.02668076381087303,
   0.027973439544439316,
   0.031052248552441597,
   0.025865968316793442,
   0.020474139600992203,
   0.01584198884665966,
   0.012306193821132183,
   0.007636881899088621,
   0.015554722398519516,
   0.011192652396857738,
   0.012657326646149158,
   0.014711208641529083,
   0.03290626034140587,
   0.0348627083003521,
   0.024481071159243584,
   0.020206866785883904,
   0.031834159046411514,
   0.025975244119763374,
   0.011830057948827744,
   0.017939770594239235,
   0.010194608941674232,
   0.010369118303060532,
   0.004884463734924793,
   0.009914741851389408,
   0.007024805061519146,
   0.004210271872580051,
   0.01584699936211109,
   0.01919032633304596,
   0.025290900841355324,
   0.026468750089406967
  ],
  "freq_mean": [
   0.16522963345050812,
   0.03369706869125366,
   0.1417294293642044,
   0.06827756017446518,
   0.15465611219406128,
   0.05833209678530693,
   0.1450866162776947,
   0.05899461358785629,
   0.12876126170158386,
   0.07541944086551666,
   0.11024689674377441,
   0.08431447297334671,
   0.14423556625843048,
   0.11057504266500473,
   0.16878385841846466,
   0.12142907083034515,
   0.28850483894348145,
   0.29698362946510315,
   0.24375581741333008,
   0.16310559213161469,
   0.260994553565979,
   0.14595358073711395,
   0.26332521438598633,
   0.12302130460739136,
   0.24781231582164764,
   0.13844534754753113,
   0.2166585624217987,
   0.21063299477100372,
   0.2123534232378006,
   0.18862763047218323,
   0.1789543628692627,
   0.18625788390636444,
   0.19304350018501282,
   0.21992143988609314,
   0.21352657675743103,
   0.2057708203792572,
   0.22048945724964142,
   0.18194618821144104,
   0.27853989601135254,
   0.2611352503299713,
   0.17255276441574097,
   0.1790364682674408,
   0.226307675242424,
   0.1879177838563919,
   0.2285984456539154,
   0.14753632247447968,
   0.19599579274654388,
   0.20578181743621826,
   0.2078413963317871,
   0.20459285378456116,
   0.23521149158477783,
   0.23689889907836914,
   0.27872177958488464,
   0.21974904835224152,
   0.28044238686561584,
   0.17884424328804016,
   0.38609805703163147,
   0.3333389163017273,
   0.3519659638404846,
   0.19480276107788086,
   0.5122453570365906
  ],
  "freq_deviation_abs_mean": [
   0.35146787762641907,
   0.23572859168052673,
   0.27056771516799927,
   0.24288716912269592,
   0.25127163529396057,
   0.24105629324913025,
   0.24872179329395294,
   0.26701807975769043,
   0.22277864813804626,
   0.23387174308300018,
   0.2247219979763031,
   0.23900504410266876,
   0.25843191146850586,
   0.32192620635032654,
   0.32462164759635925,
   0.36961907148361206,
   0.41758212447166443,
   0.491725355386734,
   0.42364710569381714,
   0.40525516867637634,
   0.39084261655807495,
   0.4473927617073059,
   0.3648948073387146,
   0.3839903473854065,
   0.32940325140953064,
   0.35678166151046753,
   0.33909615874290466,
   0.36695605516433716,
   0.3363169729709625,
   0.3359847068786621,
   0.3561193346977234,
   0.3326287567615509,
   0.34408873319625854,
   0.3735833168029785,
   0.3942585587501526,
   0.3936980664730072,
   0.3776121735572815,
   0.40231141448020935,
   0.40437746047973633,
   0.4055625796318054,
   0.38882923126220703,
   0.3662315011024475,
   0.3554040789604187,
   0.3844780921936035,
   0.3600761294364929,
   0.3626059591770172,
   0.35774555802345276,
   0.36325013637542725,
   0.3399781882762909,
   0.3722744584083557,
   0.40718287229537964,
   0.4176410734653473,
   0.39139658212661743,
   0.4372459948062897,
   0.3952649235725403,
   0.4769659638404846,
   0.4555286467075348,
   0.4526214599609375,
   0.3923371434211731,
   0.47684812545776367,
   0.46463221311569214
  ],