{
 "position": 55,
 "sequence_aa": "L",
 "substrate_file": "/home/dbrayjr5/esm2-osc/esm2_substrate_facebook_esm2_t33_650M_UR50D/substrate.npz",
 "n_sublayers": 62,
 "n_units": 1280,
 "validity_floor": {
  "quantile": 0.1,
  "absolute_value": 2.7328476905822754,
  "n_valid_cells": 71424,
  "n_total_cells": 79360,
  "fraction_valid": 0.9
 },
 "depth_profiles": {
  "amp_modulation_mean": [
   1.4019972085952759,
   1.408689022064209,
   1.4021282196044922,
   1.3833948373794556,
   1.3886377811431885,
   1.3742440938949585,
   1.3746507167816162,
   1.3623197078704834,
   1.3629601001739502,
   1.34976327419281,
   1.3529689311981201,
   1.3315658569335938,
   1.3292827606201172,
   1.3230421543121338,
   1.3437108993530273,
   1.326424241065979,
   1.3267461061477661,
   1.324239730834961,
   1.310421347618103,
   1.3122408390045166,
   1.3235896825790405,
   1.2959532737731934,
   1.346174955368042,
   1.3622726202011108,
   1.3712213039398193,
   1.3448982238769531,
   1.326418161392212,
   1.3108125925064087,
   1.2967891693115234,
   1.3025445938110352,
   1.2604600191116333,
   1.2406067848205566,
   1.2751737833023071,
   1.2820618152618408,
   1.2776156663894653,
   1.3503011465072632,
   1.3328049182891846,
   1.3145495653152466,
   1.3659894466400146,
   1.3797264099121094,
   1.407117247581482,
   1.3773683309555054,
   1.344082236289978,
   1.3295965194702148,
   1.3039029836654663,
   1.3018605709075928,
   1.299252986907959,
   1.3112099170684814,
   1.3190736770629883,
   1.307773232460022,
   1.3702422380447388,
   1.4678398370742798,
   1.4554197788238525,
   1.4752061367034912,
   1.4664371013641357,
   1.4405361413955688,
   1.4470014572143555,
   1.4049694538116455,
   1.3684425354003906,
   1.3740323781967163,
   1.337571620941162,
   1.3669674396514893
  ],
  "amp_modulation_mean_valid_only": [
   1.4019972085952759,
   1.408689022064209,
   1.4021282196044922,
   1.3833948373794556,
   1.3886377811431885,
   1.3729321956634521,
   1.3746507167816162,
   1.3499846458435059,
   1.3520978689193726,
   1.2911815643310547,
   1.2978334426879883,
   1.2881535291671753,
   1.2760154008865356,
   1.2718431949615479,
   1.2812328338623047,
   1.2565224170684814,
   1.2844971418380737,
   1.2580890655517578,
   1.3082948923110962,
   1.2867518663406372,
   1.3188138008117676,
   1.2994740009307861,
   1.346174955368042,
   1.3622726202011108,
   1.3712213039398193,
   1.3448982238769531,
   1.326418161392212,
   1.3108125925064087,
   1.2967891693115234,
   1.3025445938110352,
   1.2604600191116333,
   1.2406067848205566,
   1.2751737833023071,
   1.2820618152618408,
   1.2776156663894653,
   1.3503011465072632,
   1.3328049182891846,
   1.3145495653152466,
   1.3659894466400146,
   1.3797264099121094,
   1.407117247581482,
   1.3773683309555054,
   1.344082236289978,
   1.3295965194702148,
   1.3039029836654663,
   1.3018605709075928,
   1.299252986907959,
   1.3112099170684814,
   1.3190736770629883,
   1.307773232460022,
   1.3702422380447388,
   1.4678398370742798,
   1.4554197788238525,
   1.4752061367034912,
   1.4664371013641357,
   1.4405361413955688,
   1.4470014572143555,
   1.4049694538116455,
   1.3684425354003906,
   1.3740323781967163,
   1.337571620941162,
   1.3669674396514893
  ],
  "phase_consistency_across_units": [
   0.01041867770254612,
   0.00838985200971365,
   0.009421559050679207,
   0.01215732004493475,
   0.011881156824529171,
   0.03018646314740181,
   0.018207943066954613,
   0.029859693720936775,
   0.02299663797020912,
   0.032635413110256195,
   0.024840665981173515,
   0.027341211214661598,
   0.030743813142180443,
   0.03209153190255165,
   0.03368902951478958,
   0.00608008773997426,
   0.012327905744314194,
   0.024049419909715652,
   0.03297439590096474,
   0.022006532177329063,
   0.025702590122818947,
   0.026739731431007385,
   0.022825943306088448,
   0.014780525118112564,
   0.013832599855959415,
   0.013905247673392296,
   0.016612157225608826,
   0.0289545189589262,
   0.02359088324010372,
   0.032285332679748535,
   0.01962645724415779,
   0.013502849265933037,
   0.014594925567507744,
   0.00945906899869442,
   0.004696740303188562,
   0.014734890311956406,
   0.015001213178038597,
   0.009536311961710453,
   0.009665465913712978,
   0.011942820623517036,
   0.015587566420435905,
   0.011571766808629036,
   0.0031738528050482273,
   0.009006557054817677,
   0.007724132854491472,
   0.006167490966618061,
   0.0128290094435215,
   0.017296846956014633,
   0.010449862107634544,
   0.020696233958005905,
   0.011273408308625221,
   0.01021531317383051,
   0.0077223386615514755,
   0.014786985702812672,
   0.018682299181818962,
   0.01424203347414732,
   0.02761375531554222,
   0.008200166746973991,
   0.013869903050363064,
   0.006815401837229729,
   0.004099481739103794,
   0.018173232674598694
  ],
  "freq_mean": [
   0.13707396388053894,
   0.044774994254112244,
   0.135127454996109,
   0.04686453193426132,
   0.12855209410190582,
   0.05573771148920059,
   0.1291668713092804,
   0.05715144798159599,
   0.11414255946874619,
   0.07297206670045853,
   0.15808352828025818,
   0.03685302659869194,
   0.11306309700012207,
   0.09138337522745132,
   0.15100690722465515,
   0.08382010459899902,
   0.15427470207214355,
   0.10911323875188828,
   0.16938164830207825,
   0.10716970264911652,
   0.15118765830993652,
   0.09142125397920609,
   0.24476686120033264,
   0.15251800417900085,
   0.22087471187114716,
   0.15260477364063263,
   0.22285549342632294,
   0.152852401137352,
   0.2184412032365799,
   0.16383852064609528,
   0.1709945648908615,
   0.14391063153743744,
   0.20060667395591736,
   0.16962984204292297,
   0.19441141188144684,
   0.21809735894203186,
   0.16951945424079895,
   0.20082755386829376,
   0.23451359570026398,
   0.2395746260881424,
   0.2391355335712433,
   0.20913200080394745,
   0.20374993979930878,
   0.20924358069896698,
   0.17446622252464294,
   0.19561153650283813,
   0.17387479543685913,
   0.19448235630989075,
   0.20383596420288086,
   0.17208454012870789,
   0.3097037672996521,
   0.25770995020866394,
   0.27661722898483276,
   0.2422979325056076,
   0.262263685464859,
   0.2423384189605713,
   0.28963151574134827,
   0.2058209478855133,
   0.3261888027191162,
   0.14339812099933624,
   0.46754732728004456
  ],
  "freq_deviation_abs_mean": [
   0.3298923373222351,
   0.21297678351402283,
   0.23158416152000427,
   0.22576645016670227,
   0.2149987667798996,
   0.20657077431678772,
   0.21350522339344025,
   0.21268042922019958,
   0.19382543861865997,
   0.22569303214550018,
   0.20884743332862854,
   0.24431996047496796,
   0.22149285674095154,
   0.2545587420463562,
   0.2841491103172302,
   0.30323120951652527,
   0.24995365738868713,
   0.28874534368515015,
   0.285805344581604,
   0.32571762800216675,
   0.3089264929294586,
   0.3227839469909668,
   0.3283708691596985,
   0.36838793754577637,
   0.32881471514701843,
   0.33696383237838745,
   0.32809892296791077,
   0.33626776933670044,
   0.31049683690071106,
   0.34098049998283386,
   0.33057695627212524,
   0.338837206363678,
   0.3488519787788391,
   0.32491177320480347,
   0.33004507422447205,
   0.3636031746864319,
   0.3475325107574463,
   0.3701460361480713,
   0.3941318988800049,
   0.3771311640739441,
   0.3629680275917053,
   0.37255412340164185,
   0.3296896517276764,
   0.3291330337524414,
   0.3323586881160736,
   0.31915074586868286,
   0.3548561930656433,
   0.34571027755737305,
   0.33561182022094727,
   0.414738267660141,
   0.43239396810531616,
   0.4440527558326721,
   0.40969619154930115,
   0.42035818099975586,
   0.393811970949173,
   0.4099923074245453,
   0.3854724168777466,
   0.39728981256484985,
   0.37188443541526794,
   0.42908382415771484,
   0.4115935266017914
  ],