{
 "position": 4,
 "sequence_aa": "V",
 "substrate_file": "/home/dbrayjr5/esm2-osc/esm2_substrate_facebook_esm2_t33_650M_UR50D/substrate.npz",
 "n_sublayers": 62,
 "n_units": 1280,
 "validity_floor": {
  "quantile": 0.1,
  "absolute_value": 2.7328476905822754,
  "n_valid_cells": 71424,
  "n_total_cells": 79360,
  "fraction_valid": 0.9
 },
 "depth_profiles": {
  "amp_modulation_mean": [
   1.2534453868865967,
   1.2929575443267822,
   1.2837685346603394,
   1.2845847606658936,
   1.2821437120437622,
   1.2765154838562012,
   1.2729099988937378,
   1.279326319694519,
   1.2790987491607666,
   1.2791509628295898,
   1.2783496379852295,
   1.276759147644043,
   1.2741632461547852,
   1.2798964977264404,
   1.2925039529800415,
   1.2972971200942993,
   1.2746965885162354,
   1.2954668998718262,
   1.2825708389282227,
   1.3225376605987549,
   1.3410065174102783,
   1.3565452098846436,
   1.4239754676818848,
   1.4947022199630737,
   1.3759146928787231,
   1.407923698425293,
   1.3551241159439087,
   1.25797700881958,
   1.277935266494751,
   1.234424352645874,
   1.270013451576233,
   1.2803735733032227,
   1.2624239921569824,
   1.2267043590545654,
   1.2246955633163452,
   1.2896144390106201,
   1.2932531833648682,
   1.2822614908218384,
   1.2595579624176025,
   1.151968240737915,
   1.1869109869003296,
   1.1667979955673218,
   1.1755316257476807,
   1.177306890487671,
   1.2146999835968018,
   1.2571746110916138,
   1.2046384811401367,
   1.1935755014419556,
   1.1682599782943726,
   1.1900135278701782,
   1.1872479915618896,
   1.1912033557891846,
   1.1881574392318726,
   1.2363096475601196,
   1.1991673707962036,
   1.1711623668670654,
   1.1955344676971436,
   1.21965754032135,
   1.1747212409973145,
   1.2031904458999634,
   1.1743592023849487,
   1.1906206607818604
  ],
  "amp_modulation_mean_valid_only": [
   1.2534453868865967,
   1.2929575443267822,
   1.2837685346603394,
   1.2845847606658936,
   1.2821437120437622,
   1.2774215936660767,
   1.2729099988937378,
   1.266911268234253,
   1.2740708589553833,
   1.2408496141433716,
   1.2698501348495483,
   1.2057069540023804,
   1.2423638105392456,
   1.2300070524215698,
   1.2248265743255615,
   1.2292578220367432,
   1.2187795639038086,
   1.244463324546814,
   1.287797451019287,
   1.3283895254135132,
   1.3406338691711426,
   1.36025869846344,
   1.4239754676818848,
   1.4947022199630737,
   1.3759146928787231,
   1.407923698425293,
   1.3551241159439087,
   1.25797700881958,
   1.277935266494751,
   1.234424352645874,
   1.270013451576233,
   1.2803735733032227,
   1.2624239921569824,
   1.2267043590545654,
   1.2246955633163452,
   1.2896144390106201,
   1.2932531833648682,
   1.2822614908218384,
   1.2595579624176025,
   1.151968240737915,
   1.1869109869003296,
   1.1667979955673218,
   1.1755316257476807,
   1.177306890487671,
   1.2146999835968018,
   1.2571746110916138,
   1.2046384811401367,
   1.1935755014419556,
   1.1682599782943726,
   1.1900135278701782,
   1.1872479915618896,
   1.1912033557891846,
   1.1881574392318726,
   1.2363096475601196,
   1.1991673707962036,
   1.1711623668670654,
   1.1955344676971436,
   1.21965754032135,
   1.1747212409973145,
   1.2031904458999634,
   1.1743592023849487,
   1.1906206607818604
  ],
  "phase_consistency_across_units": [
   0.014091740362346172,
   0.014285205863416195,
   0.019054239615797997,
   0.027674395591020584,
   0.018803173676133156,
   0.03617553040385246,
   0.026815349236130714,
   0.03654855489730835,
   0.026860464364290237,
   0.02456997148692608,
   0.016665464267134666,
   0.03105401061475277,
   0.02830735221505165,
   0.030062856152653694,
   0.021679257974028587,
   0.011317182332277298,
   0.015834255144000053,
   0.007376784924417734,
   0.007388728205114603,
   0.009230207651853561,
   0.011594443581998348,
   0.013920157216489315,
   0.005977970082312822,
   0.00818269606679678,
   0.012151163071393967,
   0.008460326120257378,
   0.015047082677483559,
   0.015788467600941658,
   0.0075937118381261826,
   0.007030651438981295,
   0.007876874879002571,
   0.014490916393697262,
   0.013951889239251614,
   0.017310040071606636,
   0.02324511855840683,
   0.021264053881168365,
   0.023832792416214943,
   0.023816052824258804,
   0.019607534632086754,
   0.017065340653061867,
   0.013526721857488155,
   0.009900415316224098,
   0.018488867208361626,
   0.00896329153329134,
   0.0192947406321764,
   0.018155265599489212,
   0.009942294098436832,
   0.006280994508415461,
   0.005895176902413368,
   0.015968577936291695,
   0.016204074025154114,
   0.01928299479186535,
   0.03073597513139248,
   0.017033148556947708,
   0.005771934520453215,
   0.010295030660927296,
   0.010356998071074486,
   0.01726994477212429,
   0.018761059269309044,
   0.01320862490683794,
   0.02537507750093937,
   0.01744537428021431
  ],
  "freq_mean": [
   0.20515282452106476,
   0.03789236396551132,
   0.16426029801368713,
   0.06480096280574799,
   0.1391092836856842,
   0.045055780559778214,
   0.13984116911888123,
   0.04332735762000084,
   0.12188243865966797,
   0.06383243203163147,
   0.13172602653503418,
   0.07519416511058807,
   0.11593451350927353,
   0.0826922282576561,
   0.17856137454509735,
   0.060542844235897064,
   0.14146973192691803,
   0.08360648155212402,
   0.18586096167564392,
   0.12163487821817398,
   0.2080114632844925,
   0.08263406902551651,
   0.30672603845596313,
   0.2134058028459549,
   0.19418732821941376,
   0.23119764029979706,
   0.15528225898742676,
   0.15721634030342102,
   0.1611499786376953,
   0.12816119194030762,
   0.25188952684402466,
   0.2146141082048416,
   0.19818994402885437,
   0.15212154388427734,
   0.1996404379606247,
   0.23319704830646515,
   0.20791935920715332,
   0.2687806189060211,
   0.1971721351146698,
   0.12117819488048553,
   0.23353128135204315,
   0.15926997363567352,
   0.23284843564033508,
   0.1926136314868927,
   0.2484099417924881,
   0.23072445392608643,
   0.18900412321090698,
   0.1815911829471588,
   0.19897334277629852,
   0.20046797394752502,
   0.2501620948314667,
   0.14936034381389618,
   0.2517201006412506,
   0.24310536682605743,
   0.2195015847682953,
   0.17831666767597198,
   0.31435614824295044,
   0.1995452493429184,
   0.2746396064758301,
   0.18164296448230743,
   0.4589823782444
  ],
  "freq_deviation_abs_mean": [
   0.3068867325782776,
   0.20215299725532532,
   0.23194089531898499,
   0.230600506067276,
   0.208205908536911,
   0.2151869833469391,
   0.19313561916351318,
   0.2163497507572174,
   0.20921675860881805,
   0.23268523812294006,
   0.21804246306419373,
   0.25037550926208496,
   0.2285137176513672,
   0.2769711911678314,
   0.27915701270103455,
   0.29386043548583984,
   0.25518345832824707,
   0.30314406752586365,
   0.30375319719314575,
   0.33647841215133667,
   0.32938694953918457,
   0.366251140832901,
   0.3388725221157074,
   0.3766896426677704,
   0.35260334610939026,
   0.3463679850101471,
   0.33274489641189575,
   0.3162952959537506,
   0.31825950741767883,
   0.3456202447414398,
   0.3560190796852112,
   0.3438774049282074,
   0.33197644352912903,
   0.3609611988067627,
   0.36419472098350525,
   0.37425777316093445,
   0.37560921907424927,
   0.3804478347301483,
   0.35692501068115234,
   0.3653560280799866,
   0.3335137367248535,
   0.3717665672302246,
   0.34319621324539185,
   0.3892824053764343,
   0.3577984869480133,
   0.33174365758895874,
   0.35070595145225525,
   0.3480130732059479,
   0.3494212329387665,
   0.3747459053993225,
   0.3578976094722748,
   0.42166072130203247,
   0.40188828110694885,
   0.40105462074279785,
   0.37320512533187866,
   0.41620126366615295,
   0.3794769048690796,
   0.39494192600250244,
   0.3819959759712219,
   0.4480493664741516,
   0.4438443183898926
  ],