{
 "position": 54,
 "sequence_aa": "T",
 "substrate_file": "/Users/djbray/Desktop/esm2/esm2_substrate_facebook_esm2_t33_650M_UR50D/substrate.npz",
 "n_sublayers": 62,
 "n_units": 1280,
 "depth_profiles": {
  "amp_mean": [
   10.780799865722656,
   5.80514669418335,
   5.921618461608887,
   4.582479000091553,
   4.6397223472595215,
   3.9722061157226562,
   4.0154547691345215,
   3.602872371673584,
   3.6353759765625,
   3.347093105316162,
   3.429236650466919,
   3.219168186187744,
   3.3157131671905518,
   3.1796071529388428,
   3.3743538856506348,
   3.2134227752685547,
   3.331801176071167,
   3.248044490814209,
   3.503533124923706,
   3.469391345977783,
   3.6467087268829346,
   3.5529837608337402,
   3.965618848800659,
   4.0834174156188965,
   4.137649059295654,
   4.214564323425293,
   4.17864990234375,
   4.270771503448486,
   4.216641426086426,
   4.331411838531494,
   4.35000467300415,
   4.435642719268799,
   4.452950477600098,
   4.582613945007324,
   4.644381046295166,
   4.841795921325684,
   4.740157127380371,
   4.617814540863037,
   4.969552993774414,
   5.152590274810791,
   5.244627952575684,
   5.442030906677246,
   5.2787041664123535,
   5.396836280822754,
   5.480625629425049,
   5.5607733726501465,
   5.666337013244629,
   5.813784599304199,
   6.155182361602783,
   6.331233024597168,
   6.537286281585693,
   7.18285608291626,
   7.511622428894043,
   7.717109680175781,
   7.901355743408203,
   7.416821479797363,
   7.813992500305176,
   8.366010665893555,
   8.481419563293457,
   8.803967475891113,
   9.536069869995117,
   12.999079704284668
  ],
  "amp_modulation_mean": [
   1.2477242946624756,
   1.2185776233673096,
   1.22171950340271,
   1.193050742149353,
   1.1986757516860962,
   1.1865555047988892,
   1.184856653213501,
   1.1760189533233643,
   1.1775904893875122,
   1.1618068218231201,
   1.1675117015838623,
   1.1520373821258545,
   1.1640231609344482,
   1.1535985469818115,
   1.1848450899124146,
   1.1617642641067505,
   1.1538594961166382,
   1.1468368768692017,
   1.160383939743042,
   1.1698118448257446,
   1.1849793195724487,
   1.1458795070648193,
   1.204830288887024,
   1.2280066013336182,
   1.2146259546279907,
   1.1996030807495117,
   1.173020362854004,
   1.148620843887329,
   1.1374677419662476,
   1.1417360305786133,
   1.119508981704712,
   1.0994584560394287,
   1.1130478382110596,
   1.1059398651123047,
   1.1220279932022095,
   1.1531822681427002,
   1.106513261795044,
   1.0461711883544922,
   1.1134706735610962,
   1.1443939208984375,
   1.1597836017608643,
   1.1864116191864014,
   1.1316537857055664,
   1.1384663581848145,
   1.143132209777832,
   1.1584926843643188,
   1.1647247076034546,
   1.1932640075683594,
   1.2426069974899292,
   1.27726411819458,
   1.2794182300567627,
   1.4030200242996216,
   1.4281295537948608,
   1.4565329551696777,
   1.4414238929748535,
   1.3214590549468994,
   1.3416062593460083,
   1.3708521127700806,
   1.3216578960418701,
   1.276540756225586,
   1.2925713062286377,
   1.265943169593811
  ],
  "phase_consistency_across_units": [
   0.008598650805652142,
   0.0015290636802092195,
   0.009293274953961372,
   0.013228578492999077,
   0.01115857157856226,
   0.014548358507454395,
   0.012388771399855614,
   0.01791824772953987,
   0.009617513045668602,
   0.014807860367000103,
   0.017604952678084373,
   0.017111467197537422,
   0.029656192287802696,
   0.016228757798671722,
   0.03504231572151184,
   0.022420227527618408,
   0.02823386900126934,
   0.02539651282131672,
   0.03641613945364952,
   0.040940236300230026,
   0.03486346825957298,
   0.03597084432840347,
   0.03676394745707512,
   0.01426352746784687,
   0.007151883561164141,
   0.011035469360649586,
   0.02394961379468441,
   0.032257772982120514,
   0.02095607854425907,
   0.02341959811747074,
   0.025130148977041245,
   0.028688741847872734,
   0.018917353823781013,
   0.022792955860495567,
   0.019416160881519318,
   0.018515564501285553,
   0.030164046213030815,
   0.017844824120402336,
   0.023348236456513405,
   0.023716511204838753,
   0.023117458447813988,
   0.017174599692225456,
   0.013574698939919472,
   0.008932201191782951,
   0.018799258396029472,
   0.019284119829535484,
   0.01864425092935562,
   0.017630571499466896,
   0.003772011259570718,
   0.013629958033561707,
   0.015637626871466637,
   0.018164198845624924,
   0.026791030541062355,
   0.02263745293021202,
   0.025662850588560104,
   0.022994814440608025,
   0.017628399655222893,
   0.034640636295080185,
   0.0076363831758499146,
   0.013370843604207039,
   0.009515953250229359,
   0.00800804328173399
  ],
  "freq_mean": [
   0.15884749591350555,
   0.040334269404411316,
   0.16108286380767822,
   0.046006523072719574,
   0.12421314418315887,
   0.05404593423008919,
   0.11715295165777206,
   0.05764148384332657,
   0.11160965263843536,
   0.05831770971417427,
   0.13351978361606598,
   0.05400839447975159,
   0.10780458152294159,
   0.08702114969491959,
   0.16942498087882996,
   0.07088446617126465,
   0.14436113834381104,
   0.10178464651107788,
   0.1717831790447235,
   0.1196538656949997,
   0.1762203425168991,
   0.07001625001430511,
   0.2864968180656433,
   0.20544633269309998,
   0.2402905523777008,
   0.16745929419994354,
   0.19231323897838593,
   0.16524481773376465,
   0.1747446060180664,
   0.17123422026634216,
   0.2066633701324463,
   0.17441587150096893,
   0.2057199776172638,
   0.2121444046497345,
   0.21571815013885498,
   0.22335772216320038,
   0.1506139189004898,
   0.12444555759429932,
   0.2564132511615753,
   0.18739646673202515,
   0.2713238596916199,
   0.23798739910125732,
   0.17972615361213684,
   0.2151070088148117,
   0.2010527104139328,
   0.16993696987628937,
   0.18727974593639374,
   0.22362689673900604,
   0.2666703760623932,
   0.1928238868713379,
   0.24045392870903015,
   0.29082030057907104,
   0.29089266061782837,
   0.3234592378139496,
   0.26665568351745605,
   0.203434556722641,
   0.3418169617652893,
   0.26722249388694763,
   0.3051387667655945,
   0.20345930755138397,
   0.5670393109321594
  ],
  "freq_deviation_abs_mean": [
   0.3592599928379059,
   0.2424011528491974,
   0.2619277536869049,
   0.24600884318351746,
   0.2309776246547699,
   0.22381260991096497,
   0.22906622290611267,
   0.22765704989433289,
   0.22200143337249756,
   0.25472593307495117,
   0.23926126956939697,
   0.2549155354499817,
   0.22581294178962708,
   0.26529282331466675,
   0.29881373047828674,
   0.3449792265892029,
   0.2658841013908386,
   0.30556899309158325,
   0.3163025975227356,
   0.3474838137626648,
   0.3049493134021759,
   0.3438572287559509,
   0.33789899945259094,
   0.4055449068546295,
   0.3625618517398834,
   0.3610214591026306,
   0.362460196018219,
   0.3514173626899719,
   0.33605796098709106,
   0.3439328074455261,
   0.34644898772239685,
   0.3644346594810486,
   0.3653413653373718,
   0.36736613512039185,
   0.37766775488853455,
   0.3821223974227905,
   0.34396958351135254,
   0.38063815236091614,
   0.3631666600704193,
   0.3697671890258789,
   0.3817078471183777,
   0.36839479207992554,
   0.3507343828678131,
   0.3587387800216675,
   0.3687017560005188,
   0.36776986718177795,
   0.3612856864929199,
   0.3657240867614746,
   0.3713599741458893,
   0.4243165850639343,
   0.4252553880214691,
   0.41969794034957886,
   0.4066457748413086,
   0.45424991846084595,
   0.417336642742157,
   0.41981372237205505,
   0.40548640489578247,
   0.42723745107650757,
   0.40295785665512085,
   0.4767638146877289,
   0.4412117004394531
  ]
 },
 "top_units_by_amp_modulation_max": [
  {
   "unit": 1063,
   "max_amp_mod": 5.2563886642456055,
   "argmax_sublayer": 0
  },
  {
   "unit": 711,
   "max_amp_mod": 5.033914089202881,
   "argmax_sublayer": 58
  },
  {
   "unit": 1274,
   "max_amp_mod": 4.65240478515625,
   "argmax_sublayer": 61
  },
  {
   "unit": 404,
   "max_amp_mod": 4.606414318084717,
   "argmax_sublayer": 0
  },
  {
   "unit": 929,
   "max_amp_mod": 4.564998149871826,