{
 "position": 24,
 "sequence_aa": "N",
 "substrate_file": "/Users/djbray/Desktop/esm2/esm2_substrate_facebook_esm2_t33_650M_UR50D/substrate.npz",
 "n_sublayers": 62,
 "n_units": 1280,
 "depth_profiles": {
  "amp_mean": [
   9.533721923828125,
   5.295005798339844,
   5.433712959289551,
   4.285340309143066,
   4.378182888031006,
   3.7901554107666016,
   3.868818759918213,
   3.4903647899627686,
   3.5492312908172607,
   3.3441720008850098,
   3.4217171669006348,
   3.2818684577941895,
   3.416726589202881,
   3.4020488262176514,
   3.5876026153564453,
   3.544806957244873,
   3.9187865257263184,
   4.325464725494385,
   4.232810974121094,
   4.015880584716797,
   4.046622276306152,
   3.7225050926208496,
   4.0345778465271,
   3.921149730682373,
   3.7704238891601562,
   3.753082275390625,
   3.724897861480713,
   3.804283857345581,
   3.682046413421631,
   3.7520034313201904,
   3.8302645683288574,
   3.9450736045837402,
   4.002567291259766,
   4.081326484680176,
   4.119487762451172,
   4.302550315856934,
   4.23311710357666,
   4.398445129394531,
   4.282808303833008,
   4.303656101226807,
   4.427193641662598,
   4.450291633605957,
   4.502928256988525,
   4.610383033752441,
   4.6784586906433105,
   4.866473197937012,
   4.862187385559082,
   4.832735538482666,
   4.883662223815918,
   4.883776664733887,
   5.037229061126709,
   5.09722375869751,
   5.352588653564453,
   5.555235385894775,
   5.65677547454834,
   5.641729831695557,
   6.013233184814453,
   6.678567409515381,
   6.7639288902282715,
   7.456693172454834,
   7.9525604248046875,
   11.015673637390137
  ],
  "amp_modulation_mean": [
   1.0922483205795288,
   1.101991891860962,
   1.1114072799682617,
   1.106288194656372,
   1.1215260028839111,
   1.123754858970642,
   1.1332488059997559,
   1.1330642700195312,
   1.1430423259735107,
   1.156678557395935,
   1.1594974994659424,
   1.1706888675689697,
   1.1954208612442017,
   1.231992483139038,
   1.2530760765075684,
   1.2775585651397705,
   1.3622397184371948,
   1.5394078493118286,
   1.405927300453186,
   1.3494019508361816,
   1.3146973848342896,
   1.2013152837753296,
   1.2225265502929688,
   1.1688721179962158,
   1.0993144512176514,
   1.0608232021331787,
   1.04049813747406,
   1.018006443977356,
   0.9880712628364563,
   0.9839299917221069,
   0.9816856384277344,
   0.9743888974189758,
   0.9957073926925659,
   0.9789047241210938,
   0.9895599484443665,
   1.0176887512207031,
   0.9814707040786743,
   0.9909548759460449,
   0.9531755447387695,
   0.9505268335342407,
   0.9730949401855469,
   0.965857207775116,
   0.9608915448188782,
   0.9660069346427917,
   0.9696639776229858,
   1.0071617364883423,
   0.9920310974121094,
   0.9849100112915039,
   0.9783326983451843,
   0.9775539636611938,
   0.9768596887588501,
   0.9848434329032898,
   1.0080450773239136,
   1.0393089056015015,
   1.0222567319869995,
   0.9975120425224304,
   1.025517225265503,
   1.0875403881072998,
   1.0457977056503296,
   1.0750086307525635,
   1.0708601474761963,
   1.0615909099578857
  ],
  "phase_consistency_across_units": [
   0.01021378580480814,
   0.023405879735946655,
   0.011312775313854218,
   0.028891785070300102,
   0.018758462741971016,
   0.04233400151133537,
   0.03257475420832634,
   0.045668795704841614,
   0.03522680327296257,
   0.041296813637018204,
   0.040524743497371674,
   0.03878772258758545,
   0.038811132311820984,
   0.027033019810914993,
   0.028958545997738838,
   0.022076452150940895,
   0.027295241132378578,
   0.01806437037885189,
   0.017714140936732292,
   0.019924035295844078,
   0.012184569612145424,
   0.022816183045506477,
   0.025005102157592773,
   0.022256754338741302,
   0.02782125398516655,
   0.018041856586933136,
   0.013743521645665169,
   0.004464940633624792,
   0.017789039760828018,
   0.011610382236540318,
   0.021123945713043213,
   0.023587211966514587,
   0.01683666557073593,
   0.026814596727490425,
   0.02215166762471199,
   0.01991586945950985,
   0.027593465521931648,
   0.023710638284683228,
   0.0290816780179739,
   0.027556508779525757,
   0.020948359742760658,
   0.024355623871088028,
   0.014140126295387745,
   0.021838879212737083,
   0.023718703538179398,
   0.01919052004814148,
   0.019146939739584923,
   0.010223702527582645,
   0.01835184544324875,
   0.023239100351929665,
   0.02924185059964657,
   0.031165700405836105,
   0.027082091197371483,
   0.020290754735469818,
   0.02936551347374916,
   0.025275368243455887,
   0.017597774043679237,
   0.011036778800189495,
   0.008615470491349697,
   0.02179073914885521,
   0.019124748185276985,
   0.018185652792453766
  ],
  "freq_mean": [
   0.17980095744132996,
   0.02726258896291256,
   0.15140315890312195,
   0.055333416908979416,
   0.15570102632045746,
   0.06226315349340439,
   0.15390563011169434,
   0.05126529932022095,
   0.12700006365776062,
   0.0649653896689415,
   0.1415768563747406,
   0.06953759491443634,
   0.14626193046569824,
   0.1166471391916275,
   0.1574525088071823,
   0.1019124984741211,
   0.30106425285339355,
   0.3339557349681854,
   0.20785614848136902,
   0.2830050587654114,
   0.2104223072528839,
   0.15854376554489136,
   0.323371022939682,
   0.1500348597764969,
   0.22511133551597595,
   0.14122125506401062,
   0.22353704273700714,
   0.15619631111621857,
   0.17590050399303436,
   0.16146740317344666,
   0.19426576793193817,
   0.17676076292991638,
   0.2117762565612793,
   0.17990317940711975,
   0.2743820548057556,
   0.21215081214904785,
   0.21205469965934753,
   0.22784486413002014,
   0.17011484503746033,
   0.20790787041187286,
   0.2187938690185547,
   0.18066945672035217,
   0.20535166561603546,
   0.2113911360502243,
   0.22295692563056946,
   0.25796809792518616,
   0.19602473080158234,
   0.21425597369670868,
   0.20755568146705627,
   0.21017102897167206,
   0.2317369282245636,
   0.18840627372264862,
   0.3109106421470642,
   0.2406071126461029,
   0.2780722975730896,
   0.12985971570014954,
   0.3305812478065491,
   0.22699370980262756,
   0.29743391275405884,
   0.19535279273986816,
   0.5005902051925659
  ],
  "freq_deviation_abs_mean": [
   0.357469379901886,
   0.22886505722999573,
   0.2522977888584137,
   0.24461612105369568,
   0.24100585281848907,
   0.23020780086517334,
   0.22567419707775116,
   0.228311687707901,
   0.22876346111297607,
   0.2514016628265381,
   0.22854122519493103,
   0.2582261562347412,
   0.25949880480766296,
   0.3180592656135559,
   0.3478187620639801,
   0.3698844313621521,
   0.4336358606815338,
   0.5096374154090881,
   0.4476810395717621,
   0.44695597887039185,
   0.41276663541793823,
   0.4173254370689392,
   0.4114975035190582,
   0.4056626260280609,
   0.35862332582473755,
   0.37970733642578125,
   0.3551384508609772,
   0.36139288544654846,
   0.32159703969955444,
   0.3475763201713562,
   0.3600127100944519,
   0.3553386926651001,
   0.3622511327266693,
   0.3774932324886322,
   0.38553133606910706,
   0.40504711866378784,
   0.3656538426876068,
   0.3752705454826355,
   0.37967148423194885,
   0.3692282736301422,
   0.37591248750686646,
   0.3761010766029358,
   0.3726905882358551,
   0.3749989867210388,
   0.3759458065032959,
   0.3582592010498047,
   0.36439815163612366,
   0.3588964343070984,
   0.37810954451560974,
   0.3670009672641754,
   0.36188873648643494,
   0.42240944504737854,
   0.4067845940589905,
   0.4337765574455261,
   0.38536620140075684,
   0.46747738122940063,
   0.42743557691574097,
   0.46345749497413635,
   0.4220697283744812,
   0.4744793772697449,
   0.43325749039649963
  ]
 },
 "top_units_by_amp_modulation_max": [
  {
   "unit": 738,
   "max_amp_mod": 5.252020359039307,
   "argmax_sublayer": 17
  },
  {
   "unit": 498,
   "max_amp_mod": 5.089664459228516,
   "argmax_sublayer": 19
  },
  {
   "unit": 411,
   "max_amp_mod": 4.69412088394165,
   "argmax_sublayer": 16
  },
  {
   "unit": 17,
   "max_amp_mod": 4.601698398590088,
   "argmax_sublayer": 18
  },
  {
   "unit": 327,
   "max_amp_mod": 4.588581562042236,