{
 "position": 42,
 "sequence_aa": "L",
 "substrate_file": "/home/dbrayjr5/esm2-osc/esm2_substrate_facebook_esm2_t33_650M_UR50D/substrate.npz",
 "n_sublayers": 62,
 "n_units": 1280,
 "validity_floor": {
  "quantile": 0.1,
  "absolute_value": 2.7328476905822754,
  "n_valid_cells": 71424,
  "n_total_cells": 79360,
  "fraction_valid": 0.9
 },
 "depth_profiles": {
  "amp_modulation_mean": [
   1.4675060510635376,
   1.513612151145935,
   1.5045883655548096,
   1.509298324584961,
   1.517969012260437,
   1.514333724975586,
   1.5138232707977295,
   1.5144230127334595,
   1.5077183246612549,
   1.5145504474639893,
   1.516829490661621,
   1.524592638015747,
   1.534977674484253,
   1.533789873123169,
   1.5563524961471558,
   1.5584083795547485,
   1.5476099252700806,
   1.5751831531524658,
   1.5605666637420654,
   1.594221591949463,
   1.5760456323623657,
   1.6047744750976562,
   1.652591347694397,
   1.7273991107940674,
   1.6596864461898804,
   1.7859646081924438,
   1.7019855976104736,
   1.771583914756775,
   1.7731449604034424,
   1.7061307430267334,
   1.6706825494766235,
   1.4927737712860107,
   1.516240119934082,
   1.3610188961029053,
   1.3372304439544678,
   1.3152339458465576,
   1.3157225847244263,
   1.2897558212280273,
   1.2589443922042847,
   1.262007713317871,
   1.2687562704086304,
   1.2476314306259155,
   1.2499475479125977,
   1.2556886672973633,
   1.234986424446106,
   1.219757318496704,
   1.2302331924438477,
   1.2321068048477173,
   1.2534074783325195,
   1.264211893081665,
   1.284848690032959,
   1.352410078048706,
   1.3261277675628662,
   1.3909528255462646,
   1.3612865209579468,
   1.3891398906707764,
   1.4029347896575928,
   1.4165332317352295,
   1.4072502851486206,
   1.389249563217163,
   1.3418744802474976,
   1.3939810991287231
  ],
  "amp_modulation_mean_valid_only": [
   1.4675060510635376,
   1.513612151145935,
   1.5045883655548096,
   1.509298324584961,
   1.517969012260437,
   1.5089621543884277,
   1.5138232707977295,
   1.4738810062408447,
   1.461391806602478,
   1.4138230085372925,
   1.4455302953720093,
   1.376650094985962,
   1.4610679149627686,
   1.4034334421157837,
   1.5046215057373047,
   1.5094664096832275,
   1.507608413696289,
   1.530112385749817,
   1.5287432670593262,
   1.5611886978149414,
   1.5606963634490967,
   1.5952048301696777,
   1.652591347694397,
   1.7273991107940674,
   1.6596864461898804,
   1.7859646081924438,
   1.7019855976104736,
   1.771583914756775,
   1.7731449604034424,
   1.7061307430267334,
   1.6706825494766235,
   1.4927737712860107,
   1.516240119934082,
   1.3610188961029053,
   1.3372304439544678,
   1.3152339458465576,
   1.3157225847244263,
   1.2897558212280273,
   1.2589443922042847,
   1.262007713317871,
   1.2687562704086304,
   1.2476314306259155,
   1.2499475479125977,
   1.2556886672973633,
   1.234986424446106,
   1.219757318496704,
   1.2302331924438477,
   1.2321068048477173,
   1.2534074783325195,
   1.264211893081665,
   1.284848690032959,
   1.352410078048706,
   1.3261277675628662,
   1.3909528255462646,
   1.3612865209579468,
   1.3891398906707764,
   1.4029347896575928,
   1.4165332317352295,
   1.4072502851486206,
   1.389249563217163,
   1.3418744802474976,
   1.3939810991287231
  ],
  "phase_consistency_across_units": [
   0.011767017655074596,
   0.008927537128329277,
   0.009832623414695263,
   0.018208177760243416,
   0.012609465979039669,
   0.024998385459184647,
   0.0219894889742136,
   0.02359045296907425,
   0.01979612186551094,
   0.017502421513199806,
   0.021952543407678604,
   0.018948497250676155,
   0.01921464502811432,
   0.015364776365458965,
   0.021723086014389992,
   0.005127051845192909,
   0.018015645444393158,
   0.011354138143360615,
   0.017971886321902275,
   0.01140639465302229,
   0.01229542214423418,
   0.008874570019543171,
   0.008795155212283134,
   0.009116437286138535,
   0.009393223561346531,
   0.005174276418983936,
   0.013136937282979488,
   0.0215760450810194,
   0.015834037214517593,
   0.011333289556205273,
   0.019482776522636414,
   0.013770830817520618,
   0.011272122152149677,
   0.02362913079559803,
   0.014425789937376976,
   0.003197641344740987,
   0.007556593511253595,
   0.008367870934307575,
   0.015836121514439583,
   0.017723262310028076,
   0.009152675978839397,
   0.01969861425459385,
   0.011796558275818825,
   0.011566895991563797,
   0.007209621835500002,
   0.005102989729493856,
   0.007959689944982529,
   0.010812700726091862,
   0.01078796572983265,
   0.0034392736852169037,
   0.0007391964318230748,
   0.0043547083623707294,
   0.0066648321226239204,
   0.008295838721096516,
   0.0068750279024243355,
   0.006904088892042637,
   0.016007492318749428,
   0.011532378382980824,
   0.010317272506654263,
   0.010475199669599533,
   0.005982656963169575,
   0.011967181228101254
  ],
  "freq_mean": [
   0.14652976393699646,
   0.02530069276690483,
   0.15264716744422913,
   0.04390376806259155,
   0.14276115596294403,
   0.05300222709774971,
   0.12663747370243073,
   0.044155485928058624,
   0.10045289993286133,
   0.05843089148402214,
   0.11108021438121796,
   0.06652992963790894,
   0.12393622100353241,
   0.06356795132160187,
   0.1689908802509308,
   0.045819006860256195,
   0.15201270580291748,
   0.06666658818721771,
   0.19219465553760529,
   0.08949388563632965,
   0.17011837661266327,
   0.06809885054826736,
   0.2671639025211334,
   0.1440599262714386,
   0.23531846702098846,
   0.21615806221961975,
   0.19469498097896576,
   0.28448349237442017,
   0.21232037246227264,
   0.2669866681098938,
   0.20830102264881134,
   0.20557892322540283,
   0.2288774996995926,
   0.13574573397636414,
   0.17682094871997833,
   0.13579344749450684,
   0.21500396728515625,
   0.16745026409626007,
   0.18746154010295868,
   0.17425918579101562,
   0.18806390464305878,
   0.13658252358436584,
   0.23655164241790771,
   0.21071748435497284,
   0.18491768836975098,
   0.17113599181175232,
   0.18762457370758057,
   0.15557003021240234,
   0.2068338692188263,
   0.17547336220741272,
   0.25202488899230957,
   0.23062801361083984,
   0.2667946219444275,
   0.22937211394309998,
   0.2598966062068939,
   0.21021442115306854,
   0.28279778361320496,
   0.22823671996593475,
   0.33273741602897644,
   0.12955114245414734,
   0.4890259802341461
  ],
  "freq_deviation_abs_mean": [
   0.3067590594291687,
   0.19018052518367767,
   0.20889601111412048,
   0.20266695320606232,
   0.19049794971942902,
   0.20210537314414978,
   0.20056533813476562,
   0.20175151526927948,
   0.17826217412948608,
   0.20066618919372559,
   0.2005433589220047,
   0.2052571028470993,
   0.19232690334320068,
   0.25256723165512085,
   0.25389745831489563,
   0.2756648659706116,
   0.23372216522693634,
   0.2852741479873657,
   0.277538001537323,
   0.3206198215484619,
   0.28174933791160583,
   0.32399243116378784,
   0.31619471311569214,
   0.3560841381549835,
   0.33303940296173096,
   0.35849595069885254,
   0.33653703331947327,
   0.34137022495269775,
   0.33791986107826233,
   0.3585500419139862,
   0.36506572365760803,
   0.36657488346099854,
   0.33943256735801697,
   0.34648898243904114,
   0.31902623176574707,
   0.3347710371017456,
   0.32535552978515625,
   0.34665369987487793,
   0.3316290080547333,
   0.345996618270874,
   0.35173362493515015,
   0.37934762239456177,
   0.32841411232948303,
   0.34282130002975464,
   0.32393887639045715,
   0.3336849808692932,
   0.33549925684928894,
   0.3503571152687073,
   0.3240855634212494,
   0.3773941397666931,
   0.400259405374527,
   0.4147602915763855,
   0.41113966703414917,
   0.4322911202907562,
   0.38627544045448303,
   0.4242045283317566,
   0.42814674973487854,
   0.4280823767185211,
   0.37598085403442383,
   0.44318413734436035,
   0.4046555459499359
  ],