{
 "position": 64,
 "sequence_aa": "S",
 "substrate_file": "/home/dbrayjr5/esm2-osc/esm2_substrate_facebook_esm2_t33_650M_UR50D/substrate.npz",
 "n_sublayers": 62,
 "n_units": 1280,
 "validity_floor": {
  "quantile": 0.1,
  "absolute_value": 2.7328476905822754,
  "n_valid_cells": 71424,
  "n_total_cells": 79360,
  "fraction_valid": 0.9
 },
 "depth_profiles": {
  "amp_modulation_mean": [
   1.1829593181610107,
   1.189265489578247,
   1.1874130964279175,
   1.1779972314834595,
   1.1856815814971924,
   1.175168752670288,
   1.1773087978363037,
   1.1776212453842163,
   1.1796547174453735,
   1.1755750179290771,
   1.1741136312484741,
   1.169346809387207,
   1.1842107772827148,
   1.1825729608535767,
   1.2132189273834229,
   1.199324607849121,
   1.2075556516647339,
   1.212916374206543,
   1.164991021156311,
   1.188370943069458,
   1.1972533464431763,
   1.1475709676742554,
   1.2232311964035034,
   1.2509269714355469,
   1.1772507429122925,
   1.1299822330474854,
   1.1540491580963135,
   1.1495331525802612,
   1.150423288345337,
   1.1103836297988892,
   1.141124963760376,
   1.133532166481018,
   1.0977617502212524,
   1.066390037536621,
   1.0989339351654053,
   1.1264402866363525,
   1.1126439571380615,
   1.0864008665084839,
   1.0964325666427612,
   1.1514688730239868,
   1.1148089170455933,
   1.123089075088501,
   1.1532684564590454,
   1.162703275680542,
   1.1593929529190063,
   1.1639008522033691,
   1.149491548538208,
   1.1296374797821045,
   1.140077829360962,
   1.1475675106048584,
   1.129865288734436,
   1.1686338186264038,
   1.1621603965759277,
   1.173267126083374,
   1.169676661491394,
   1.1982265710830688,
   1.1821725368499756,
   1.1904698610305786,
   1.2011969089508057,
   1.218841791152954,
   1.20583176612854,
   1.1674349308013916
  ],
  "amp_modulation_mean_valid_only": [
   1.1829593181610107,
   1.189265489578247,
   1.1874130964279175,
   1.1779972314834595,
   1.1856815814971924,
   1.1759098768234253,
   1.1773087978363037,
   1.164494276046753,
   1.164050579071045,
   1.1249638795852661,
   1.132175326347351,
   1.1371468305587769,
   1.1712470054626465,
   1.1663587093353271,
   1.2010931968688965,
   1.2028207778930664,
   1.2007709741592407,
   1.2160676717758179,
   1.1560555696487427,
   1.17626953125,
   1.2022217512130737,
   1.1463277339935303,
   1.2232311964035034,
   1.2509269714355469,
   1.1772507429122925,
   1.1299822330474854,
   1.1540491580963135,
   1.1495331525802612,
   1.150423288345337,
   1.1103836297988892,
   1.141124963760376,
   1.133532166481018,
   1.0977617502212524,
   1.066390037536621,
   1.0989339351654053,
   1.1264402866363525,
   1.1126439571380615,
   1.0864008665084839,
   1.0964325666427612,
   1.1514688730239868,
   1.1148089170455933,
   1.123089075088501,
   1.1532684564590454,
   1.162703275680542,
   1.1593929529190063,
   1.1639008522033691,
   1.149491548538208,
   1.1296374797821045,
   1.140077829360962,
   1.1475675106048584,
   1.129865288734436,
   1.1686338186264038,
   1.1621603965759277,
   1.173267126083374,
   1.169676661491394,
   1.1982265710830688,
   1.1821725368499756,
   1.1904698610305786,
   1.2011969089508057,
   1.218841791152954,
   1.20583176612854,
   1.1674349308013916
  ],
  "phase_consistency_across_units": [
   0.02524055913090706,
   0.033143363893032074,
   0.03501955419778824,
   0.033577144145965576,
   0.020329870283603668,
   0.03633573278784752,
   0.026084866374731064,
   0.03802504390478134,
   0.02800672873854637,
   0.037657734006643295,
   0.022758925333619118,
   0.030332665890455246,
   0.02973191998898983,
   0.018474772572517395,
   0.030852291733026505,
   0.014689549803733826,
   0.022349612787365913,
   0.021237634122371674,
   0.016212789341807365,
   0.022834505885839462,
   0.012986731715500355,
   0.024733731523156166,
   0.017708299681544304,
   0.01131812110543251,
   0.01885831728577614,
   0.021334685385227203,
   0.01064471248537302,
   0.019275706261396408,
   0.011750740930438042,
   0.015326784923672676,
   0.01470937766134739,
   0.024034293368458748,
   0.021116485819220543,
   0.014962205663323402,
   0.015100720338523388,
   0.018047045916318893,
   0.009141280315816402,
   0.008852415718138218,
   0.014897678978741169,
   0.009593050926923752,
   0.011364752426743507,
   0.006199865601956844,
   0.0109464842826128,
   0.010309587232768536,
   0.014532382600009441,
   0.011965280398726463,
   0.002890799194574356,
   0.010349125601351261,
   0.006336832419037819,
   0.00848983321338892,
   0.011997932568192482,
   0.010886634700000286,
   0.015981726348400116,
   0.01235131360590458,
   0.010399539954960346,
   0.008569653145968914,
   0.004350087605416775,
   0.006444753613322973,
   0.011442250572144985,
   0.014891882427036762,
   0.006297762505710125,
   0.010380175895988941
  ],
  "freq_mean": [
   0.16218502819538116,
   0.04325973987579346,
   0.1354231983423233,
   0.06646889448165894,
   0.15031246840953827,
   0.05565590783953667,
   0.15372483432292938,
   0.06456448137760162,
   0.1042267307639122,
   0.0872889831662178,
   0.11407257616519928,
   0.07983952015638351,
   0.1066143661737442,
   0.08481042087078094,
   0.2051607072353363,
   0.09060780704021454,
   0.2014261782169342,
   0.11176896095275879,
   0.18118560314178467,
   0.12608343362808228,
   0.16282081604003906,
   0.10594479739665985,
   0.3050805926322937,
   0.21770906448364258,
   0.17450734972953796,
   0.15813089907169342,
   0.22673936188220978,
   0.22174327075481415,
   0.20163850486278534,
   0.16262097656726837,
   0.25814181566238403,
   0.21032996475696564,
   0.15480223298072815,
   0.1865791380405426,
   0.24399235844612122,
   0.21709945797920227,
   0.23557452857494354,
   0.18957075476646423,
   0.2184489220380783,
   0.24198690056800842,
   0.16484668850898743,
   0.21547941863536835,
   0.2405572235584259,
   0.2553233504295349,
   0.224605530500412,
   0.23815080523490906,
   0.192175030708313,
   0.16818282008171082,
   0.2486259639263153,
   0.1977514624595642,
   0.24810700118541718,
   0.23002807796001434,
   0.2551678419113159,
   0.21141624450683594,
   0.30969667434692383,
   0.2438160926103592,
   0.25765928626060486,
   0.24382595717906952,
   0.3567337393760681,
   0.2256927788257599,
   0.5102565288543701
  ],
  "freq_deviation_abs_mean": [
   0.3418053388595581,
   0.23803313076496124,
   0.2499779760837555,
   0.24341416358947754,
   0.24753694236278534,
   0.2560558319091797,
   0.22464875876903534,
   0.2345450222492218,
   0.2271255999803543,
   0.22299036383628845,
   0.2143476903438568,
   0.24486537277698517,
   0.2288779318332672,
   0.29142114520072937,
   0.3091655969619751,
   0.3525722920894623,
   0.33546632528305054,
   0.339791864156723,
   0.3165740966796875,
   0.38943248987197876,
   0.3434980511665344,
   0.38044747710227966,
   0.38434749841690063,
   0.3918113112449646,
   0.34982985258102417,
   0.35631147027015686,
   0.382510244846344,
   0.37510839104652405,
   0.3329339027404785,
   0.34518834948539734,
   0.3692205548286438,
   0.35787564516067505,
   0.3434351682662964,
   0.3515818119049072,
   0.37077078223228455,
   0.39057010412216187,
   0.3508579730987549,
   0.3741624355316162,
   0.40953749418258667,
   0.3622671961784363,
   0.3606376647949219,
   0.33602213859558105,
   0.3574940860271454,
   0.38930544257164,
   0.39471209049224854,
   0.3678654134273529,
   0.3609229326248169,
   0.37190788984298706,
   0.36153343319892883,
   0.3952387571334839,
   0.3713342547416687,
   0.39008718729019165,
   0.40002575516700745,
   0.4626491069793701,
   0.4486817717552185,
   0.4708222448825836,
   0.41868528723716736,
   0.41443195939064026,
   0.4069415032863617,
   0.46400612592697144,
   0.44043952226638794
  ],