{
  "model": "facebook/esm2_t33_650M_UR50D",
  "device": "mps",
  "n_inputs": 1000,
  "n_sequences_in_corpus": 12614,
  "n_sublayers_used_after_trim": 62,
  "trim_sublayers": 2,
  "d_model": 1280,
  "thresholds": {
    "r_threshold": 0.3,
    "pca_threshold": 0.4,
    "dtheta_threshold_radians": 0.7853981633974483
  },
  "phase_space_classification": {
    "n_oscillator": 1279,
    "n_degenerate": 0,
    "n_other": 1,
    "fraction_oscillator": 0.99921875,
    "fraction_degenerate": 0.0
  },
  "per_unit_aggregates": {
    "r": {
      "abs_mean": 0.1999395191669464,
      "abs_median": 0.20175355672836304
    },
    "A_norm": {
      "abs_mean": 0.20259518921375275,
      "median": -0.20409604907035828
    },
    "R_PCA": {
      "mean": 0.660140872001648,
      "median": 0.6587989926338196
    },
    "dtheta": {
      "deviation_from_pi_over_2": {
        "mean": 0.24304862320423126,
        "median": 0.2448142170906067
      },
      "resultant_length_mean": 0.8108242750167847
    }
  },
  "coupling_spectrum": {
    "fiedler_lambda": 26.572558437523224,
    "top_k_eigvals": [
      26.572559356689453,
      27.686405181884766,
      28.60959243774414,
      28.67009925842285,
      28.734512329101562,
      28.919376373291016,
      28.98790168762207,
      29.054616928100586,
      29.0906982421875,
      29.274625778198242
    ],
    "degree_mean": 47.32929229736328,
    "degree_std": 13.220346450805664,
    "degree_min": 26.563919067382812,
    "degree_max": 178.86972045898438
  },
  "clusters": {
    "n_clusters": 4,
    "sizes_by_label": {
      "0": 237,
      "1": 178,
      "2": 150,
      "3": 715
    }
  },
  "hub_centrality": {
    "top_20_unit_indices": [
      1160,
      745,
      234,
      1233,
      7,
      690,
      736,
      1261,
      52,
      785,
      855,
      173,
      136,
      1167,
      1272,
      1069,
      643,
      428,
      793,
      1048
    ],
    "top_20_centrality": [
      0.003157962579280138,
      0.002942199120298028,
      0.0022409248631447554,
      0.0018503809114918113,
      0.001848719548434019,
      0.0017755283042788506,
      0.0017288654344156384,
      0.0016654995270073414,
      0.0015923739410936832,
      0.0015675071626901627,
      0.0015533734112977982,
      0.001545460196211934,
      0.001532319001853466,
      0.0015209735138341784,
      0.0015176788438111544,
      0.0014905218267813325,
      0.001478363061323762,
      0.0014738470781594515,
      0.0014585424214601517,
      0.0014453858602792025
    ],
    "centrality_min": 0.000404855702072382,
    "centrality_max": 0.003157962579280138
  },
  "tier2_summary": {
    "amp_var_mean": 2.675497055053711,
    "phase_circ_var_mean": 0.8040223121643066,
    "freq_var_mean": 0.5941876769065857,
    "harm2_amp_var_mean": 32.187034606933594
  }
}